id,gender,masterCategory,subCategory,articleType,baseColour,season,year,usage,productDisplayName
15970,Men,Apparel,Topwear,Shirts,Navy Blue,Fall,2011,Casual,Turtle Check Men Navy Blue Shirt
39386,Men,Apparel,Bottomwear,Jeans,Blue,Summer,2012,Casual,Peter England Men Party Blue Jeans
21379,Men,Apparel,Bottomwear,Track Pants,Black,Fall,2011,Casual,Manchester United Men Solid Black Track Pants
53759,Men,Apparel,Topwear,Tshirts,Grey,Summer,2012,Casual,Puma Men Grey T-shirt
1855,Men,Apparel,Topwear,Tshirts,Grey,Summer,2011,Casual,Inkfruit Mens Chain Reaction T-shirt
30805,Men,Apparel,Topwear,Shirts,Green,Summer,2012,Ethnic,Fabindia Men Striped Green Shirt
26960,Women,Apparel,Topwear,Shirts,Purple,Summer,2012,Casual,Jealous 21 Women Purple Shirt
12369,Men,Apparel,Topwear,Shirts,Purple,Fall,2011,Formal,Reid & Taylor Men Check Purple Shirts
42419,Girls,Apparel,Topwear,Tops,White,Summer,2012,Casual,Gini and Jony Girls Knit White Top
51832,Women,Apparel,Innerwear,Bra,Beige,Summer,2016,Casual,Bwitch Beige Full-Coverage Bra BW335
13089,Men,Apparel,Topwear,Sweatshirts,Grey,Fall,2011,Sports,ADIDAS Men Lfc Auth Hood Grey Sweatshirts
7990,Men,Apparel,Topwear,Tshirts,Navy Blue,Fall,2011,Sports,Fila Men's Round Neck Navy Blue T-shirt
37812,Men,Apparel,Topwear,Shirts,Navy Blue,Summer,2012,Formal,John Players Men Navy Blue Shirt
4729,Boys,Apparel,Topwear,Tshirts,Green,Summer,2011,Casual,Disney Kids Boy's Crew Sea Life Sialing Green Teen Kidswear
56825,Men,Apparel,Topwear,Shirts,Brown,Summer,2012,Casual,John Players Men Brown Shirt
20099,Women,Apparel,Topwear,Kurtas,Green,Fall,2011,Ethnic,Diva Women Embroided Green Kurta
3954,Women,Apparel,Topwear,Tshirts,Pink,Summer,2011,Casual,Jealous 21 Women's Pink T-shirt
28690,Women,Apparel,Topwear,Kurtas,Beige,Summer,2012,Ethnic,W Women Printed Beige Kurta
18005,Men,Apparel,Bottomwear,Shorts,Black,Summer,2011,Sports,Puma Men Long Logo Black Bermuda
17871,Men,Apparel,Innerwear,Briefs,Maroon,Winter,2016,Casual,Levis Men Boxer Maroon Brief
9452,Men,Apparel,Topwear,Shirts,Red,Fall,2011,Formal,John Miller Men Stripes White Red Shirts
45856,Women,Apparel,Topwear,Kurtas,Brown,Summer,2012,Ethnic,Vishudh Women Brown Kurta
32138,Men,Apparel,Innerwear,Briefs,Blue,Summer,2016,Casual,Playboy Men Blue Titanium Briefs
5891,Men,Apparel,Topwear,Tshirts,Black,Summer,2011,Casual,Puma Men's Stripe Polo Black T-shirt
38630,Women,Apparel,Topwear,Tshirts,Purple,Summer,2012,Casual,Nike Women Purple Polo T-shirt
4943,Men,Apparel,Topwear,Shirts,White,Summer,2011,Casual,Gini and Jony Boy's Kaleb White Brown Kidswear
10866,Men,Apparel,Topwear,Tshirts,Red,Fall,2011,Casual,Wrangler Men Motor Rider Red T-Shirts
15528,Men,Apparel,Topwear,Tshirts,Black,Fall,2011,Casual,Puma Men Scribble Black Tshirts
54924,Men,Apparel,Bottomwear,Shorts,Blue,Summer,2012,Casual,Do U Speak Green Men Blue Shorts
9660,Men,Apparel,Topwear,Shirts,Pink,Fall,2011,Casual,Indigo Nation Men Reversible Bling Pink Shirts
2288,Women,Apparel,Topwear,Tshirts,Black,Fall,2010,Sports,Nike Women Black T-shirt
23876,Men,Apparel,Topwear,Sweatshirts,Blue,Fall,2011,Casual,ADIDAS Men Blue Sweatshirt
18237,Men,Apparel,Topwear,Tshirts,Red,Fall,2011,Casual,Manchester United Men Solid Red Tshirt
49653,Women,Apparel,Topwear,Tops,Green,Summer,2012,Casual,Mineral Women Green Top
13419,Men,Apparel,Topwear,Tshirts,Pink,Summer,2011,Casual,United Colors of Benetton Men Solid Pink Polo T-shirts
17885,Men,Apparel,Innerwear,Innerwear Vests,Grey,Summer,2016,Casual,Levis Men Comfort Style Grey Innerwear Vest
58513,Women,Apparel,Topwear,Tops,Off White,Summer,2012,Casual,Tonga Women Maroon Top
5865,Men,Apparel,Topwear,Tshirts,Black,Summer,2011,Casual,ADIDAS Men's Twelve Faster T-shirt
25349,Men,Apparel,Innerwear,Briefs,Red,Summer,2016,Casual,Levis Men Red Brief
55802,Women,Apparel,Loungewear and Nightwear,Night suits,White,Summer,2017,Casual,SDL by Sweet Dreams Women Green Printed Night Suit S11-3124
29584,Men,Apparel,Topwear,Tshirts,Black,Summer,2012,Casual,Indigo Nation Men Printed Black T-shirt
28456,Women,Apparel,Bottomwear,Skirts,Blue,Summer,2012,Sports,Urban Yoga Women Blue Skirt With Leggings
34009,Girls,Apparel,Topwear,Tops,Black,Summer,2012,Casual,Gini and Jony Girls Black Top
9694,Men,Apparel,Topwear,Tshirts,White,Fall,2011,Casual,Classic Polo Men Vulcan White Polo Tshirts
15984,Men,Apparel,Topwear,Shirts,Yellow,Fall,2011,Casual,Turtle Check Men Yellow Shirt
59297,Men,Apparel,Topwear,Shirts,White,Fall,2012,Casual,U.S. Polo Assn. Men White & Navy Blue Shirt
28032,Men,Apparel,Innerwear,Briefs,White,Summer,2016,Casual,Jockey ELANCE Men Bikini White Brief 1005
26994,Women,Apparel,Bottomwear,Jeans,Black,Summer,2012,Casual,Jealous 21 Women Black Jeans
54588,Women,Apparel,Topwear,Kurtas,Green,Summer,2012,Ethnic,Sushilas Women Printed Green Kurta
8322,Boys,Apparel,Topwear,Tshirts,Blue,Fall,2011,Casual,Doodle Boy's Route 66 Biker Blue Teen Kidswear
7158,Men,Apparel,Topwear,Shirts,Green,Fall,2011,Casual,Scullers Men  Green Check Shirt
19547,Men,Apparel,Topwear,Sweatshirts,Blue,Fall,2011,Casual,United Colors of Benetton Men Solid Blue Sweatshirt
7964,Men,Apparel,Topwear,Tshirts,Black,Fall,2011,Sports,Puma Men's Large Logo Graphic Black T-shirt
16392,Men,Apparel,Topwear,Shirts,Red,Fall,2011,Casual,Levis Men Check Red Shirts
50587,Men,Apparel,Innerwear,Briefs,Grey,Summer,2016,Casual,Chromozome Men Grey Briefs
17240,Men,Apparel,Topwear,Tshirts,Black,Fall,2011,Casual,U.S. Polo Assn. Men Stripes Black  Polo Tshirt
6617,Men,Apparel,Topwear,Shirts,Black,Summer,2011,Casual,Spykar Men Black and white Check Shirt
3365,Men,Apparel,Topwear,Tshirts,Black,Summer,2011,Casual,Myntra Men's Brain Black T-shirt
30462,Women,Apparel,Innerwear,Bra,Black,Summer,2014,Casual,Lovable Women All Day Long Black Bra
10065,Men,Apparel,Topwear,Tshirts,Yellow,Fall,2011,Casual,Puma Men ducati logo tee Yellow Tshirts
25382,Men,Apparel,Innerwear,Innerwear Vests,White,Summer,2016,Casual,Levis Men White Innerwear Vest
5092,Men,Apparel,Topwear,Tshirts,Purple,Summer,2011,Casual,Wrangler Men's Minstrel Shoulder Loop Purple T-shirt
10859,Men,Apparel,Topwear,Tshirts,Navy Blue,Fall,2011,Casual,Wrangler Men Furious Rides Navy Blue T-Shirts
10257,Men,Apparel,Bottomwear,Trousers,Black,Fall,2011,Formal,John Miller Men Solid Type Black Trousers
24062,Men,Apparel,Topwear,Tshirts,Navy Blue,Summer,2012,Casual,Locomotive Men Navy Blue Printed T-shirt
11385,Women,Apparel,Topwear,Sweatshirts,Black,Fall,2011,Casual,United Colors Of Benetton Women Light Winter Black Sweatshirts
22395,Men,Apparel,Topwear,Shirts,Blue,Fall,2011,Casual,Mark Taylor Men Striped Blue Shirt
31782,Women,Apparel,Topwear,Tops,Blue,Summer,2012,Casual,Lee Women Paula Blue Top
12500,Men,Apparel,Topwear,Shirts,Black,Fall,2011,Casual,United Colors of Benetton Men Short Black Shirts
30650,Men,Apparel,Topwear,Tshirts,Black,Summer,2012,Casual,Nike Men Printed Black T-shirt
32563,Women,Apparel,Bottomwear,Trousers,Blue,Summer,2012,Casual,ONLY Women directoire blue Trousers
40143,Girls,Apparel,Topwear,Tops,Blue,Summer,2012,Casual,Gini and Jony Girls Pretty Blossom Blue Top
24406,Women,Apparel,Topwear,Kurtas,Red,Summer,2012,Ethnic,Vishudh Women Red Printed Kurta
21174,Women,Apparel,Topwear,Tops,Beige,Fall,2011,Casual,s.Oliver Women Stripes Beige Top
15341,Women,Apparel,Bottomwear,Shorts,Pink,Fall,2011,Sports,Nike Women Solid Pink Shorts
53554,Men,Apparel,Innerwear,Boxers,Multi,Summer,2016,Casual,Probase Multicoloured Printed Boxers
14293,Men,Apparel,Topwear,Tshirts,Blue,Fall,2011,Casual,Classic Polo Men Stripes Blue Tshirts
6041,Men,Apparel,Topwear,Tshirts,Navy Blue,Summer,2011,Casual,UCB Men's Polo Neck With Lion Logo Navy Blue T-shirt
23623,Girls,Apparel,Topwear,Tops,Pink,Fall,2011,Casual,Doodle Kids Girls Pink I love Shopping Top
9835,Women,Apparel,Topwear,Tshirts,Grey,Fall,2011,Casual,Little Miss Women Printed Grey T-shirt
7193,Women,Apparel,Bottomwear,Jeans,Black,Fall,2011,Casual,Jealous 21 Women Black Jegging
27283,Women,Apparel,Topwear,Kurtas,Magenta,Fall,2011,Ethnic,Mother Earth Women Magenta Kurta
3533,Men,Apparel,Topwear,Tshirts,Navy Blue,Summer,2011,Casual,Myntra Men's If You Don't Like Navy Blue T-shirt
12164,Women,Apparel,Topwear,Dupatta,Orange,Fall,2011,Ethnic,Aurelia Women Voile Orange Dupatta
17624,Men,Apparel,Bottomwear,Track Pants,Navy Blue,Fall,2011,Sports,ADIDAS Men Solid Navy Blue Track Pant
47154,Girls,Apparel,Bottomwear,Capris,Black,Summer,2012,Casual,Gini and Jony Girls Black Capris
51031,Women,Apparel,Innerwear,Bra,White,Summer,2017,Casual,Enamor White Bra
13284,Men,Apparel,Bottomwear,Shorts,Black,Fall,2011,Casual,Gini and Jony Kids Boys Solid Black Shorts
26163,Men,Apparel,Bottomwear,Trousers,Grey,Summer,2012,Formal,John Miller Men Dark Grey Trousers
3701,Women,Apparel,Topwear,Tshirts,Black,Summer,2011,Casual,Tantra Women Flower Heart Black Long T-shirt
42426,Women,Apparel,Topwear,Kurtas,Sea Green,Summer,2012,Ethnic,Aurelia Women Sea Green Kurta
10401,Women,Apparel,Topwear,Tops,Purple,Fall,2011,Casual,Jealous 21 Women Uaine Purple Tops
40371,Women,Apparel,Bottomwear,Jeans,Navy Blue,Summer,2012,Casual,Tokyo Talkies Women Navy Slim Fit Jeans
37223,Women,Apparel,Topwear,Tops,Blue,Summer,2012,Casual,United Colors of Benetton Women Blue Top
53766,Men,Apparel,Topwear,Tshirts,White,Summer,2012,Casual,Puma Men White and Navy Blue T-shirt
25520,Girls,Apparel,Topwear,Tops,White,Fall,2011,Casual,Doodle Kids Girls City Chic White Top
32597,Women,Apparel,Topwear,Tops,Black,Summer,2012,Casual,ONLY Women Black Top
57100,Women,Apparel,Topwear,Tops,Pink,Summer,2012,Casual,Elle Women Dark Pink Top
50325,Women,Apparel,Topwear,Kurtas,Navy Blue,Summer,2012,Ethnic,Aurelia Women Navy Blue Kurta
16530,Men,Apparel,Topwear,Shirts,Red,Fall,2011,Casual,Locomotive Men Check Red Shirt
7167,Men,Apparel,Topwear,Shirts,Purple,Fall,2011,Casual,Scullers Men Scul Purple White Shirt
46240,Women,Apparel,Topwear,Tunics,White,Summer,2012,Casual,Fusion Beats Women White Printed Tunic
27277,Women,Apparel,Topwear,Kurtas,Green,Fall,2011,Ethnic,Mother Earth Women Blue Kurta
6889,Women,Apparel,Topwear,Jackets,Cream,Summer,2011,Casual,Forever New Women Stone Cream Jacket
31312,Women,Apparel,Topwear,Kurtas,Peach,Summer,2012,Ethnic,W Women Peach Kurta
12190,Men,Apparel,Topwear,Shirts,Blue,Fall,2011,Casual,Basics Men Blue Slim Fit Checked Shirt
19578,Women,Apparel,Topwear,Tops,Purple,Summer,2011,Casual,United Colors of Benetton Women Solid Purple Top
27879,Women,Apparel,Topwear,Tops,Blue,Summer,2012,Casual,Scullers For Her Women Blue Top
6287,Men,Apparel,Topwear,Tshirts,Yellow,Summer,2011,Casual,Classic Polo Men's Swiss Yellow T-shirt
7355,Men,Apparel,Topwear,Tshirts,Navy Blue,Fall,2011,Casual,Tantra Men's Black Sabbath Navy T-shirt
28831,Women,Apparel,Innerwear,Briefs,Brown,Summer,2017,Casual,Enamor Women Pack of 3 Mid-Rise Bikini Brief
43500,Men,Apparel,Topwear,Tshirts,White,Summer,2012,Casual,French Connection Men White T-shirt
13270,Women,Apparel,Topwear,Tops,White,Fall,2011,Casual,Palm Tree Kids Girls Printed White Tops
18698,Men,Apparel,Innerwear,Briefs,Grey,Summer,2016,Casual,Hanes Men Grey Ultimate Duo Dry Cotton Stretch Bikini Briefs
31120,Girls,Apparel,Topwear,Tops,Pink,Summer,2012,Casual,Palm Tree Girls Pink Top
11527,Men,Apparel,Topwear,Tshirts,Olive,Fall,2011,Casual,United Colors of Benetton Men Olive Tshirts
40385,Women,Apparel,Topwear,Tops,Yellow,Summer,2012,Casual,Tokyo Talkies Women Yellow Top
15187,Men,Apparel,Topwear,Tshirts,White,Fall,2011,Casual,Arrow Sport Men Solid White Polo Tshirts
14055,Men,Apparel,Topwear,Shirts,Green,Fall,2011,Casual,Flying Machine Men Check Green Shirts
20260,Men,Apparel,Topwear,Tshirts,Navy Blue,Fall,2011,Casual,Wrangler Men Applique Navy Blue Tshirt
28469,Women,Apparel,Topwear,Tshirts,Pink,Summer,2012,Casual,Urban Yoga Women Printed Pink T-shirt
50573,Men,Apparel,Innerwear,Trunk,Charcoal,Summer,2016,Casual,Chromozome Men Charcoal Trunk Trunks
34036,Boys,Apparel,Topwear,Shirts,Blue,Summer,2012,Casual,Palm Tree Boys Check Blue Shirt
8779,Men,Apparel,Topwear,Shirts,Navy Blue,Fall,2011,Casual,Indigo Nation Men Club Satin Hot Stepper Navy Blue Shirt
2243,Men,Apparel,Topwear,Tshirts,White,Fall,2010,Sports,ADIDAS Men Stripe Polo White Polo T-shirt
30496,Women,Apparel,Innerwear,Bra,Purple,Summer,2014,Casual,Lovable Women Fiona Purple Bra
27421,Women,Apparel,Loungewear and Nightwear,Lounge Pants,Blue,Winter,2015,Casual,Jockey Women Blue Lounge Pants
33213,Women,Apparel,Topwear,Tops,Magenta,Summer,2012,Casual,Sepia Women Printed Magenta Top
39729,Women,Apparel,Topwear,Tops,Olive,Summer,2012,Casual,Arrow Woman Olive Top
25376,Men,Apparel,Innerwear,Innerwear Vests,Grey,Summer,2016,Casual,Levis Men Grey Innerwear T-Shirt
11143,Men,Apparel,Topwear,Shirts,Black,Fall,2011,Casual,Scullers Men Price Catch Black Shirts
44341,Men,Apparel,Topwear,Tshirts,Blue,Summer,2012,Casual,Indian Terrain Men Blue T-shirt
33021,Women,Apparel,Topwear,Kurtas,Cream,Summer,2012,Ethnic,Mother Earth Women Printed Cream Kurta
11371,Men,Apparel,Topwear,Shirts,Black,Fall,2011,Casual,United Colors Of Benetton Men Summer Black Shirts
41401,Women,Apparel,Topwear,Tops,White,Summer,2012,Casual,Wrangler Women White Smocked Top
4386,Men,Apparel,Topwear,Tshirts,Grey,Summer,2011,Casual,Wrangler Cowboy Photo T-shirt
29789,Men,Apparel,Topwear,Tshirts,Pink,Summer,2013,Casual,Basics Men Pack of 3 T-shirt
7503,Men,Apparel,Topwear,Tshirts,Blue,Summer,2011,Sports,Nike Men's As Icon Blue T-shirt
34204,Men,Apparel,Bottomwear,Track Pants,Navy Blue,Fall,2013,Casual,Proline Men Navy Track Pants
13426,Men,Apparel,Topwear,Tshirts,Red,Summer,2011,Casual,United Colors of Benetton Men Stripes Red  Polo T-shirts
13846,Men,Apparel,Topwear,Shirts,Blue,Fall,2011,Casual,John Miller Men Stripes Blue Shirts
46278,Women,Apparel,Topwear,Tunics,Red,Summer,2012,Casual,109F Women Red & White Striped Tunic
16508,Men,Apparel,Bottomwear,Jeans,Blue,Fall,2011,Casual,Locomotive Men Washed Blue Jeans
19540,Men,Apparel,Topwear,Sweaters,Blue,Summer,2011,Casual,United Colors of Benetton Men Solid Blue Sweater
7963,Men,Apparel,Topwear,Tshirts,White,Fall,2011,Sports,Puma Men's Large Logo Graphic White French T-shirt
57138,Women,Apparel,Bottomwear,Trousers,Brown,Summer,2012,Casual,Elle Women Brown Trousers
15983,Men,Apparel,Topwear,Shirts,Burgundy,Fall,2011,Casual,Turtle Solid Men  Burgundy Shirt
20258,Men,Apparel,Topwear,Tshirts,Brown,Fall,2011,Casual,Wrangler Men Polo Charcoal T-shirt
28035,Men,Apparel,Innerwear,Briefs,Grey Melange,Summer,2016,Casual,Jockey ELANCE Men Grey Melange Y Front Briefs 1006
26993,Women,Apparel,Bottomwear,Jeans,Blue,Summer,2012,Casual,Jealous 21 Women Washed Blue Jeans
13248,Men,Apparel,Bottomwear,Trousers,Brown,Fall,2011,Casual,Palm Tree Kids Boy Solid Brown Trousers
43538,Women,Apparel,Topwear,Tops,Blue,Summer,2012,Casual,French Connection Women Blue Top
8325,Boys,Apparel,Topwear,Tshirts,Yellow,Fall,2011,Casual,Doodle Boy's Athletic 77 Dept Yellow Teen Kidswear
31118,Girls,Apparel,Topwear,Tops,Red,Summer,2012,Casual,Gini and Jony Girls Red Top
5862,Men,Apparel,Topwear,Tshirts,Black,Summer,2011,Casual,ADIDAS Men's Stripe Black T-shirt
58726,Men,Apparel,Topwear,Tshirts,Grey,Summer,2012,Casual,Puma Men Grey T-shirt
51499,Women,Apparel,Bottomwear,Jeans,Blue,Summer,2012,Casual,Denizen Women Blue Jeans
55805,Women,Apparel,Loungewear and Nightwear,Night suits,Pink,Summer,2017,Casual,SDL by Sweet Dreams Women Pink & Black Printed Night Suit S11-3134
7709,Women,Apparel,Bottomwear,Jeans,Black,Fall,2011,Casual,Jealous 21 Women's Aaren Black Jegging
28451,Women,Apparel,Bottomwear,Track Pants,Black,Summer,2012,Casual,Urban Yoga Women Black Track Pants
43960,Men,Apparel,Topwear,Shirts,Grey,Summer,2012,Formal,Indigo Nation Men Grey Striped Shirt
8741,Men,Apparel,Topwear,Shirts,Navy Blue,Fall,2011,Casual,Indigo Nation Men Checks Shirt Navy Blue Shirts
27419,Women,Apparel,Loungewear and Nightwear,Lounge Pants,Black,Winter,2015,Casual,Jockey Women Black Lounge Pants
22359,Men,Apparel,Topwear,Shirts,Blue,Summer,2011,Casual,John Players Men Check Blue Shirt
49654,Women,Apparel,Bottomwear,Skirts,Grey,Summer,2012,Casual,Mineral Women Grey Skirt
2049,Men,Apparel,Topwear,Tshirts,White,Summer,2010,Sports,ADIDAS Men's Slim Fit White T-shirt
17882,Men,Apparel,Innerwear,Innerwear Vests,White,Summer,2016,Casual,Levis Men Comfort Style White Innerwear Vest
33019,Women,Apparel,Topwear,Kurtas,Yellow,Summer,2012,Ethnic,Mother Earth Women Printed Yellow Kurta
11349,Men,Apparel,Bottomwear,Jeans,Blue,Summer,2017,Casual,Lee Men Blue Chicago Fit Jeans
24892,Men,Apparel,Topwear,Tshirts,Black,Fall,2011,Casual,United Colors of Benetton Men Black T-shirt
58514,Women,Apparel,Topwear,Tops,Grey,Summer,2012,Casual,Tonga Women Grey Top
38637,Men,Apparel,Topwear,Tshirts,Red,Summer,2012,Casual,Nike Men Red Delhi T-shirt
4944,Men,Apparel,Topwear,Shirts,White,Summer,2011,Casual,Gini and Jony Boy's Kaleb White Brown Infant Kidswear
10861,Men,Apparel,Topwear,Tshirts,White,Fall,2011,Casual,Wrangler Men Dirt Riders White T-Shirts
47508,Men,Apparel,Innerwear,Briefs,Black,Summer,2016,Casual,Facit Men Black Brief
54923,Girls,Apparel,Bottomwear,Capris,Olive,Summer,2012,Casual,Do u speak Green Girls Olive 3/4 Pant
17278,Men,Apparel,Topwear,Tshirts,Grey,Fall,2011,Casual,U.S. Polo Assn. Men Printed  Steeple Grey Tshirt
31588,Men,Apparel,Topwear,Tshirts,Maroon,Summer,2012,Casual,Mark Taylor Men Printed Maroon T-shirt
18230,Men,Apparel,Topwear,Tshirts,White,Fall,2011,Casual,Manchester United Men Printed White Tshirt
23871,Men,Apparel,Topwear,Tshirts,Grey,Fall,2011,Casual,ADIDAS Men Grey Striped T-shirt
9667,Men,Apparel,Topwear,Shirts,Purple,Fall,2011,Casual,Indigo Nation Men Bling Red Black Shirts
3953,Women,Apparel,Topwear,Tshirts,Red,Summer,2011,Casual,Jealous 21 Women's Red Peace T-shirt
28697,Women,Apparel,Topwear,Kurtas,Black,Summer,2012,Ethnic,W Women Printed Black Kurta
12538,Men,Apparel,Bottomwear,Track Pants,Blue,Fall,2011,Casual,Puma Men Solid Blue Track Pants
8587,Men,Apparel,Topwear,Shirts,Red,Fall,2011,Casual,Scullers Men Red Check Shirt
42248,Women,Apparel,Topwear,Tops,Pink,Summer,2012,Casual,Sepia Women Pink Top
17876,Men,Apparel,Innerwear,Innerwear Vests,Grey,Summer,2016,Casual,Levis Men Comfort Style Grey Innerwear Vest
9455,Men,Apparel,Topwear,Shirts,Red,Fall,2011,Formal,John Miller Men Red Striped Shirt
18002,Women,Apparel,Bottomwear,Capris,Black,Summer,2011,Sports,Puma Women Essential Skinny Black 3/4 Pant
32903,Women,Apparel,Bottomwear,Shorts,Red,Summer,2012,Casual,Allen Solly Women Red Shorts
6079,Men,Apparel,Topwear,Tshirts,Grey,Summer,2011,Casual,UCB Men's Johny Collar With Two Tone Grey T-shirt
29321,Men,Apparel,Topwear,Tshirts,Black,Summer,2012,Sports,ADIDAS Men Black Jersey
26369,Women,Apparel,Topwear,Shirts,Blue,Summer,2012,Casual,Arrow Woman Blue Shirt
33489,Men,Apparel,Topwear,Shirts,Green,Summer,2012,Casual,Doodle Kids Boy Check Green Shirt
56822,Men,Apparel,Bottomwear,Trousers,Beige,Summer,2012,Casual,John Players Men Beige Shorts
40947,Boys,Apparel,Topwear,Tshirts,Red,Summer,2012,Casual,Gini and Jony Boys Core Red T-shirt
39381,Men,Apparel,Bottomwear,Jeans,Black,Summer,2012,Casual,Peter England Men Party Black Jeans
15977,Men,Apparel,Topwear,Shirts,Red,Fall,2011,Casual,Turtle Solid Men Red Shirt
32769,Men,Apparel,Topwear,Tshirts,Blue,Spring,2013,Casual,Music Men Printed Blue T-shirt
10439,Men,Apparel,Topwear,Tshirts,Brown,Fall,2011,Casual,Flying Machine Men Walnut Brown Tshirts
14099,Women,Apparel,Topwear,Tops,Pink,Fall,2011,Casual,Flying Machine Women Solid Pink Tops
1852,Men,Apparel,Topwear,Tshirts,Blue,Summer,2011,Casual,Inkfruit Men Ride It Or Die T-shirt
30802,Men,Apparel,Topwear,Shirts,Blue,Summer,2012,Ethnic,Fabindia Men Blue Shirt
51009,Women,Apparel,Innerwear,Bra,Rose,Summer,2017,Casual,Enamor Rose Full Figure Bra FF07
26967,Women,Apparel,Topwear,Tops,Navy Blue,Summer,2012,Casual,Jealous 21 Women Check Navy Blue Top
27089,Women,Apparel,Topwear,Kurtas,Brown,Summer,2012,Ethnic,Aneri Women Jazz Brown Kurta
51835,Women,Apparel,Innerwear,Briefs,Red,Summer,2016,Casual,Bwitch Red Lace  Briefs
19786,Men,Apparel,Topwear,Tshirts,Navy Blue,Winter,2016,Casual,U.S. Polo Assn. Men Solid Navy Blue Tshirt
24091,Men,Apparel,Topwear,Tshirts,Navy Blue,Fall,2011,Casual,Manchester United Men Navy Blue Striped T-shirt
33026,Women,Apparel,Topwear,Kurtas,Pink,Fall,2012,Ethnic,Mother Earth Women Pink Kurta
41406,Women,Apparel,Topwear,Tshirts,Pink,Summer,2012,Casual,Wrangler Women Pink T-shirt
11376,Women,Apparel,Topwear,Tops,Grey,Fall,2011,Casual,United Colors Of Benetton Women Light Winter Grey Tops
4381,Men,Apparel,Topwear,Tshirts,Blue,Summer,2011,Casual,Superman Men's Silhouette Light Blue T-shirt
7504,Women,Apparel,Topwear,Tshirts,Pink,Summer,2011,Sports,Nike Women's Smash Pink T-shirt
22366,Men,Apparel,Topwear,Tshirts,White,Fall,2011,Casual,Ed Hardy Men New Tiger White T-Shirt
34203,Men,Apparel,Bottomwear,Track Pants,Charcoal,Winter,2013,Casual,Proline Men Charcoal Grey Track Pants
13421,Men,Apparel,Topwear,Tshirts,Black,Summer,2011,Casual,United Colors of Benetton Men Stripes Black Polo T-shirts
27614,Men,Apparel,Bottomwear,Trousers,Beige,Summer,2012,Casual,Scullers Men Beige Trousers
16361,Men,Apparel,Topwear,Shirts,Maroon,Fall,2011,Formal,Peter England Men Stripes Maroon Shirt
46411,Men,Apparel,Topwear,Sweatshirts,Black,Summer,2012,Casual,ADIDAS Men Black Sweatshirt
34031,Boys,Apparel,Topwear,Shirts,Blue,Summer,2012,Casual,Gini and Jony Boys Check Blue Shirt
50574,Men,Apparel,Innerwear,Trunk,Charcoal,Summer,2016,Casual,Chromozome Men Pack of Two Trunks
31543,Men,Apparel,Topwear,Tshirts,Navy Blue,Summer,2012,Casual,Classic Polo Men Striped Navy Blue T-shirt
13613,Men,Apparel,Innerwear,Innerwear Vests,Red,Summer,2016,Casual,Hanes Men Sleeveless V Neck Red Innerwear T-shirt
27426,Women,Apparel,Bottomwear,Shorts,Grey Melange,Winter,2015,Casual,Jockey Women Grey Melange Shorts
2244,Women,Apparel,Topwear,Tshirts,Black,Fall,2010,Casual,ADIDAS Women's Black T-shirt
33214,Women,Apparel,Topwear,Tunics,Black,Summer,2012,Casual,Sepia Women Printed Black & Green Tunic
11144,Men,Apparel,Topwear,Shirts,Black,Fall,2011,Casual,Scullers Men Price Catch Black Shirts
25371,Men,Apparel,Innerwear,Innerwear Vests,Maroon,Summer,2016,Casual,Levis Men Maroon Innerwear Vest
58719,Women,Apparel,Topwear,Kurtas,Off White,Summer,2012,Ethnic,ALayna Women Off White  Kurta
6280,Men,Apparel,Topwear,Tshirts,Pink,Summer,2011,Casual,UCB Men's Making Light Pink T-shirt
7352,Men,Apparel,Topwear,Tshirts,Purple,Fall,2011,Casual,Tantra Men's Whatever Purple T-shirt
2620,Men,Apparel,Topwear,Tshirts,Blue,Fall,2010,Sports,Nike Men's Colors Team India T-shirt
43507,Men,Apparel,Topwear,Tshirts,Maroon,Summer,2012,Casual,French Connection Men Maroon T-shirt
28836,Women,Apparel,Topwear,Kurtas,Multi,Summer,2012,Ethnic,BIBA Women Printed Multi Coloured Kurta
11520,Women,Apparel,Bottomwear,Jeans,Black,Fall,2011,Casual,United Colors of Benetton Women Denim Black Jeans
40382,Women,Apparel,Topwear,Tops,Pink,Summer,2012,Casual,Tokyo Talkies Women Pink Top
57335,Women,Apparel,Innerwear,Bra,White,Winter,2015,Casual,Amante White Bra BCSO01
14052,Men,Apparel,Topwear,Shirts,White,Fall,2011,Casual,Flying Machine Men Solid White Shirts
53795,Men,Apparel,Topwear,Tshirts,Black,Summer,2012,Casual,Puma Men Black T-shirt
39178,Women,Apparel,Topwear,Kurtas,Blue,Summer,2012,Ethnic,Aneri Women Blue & Brown Printed Kurta
32590,Women,Apparel,Bottomwear,Shorts,Brown,Summer,2012,Casual,ONLY Women Brown Shorts
11712,Men,Apparel,Topwear,Shirts,Blue,Summer,2011,Casual,Lee Men Solid Blue Shirts
25527,Women,Apparel,Topwear,Shirts,Green,Summer,2012,Casual,Wrangler Women Stella Green Shirt
57107,Women,Apparel,Topwear,Tops,Olive,Summer,2012,Casual,Elle Women Green Essentials Top
50322,Women,Apparel,Topwear,Kurtas,Black,Summer,2012,Ethnic,Aurelia Women Black Kurta
13879,Men,Apparel,Topwear,Shirts,Red,Fall,2011,Casual,Scullers Men Check Red Shirts
46247,Women,Apparel,Topwear,Tunics,Pink,Summer,2012,Casual,Fusion Beats Women Dark Pink Tunic
7160,Women,Apparel,Topwear,Tunics,Purple,Fall,2011,Casual,Scullers For Her Women Fashion Summer Lite Aubergine Tunics
27270,Women,Apparel,Topwear,Kurtas,Maroon,Fall,2011,Ethnic,Mother Earth Women Printed Maroon Kurta
12197,Men,Apparel,Topwear,Tshirts,Orange,Summer,2013,Casual,Basics Men Orange Polo T-shirt
31315,Women,Apparel,Topwear,Kurtas,Brown,Summer,2012,Ethnic,W Women Brown Kurta
6274,Women,Apparel,Topwear,Tshirts,Green,Summer,2011,Casual,UCB Women's Crystal Benetton Green T-shirt
47153,Girls,Apparel,Bottomwear,Capris,Pink,Summer,2012,Casual,Gini and Jony Girls Pink Capris
17623,Men,Apparel,Bottomwear,Track Pants,Grey,Fall,2011,Sports,ADIDAS Men Solid Grey Track Pant
51036,Women,Apparel,Loungewear and Nightwear,Nightdress,Lime Green,Summer,2017,Casual,Enamor Women Lavender Nightdress
26958,Women,Apparel,Topwear,Shirts,Teal,Summer,2012,Casual,Jealous 21 Women Teal Shirt
13283,Men,Apparel,Topwear,Shirts,Blue,Fall,2011,Casual,Gini and Jony Kids Boys Check Blue Shirts
3706,Men,Apparel,Topwear,Tshirts,Grey,Summer,2011,Casual,Classic Polo Men's Grey Red & Brown Stripe T-shirt
26164,Men,Apparel,Bottomwear,Trousers,Grey,Summer,2012,Formal,John Miller Men Striped Grey Trousers
40376,Women,Apparel,Topwear,Tops,Yellow,Summer,2012,Casual,Tokyo Talkies Women Yellow Top
15174,Men,Apparel,Topwear,Tshirts,Yellow,Fall,2013,Casual,Arrow Men Yellow Polo T-shirt
53761,Men,Apparel,Topwear,Tshirts,Green,Summer,2012,Casual,Puma Men Green and Blue T-shirt
37224,Women,Apparel,Topwear,Shirts,Purple,Summer,2012,Casual,United Colors of Benetton Women Purple Shirt
32564,Women,Apparel,Bottomwear,Trousers,Orange,Summer,2012,Casual,ONLY Women Orange Trousers
24401,Women,Apparel,Topwear,Kurtas,Brown,Summer,2012,Ethnic,Vishudh Women Brown Printed Kurta
40144,Girls,Apparel,Topwear,Tops,Pink,Summer,2012,Casual,Gini and Jony Girls Pretty Blossom Pink Top
59069,Women,Apparel,Innerwear,Bra,White,Summer,2017,Casual,Peri Peri Women White Bra
15346,Men,Apparel,Topwear,Tshirts,Black,Fall,2011,Casual,Nike Men Special Edition 3 Star Beed Black Tshirts
21173,Women,Apparel,Topwear,Shirts,Grey,Fall,2011,Casual,s.Oliver Women Grey Shirt
40978,Boys,Apparel,Topwear,Tshirts,Red,Summer,2012,Casual,Gini and Jony Boys United Red T-shirt
14294,Men,Apparel,Topwear,Tshirts,Black,Fall,2011,Casual,Classic Polo Men Stripes Black Tshirts
9832,Women,Apparel,Topwear,Tshirts,Orange,Fall,2011,Casual,Little Miss Women Printed Rust T-shirt
23624,Girls,Apparel,Topwear,Tops,White,Fall,2011,Casual,Doodle Kids Girls White I love Shopping Top
6046,Men,Apparel,Topwear,Shirts,Green,Summer,2011,Casual,UCB Men Logo Chest Green Shirt
34693,Girls,Apparel,Bottomwear,Shorts,Pink,Summer,2012,Casual,Allen Solly Kids Girls Poplin Pink Shorts
7194,Women,Apparel,Topwear,Tops,White,Fall,2011,Casual,Jealous 21 Women's BFF Printed White Top
51204,Women,Apparel,Innerwear,Bra,Peach,Summer,2017,Casual,Enamor Women Peach Bra
27284,Women,Apparel,Topwear,Kurtas,Brown,Fall,2011,Ethnic,Mother Earth Women Dark Brown Kurta
12163,Women,Apparel,Bottomwear,Leggings,Purple,Fall,2011,Ethnic,Aurelia Women Solid Purple Leggings
3534,Women,Apparel,Topwear,Tshirts,Black,Summer,2011,Casual,Myntra Women's I Want You Black T-shirt
24065,Men,Apparel,Topwear,Shirts,Green,Fall,2011,Casual,Locomotive Men Checked Green Shirt
1607,Men,Apparel,Bottomwear,Track Pants,Blue,Fall,2010,Sports,Reebok Men trackpant- male Track Pants
11382,Women,Apparel,Topwear,Tshirts,Grey,Fall,2011,Casual,United Colors Of Benetton Women Light Winter Grey T-Shirts
4375,Men,Apparel,Topwear,Tshirts,Navy Blue,Summer,2011,Casual,Marvel Comics Men's Comic Poses Navy T-shirt
22392,Women,Apparel,Topwear,Tops,White,Fall,2011,Casual,ADIDAS Women Whalf Striper White Top
23240,Women,Apparel,Topwear,Kurtas,Blue,Fall,2011,Ethnic,Aneri Women Ashna Blue Kurta
31785,Women,Apparel,Topwear,Tops,Navy Blue,Summer,2012,Casual,Lee Women Katie Navy Blue Top
17849,Women,Apparel,Topwear,Tshirts,Grey,Fall,2011,Casual,Flying Machine Women This & That Grey Tshirt
29548,Men,Apparel,Topwear,Tshirts,Navy Blue,Summer,2012,Casual,Classic Polo Men Printed Navy Blue T-shirt
16395,Men,Apparel,Topwear,Shirts,Black,Fall,2011,Casual,Levis Men Check Black Shirts
51452,Women,Apparel,Topwear,Tops,White,Summer,2012,Casual,Tonga Women White & Pink Top
6610,Men,Apparel,Topwear,Tshirts,White,Summer,2011,Casual,Spykar Men's Stinger Basket Ball Team White Blue Stripes T-shirt
17247,Men,Apparel,Topwear,Tshirts,Blue,Fall,2011,Casual,U.S. Polo Assn. Men Stripes Blue Polo Tshirt
23072,Men,Apparel,Bottomwear,Trousers,Navy Blue,Winter,2014,Formal,Arrow Men Navy Blue Solid Trousers
3362,Men,Apparel,Topwear,Tshirts,Black,Summer,2011,Casual,Myntra Men's Creative designs Black T-shirt
30465,Women,Apparel,Innerwear,Bra,Black,Summer,2014,Casual,Lovable Women All Day Long Black Bra
9658,Men,Apparel,Topwear,Shirts,Maroon,Fall,2011,Casual,Indigo Nation Men Reversible Bling Maroon Shirt
38608,Men,Apparel,Topwear,Tshirts,Grey,Summer,2012,Casual,Nike Men Grey T-shirt
10062,Men,Apparel,Topwear,Tshirts,Grey,Fall,2011,Casual,Puma Men Puma runhard tee Grey Tshirts
25385,Men,Apparel,Innerwear,Briefs,Navy Blue,Summer,2016,Casual,Levis Men Navy Blue Briefs
5095,Men,Apparel,Topwear,Tshirts,Blue,Summer,2011,Casual,Wrangler Men's Greensboro Raw Edge Blue T-shirt
21725,Men,Apparel,Topwear,Sweatshirts,Navy Blue,Fall,2011,Casual,ADIDAS Men Navy Blue Sweatshirt
34038,Boys,Apparel,Topwear,Shirts,Red,Summer,2012,Casual,Gini and Jony Boys Check Red Shirt
28467,Women,Apparel,Topwear,Tshirts,Rust,Summer,2012,Casual,Urban Yoga Women Printed Rust T-shirt
16368,Men,Apparel,Bottomwear,Trousers,Charcoal,Fall,2011,Formal,Peter England Men Stripes Charcoal Trouser
30498,Women,Apparel,Innerwear,Bra,Brown,Summer,2012,Casual,Lovable Women Fiona Brown Bra
8777,Men,Apparel,Topwear,Shirts,Blue,Fall,2011,Casual,Indigo Nation Men Price catch Blue Shirts
25378,Men,Apparel,Innerwear,Innerwear Vests,Beige,Summer,2016,Casual,Levis Men Beige Innerwear T-shirt
4986,Men,Apparel,Topwear,Tshirts,Red,Summer,2011,Sports,ADIDAS Men Bayern Munchen Red Jersey
39727,Women,Apparel,Topwear,Shirts,Blue,Summer,2012,Formal,Arrow Woman Blue Shirt
4388,Men,Apparel,Topwear,Tshirts,Green,Summer,2011,Casual,DC Comics Lantern Arrow All Over Green T-shirt
2843,Men,Apparel,Topwear,Tshirts,Pink,Summer,2011,Casual,Mr.Men Men's Mr.Mischief Pink T-shirt
3991,Men,Apparel,Topwear,Tshirts,White,Summer,2011,Casual,Mr.Men Men's Wave Rider White T-shirt
29787,Men,Apparel,Topwear,Tshirts,White,Summer,2013,Casual,Basics Men White T-shirt
13428,Men,Apparel,Topwear,Tshirts,White,Summer,2011,Casual,United Colors of Benetton Men Printed White Tshirts
19112,Men,Apparel,Topwear,Tshirts,Grey,Summer,2016,Casual,Campbell Men Pack of 3 Solid Tshirts
32599,Women,Apparel,Topwear,Tops,Black,Summer,2012,Casual,ONLY Women Black Top
39171,Women,Apparel,Topwear,Kurtas,Pink,Summer,2012,Ethnic,Aneri Women Pink & White Kurta
57932,Men,Apparel,Topwear,Tshirts,White,Summer,2012,Casual,French Connection Men White T-shirt
40985,Boys,Apparel,Topwear,Tshirts,White,Summer,2012,Casual,Gini and Jony Boys United White T-shirt
59094,Women,Apparel,Innerwear,Bra,Black,Summer,2017,Casual,Peri Peri Women Black Bra
7169,Men,Apparel,Topwear,Shirts,Blue,Fall,2011,Casual,Scullers Men Scul Navy Blue Shirt
13870,Men,Apparel,Topwear,Shirts,Beige,Fall,2011,Casual,Scullers Men Stripes Beige Shirts
19576,Women,Apparel,Topwear,Tops,White,Summer,2011,Casual,United Colors of Benetton Women White Top
7955,Men,Apparel,Topwear,Tshirts,Grey,Fall,2011,Sports,Puma Men's Foundation Grey Polo T-shirt
27279,Women,Apparel,Topwear,Kurtas,Blue,Fall,2011,Ethnic,Mother Earth Women Blue Kurta
6887,Women,Apparel,Topwear,Jackets,Blue,Summer,2011,Casual,Forever New Women Indigo Wash Blue Jacket
27877,Women,Apparel,Topwear,Shirts,Navy Blue,Summer,2012,Casual,Scullers For Her Women Printed Navy Blue Shirt
6289,Men,Apparel,Topwear,Tshirts,Brown,Summer,2011,Casual,Classic Polo Classic Polo Swiss Brown Tee T-Shirt
28003,Men,Apparel,Innerwear,Briefs,White,Summer,2016,Casual,Jockey ZONE Men Zone White Brief US18
19744,Men,Apparel,Topwear,Jackets,Green,Fall,2011,Casual,ADIDAS Originals Men Solid Green Jacket
18696,Men,Apparel,Innerwear,Briefs,Black,Summer,2016,Casual,Hanes Men Black Ultimate Duo Dry Cotton Stretch Bikini Briefs
11529,Men,Apparel,Topwear,Sweaters,Grey,Fall,2011,Casual,United Colors Of Benetton Men Heavy Winter Grey Sweaters
1890,Men,Apparel,Topwear,Tshirts,Red,Winter,2010,Casual,FIFA Mens Essentials Red T-shirt
15189,Men,Apparel,Topwear,Tshirts,Green,Fall,2011,Casual,Arrow Sport Men Solid Green Polo Tshirts
39185,Women,Apparel,Topwear,Kurtas,Khaki,Summer,2012,Ethnic,Aneri Women Khaki Kurta
59060,Women,Apparel,Topwear,Kurtas,Red,Summer,2012,Ethnic,Global Desi Women Multi Coloured Kurta
4718,Girls,Apparel,Topwear,Tshirts,Yellow,Summer,2011,Casual,Disney Kids Girl's Summer Fun Fair Yellow Teen Kidswear
56814,Women,Apparel,Topwear,Kurtis,Multi,Summer,2012,Ethnic,Aneri Women Multi Coloured Kurti
13884,Men,Apparel,Topwear,Shirts,Black,Fall,2011,Casual,Scullers Men Check Black Shirts
19582,Men,Apparel,Topwear,Tshirts,Grey,Summer,2011,Casual,United Colors of Benetton Men Printed Grey TShirt
26951,Women,Apparel,Topwear,Tshirts,Teal,Summer,2012,Casual,Jealous 21 Women Printed Teal T-shirt
27883,Women,Apparel,Topwear,Tshirts,Pink,Summer,2012,Casual,Scullers For Her Women Pink Shirt
30834,Women,Apparel,Topwear,Kurtas,Blue,Summer,2012,Ethnic,Fabindia Women Blue Kurta
42428,Women,Apparel,Topwear,Kurtas,Brown,Summer,2012,Ethnic,Aurelia Women Brown & Orange Kurta
12358,Men,Apparel,Topwear,Shirts,Cream,Fall,2011,Formal,Reid & Taylor Men Solid Cream Shirts
9235,Men,Apparel,Topwear,Shirts,Blue,Fall,2011,Formal,Mark Taylor Men Plain Blue Shirts
53768,Men,Apparel,Topwear,Tshirts,Blue,Summer,2012,Casual,Puma Men Blue T-shirt
54915,Men,Apparel,Topwear,Tshirts,Cream,Summer,2012,Casual,Do u speak Cream Men T-shirt
50589,Men,Apparel,Innerwear,Briefs,Navy Blue,Summer,2016,Casual,Chromozome Men Navy Blue Briefs
9651,Men,Apparel,Topwear,Shirts,Green,Fall,2011,Casual,Indigo Nation Men Checks Green Shirts
8783,Men,Apparel,Topwear,Shirts,Red,Fall,2011,Casual,Indigo Nation Men Bling PC Red Shirt
4972,Men,Apparel,Topwear,Shirts,Green,Summer,2011,Casual,Gini and Jony Boy's Kangaroo Green White Kidswear
38601,Men,Apparel,Topwear,Tshirts,Red,Summer,2012,Casual,Nike Men Printed Red T-shirt
10857,Men,Apparel,Topwear,Tshirts,White,Fall,2011,Casual,Wrangler Men Rider Striper Polo White T-Shirts
10259,Men,Apparel,Bottomwear,Trousers,Black,Fall,2011,Formal,John Miller Men Reglur Black Trousers
59404,Women,Apparel,Topwear,Tops,Blue,Fall,2012,Casual,Tokyo Talkies Women Blue Top
3965,Women,Apparel,Topwear,Tops,White,Summer,2011,Casual,Jealous 21 Women White Sleeveless Top
29773,Men,Apparel,Topwear,Shirts,Green,Summer,2012,Casual,Wrangler Men Green Striped Shirt
9463,Men,Apparel,Topwear,Shirts,White,Fall,2011,Formal,John Miller Men White Shirt
20251,Men,Apparel,Topwear,Tshirts,Grey,Fall,2011,Casual,Wrangler Men Heavy Grey Tshirt
14064,Men,Apparel,Topwear,Tshirts,Red,Fall,2011,Casual,Flying Machine Men Pack of 2 Stripes Red Blue Tshirts
5433,Men,Apparel,Topwear,Tshirts,Red,Summer,2011,Casual,Nike Men's Speed Fury Red T-shirt
59299,Men,Apparel,Topwear,Shirts,Blue,Fall,2012,Casual,U.S. Polo Assn. Men Striped Blue Shirt
27848,Women,Apparel,Topwear,Tshirts,Navy Blue,Summer,2012,Casual,Scullers For Her Navy Blue T-shirt
31111,Boys,Apparel,Bottomwear,Jeans,Black,Summer,2012,Casual,Gini and Jony Boys Solid Black Jeans
13241,Men,Apparel,Topwear,Jackets,White,Fall,2011,Casual,Palm Tree Kids Boys Solid White Jackets
54586,Women,Apparel,Topwear,Kurtas,Green,Summer,2012,Ethnic,Sushilas Women Printed Green Kurta
43531,Women,Apparel,Topwear,Tops,Off White,Summer,2012,Casual,French Connection Women Off White Top
7156,Men,Apparel,Topwear,Shirts,Black,Fall,2011,Casual,Scullers Men Black Check Shirt
16501,Men,Apparel,Topwear,Tshirts,Brown,Fall,2011,Casual,Locomotive Men Printed Brown TShirt
6084,Men,Apparel,Topwear,Tshirts,White,Summer,2011,Casual,UCB Men's Johny Collar With Two Tone White T-shirt
19549,Men,Apparel,Topwear,Sweatshirts,Grey,Fall,2011,Casual,United Colors of Benetton Men Solid Grey Sweatshirt
31323,Women,Apparel,Topwear,Kurtas,White,Summer,2012,Ethnic,Aurelia Women Printed Red Kurta
57131,Women,Apparel,Topwear,Tops,Teal,Summer,2012,Casual,Elle Women Teal Top
40186,Women,Apparel,Topwear,Kurtis,Black,Summer,2012,Ethnic,Mumbai Slang Women Pink & Black Kurti
11724,Women,Apparel,Topwear,Shirts,Red,Fall,2011,Casual,Lee Women Check Red Shirts
52443,Women,Apparel,Loungewear and Nightwear,Nightdress,Green,Winter,2015,Casual,Red Rose White & Green Nightdress
34235,Men,Apparel,Topwear,Tshirts,Cream,Summer,2013,Casual,Proline Men Cream-Coloured Polo T-Shirt
7532,Men,Apparel,Topwear,Tshirts,Blue,Summer,2011,Sports,Nike Men's Encourage Blue T-shirt
22350,Men,Apparel,Topwear,Shirts,Blue,Fall,2011,Casual,John Players Men Check Blue Shirt
2040,Men,Apparel,Topwear,Tshirts,White,Fall,2010,Casual,ADIDAS Mens Fire White Polo T-shirt
13417,Men,Apparel,Topwear,Shirts,Blue,Summer,2011,Casual,United Colors of Benetton Men Solid Blue Shirts
27622,Men,Apparel,Bottomwear,Trousers,Grey,Summer,2012,Casual,Scullers Men Grey Trousers
3192,Men,Apparel,Topwear,Tshirts,Black,Summer,2011,Casual,Tantra Men's Prism Black T-shirt
11340,Men,Apparel,Bottomwear,Jeans,Blue,Summer,2017,Casual,Lee Men Blue Chicago Fit Jeans
36562,Men,Apparel,Topwear,Tshirts,White,Summer,2012,Casual,Jack & Jones Men Dino White T-shirt
11172,Men,Apparel,Topwear,Sweaters,Red,Fall,2011,Casual,Scullers Men Stripes Red Sweaters
25347,Men,Apparel,Innerwear,Briefs,White,Summer,2016,Casual,Levi's Men White Brief
39718,Women,Apparel,Topwear,Tops,Beige,Summer,2012,Casual,Arrow Woman Beige Top
41602,Men,Apparel,Topwear,Shirts,Navy Blue,Summer,2012,Casual,Basics Men Navy Shirt
33222,Women,Apparel,Topwear,Tunics,Brown,Summer,2012,Casual,Sepia Women Brown Tunic
34007,Girls,Apparel,Topwear,Tops,Pink,Summer,2012,Casual,Gini and Jony Girls Pink Top
50542,Men,Apparel,Innerwear,Briefs,Red,Summer,2016,Casual,Chromozome Men Red Briefs
17285,Men,Apparel,Topwear,Tshirts,Black,Fall,2011,Casual,U.S. Polo Assn. Men Solid Black  polo Tshirt
28458,Women,Apparel,Bottomwear,Capris,Blue,Summer,2012,Sports,Urban Yoga Women Blue Capris
16357,Men,Apparel,Topwear,Shirts,Blue,Fall,2011,Formal,Peter England Men Stripes Blue Shirt
7700,Women,Apparel,Topwear,Tops,Pink,Fall,2011,Casual,Jealous 21 Women's All Girls Dying Jealousy Pink Top
27410,Women,Apparel,Loungewear and Nightwear,Lounge Pants,Multi,Summer,2018,Casual,Jockey Women Assorted Lounge Pants
2272,Men,Apparel,Topwear,Tshirts,Blue,Fall,2010,Sports,Nike Mens Blue Polo T-shirt
8748,Men,Apparel,Topwear,Shirts,Orange,Fall,2011,Casual,Indigo Nation Men Plain Orange Shirts
16191,Men,Apparel,Topwear,Tshirts,White,Fall,2011,Casual,Puma Men Graphic White TShirt
12531,Women,Apparel,Topwear,Sweatshirts,Pink,Fall,2011,Casual,Puma Women Solid Pink Sweatshirts
42241,Women,Apparel,Topwear,Tops,Purple,Summer,2012,Casual,Sepia Women Purple Top
24053,Men,Apparel,Topwear,Tshirts,Charcoal,Fall,2011,Casual,Locomotive Men Printed Charcoal T-shirt
10054,Boys,Apparel,Topwear,Tshirts,Blue,Summer,2011,Sports,Reebok Kids Kkr Boy's Premium Blue Jerseys
17271,Men,Apparel,Topwear,Tshirts,Grey,Fall,2011,Casual,U.S. Polo Assn. Men Stripes DK.Grey Polo Tshirt
23044,Women,Apparel,Bottomwear,Leggings,Brown,Fall,2011,Casual,Arrow Woman Brown Jeggings
51464,Women,Apparel,Topwear,Tops,Olive,Summer,2012,Casual,Tonga Women Olive Top
30453,Men,Apparel,Bottomwear,Jeans,White,Summer,2012,Casual,Deni Yo Men White Jeans
2286,Men,Apparel,Topwear,Sweatshirts,Black,Fall,2010,Sports,Nike Men Black Sweatshirt
31581,Men,Apparel,Topwear,Tshirts,Blue,Summer,2012,Casual,Mark Taylor Men Printed Blue T-shirt
3354,Men,Apparel,Topwear,Tshirts,White,Summer,2011,Casual,Myntra Men's I Give 100 Percent Work White T-shirt
10430,Men,Apparel,Topwear,Shirts,Blue,Fall,2011,Casual,Flying Machine Men Ydc Blue Shirts
56225,Men,Apparel,Loungewear and Nightwear,Night suits,Black,Summer,2016,Casual,SDL by Sweet Dreams Men Black & Grey Pyjama Set
39388,Men,Apparel,Bottomwear,Jeans,Black,Summer,2012,Casual,Peter England Men Black Jeans
14090,Men,Apparel,Topwear,Tshirts,Blue,Fall,2011,Casual,Flying Machine Men Stripes Blue Polo Tshirts
37212,Men,Apparel,Topwear,Shirts,Pink,Summer,2012,Casual,United Colors of Benetton Men Pink Shirt
45632,Men,Apparel,Innerwear,Briefs,Grey Melange,Summer,2016,Casual,Park Avenue Men Grey Melange Briefs
51000,Women,Apparel,Innerwear,Bra,Maroon,Summer,2018,Casual,Enamor Maroon Bra FB06
6242,Women,Apparel,Topwear,Tshirts,Purple,Summer,2011,Casual,Lee Women's Rihana Purple T-shirt
17615,Boys,Apparel,Topwear,Tshirts,White,Fall,2011,Casual,Doodle Boys living Upto White Tshirt
3730,Men,Apparel,Topwear,Tshirts,Yellow,Summer,2011,Sports,CSK Mens Fangear Yellow Jersey
26152,Men,Apparel,Bottomwear,Trousers,Grey,Summer,2012,Formal,John Miller Men Striped Grey Trousers
12367,Men,Apparel,Topwear,Shirts,White,Fall,2011,Formal,Reid & Taylor Men White Shirt
54572,Women,Apparel,Topwear,Kurtas,Pink,Summer,2012,Ethnic,Sushilas Women Multi Coloured Kurta
51232,Women,Apparel,Topwear,Kurtas,Green,Fall,2012,Ethnic,Satya Paul Women Green Printed Kaftan
9804,Men,Apparel,Topwear,Shirts,Black,Fall,2011,Formal,John Miller Men Black Checks Shirts
6070,Women,Apparel,Topwear,Tshirts,Blue,Summer,2011,Casual,UCB Women's Young Pigment Blue T-shirt
26360,Women,Apparel,Topwear,Tshirts,Grey,Summer,2012,Casual,Arrow Woman Grey T-shirt
12155,Women,Apparel,Bottomwear,Leggings,Beige,Fall,2011,Ethnic,Aurelia Women Solid Beige Leggings
3502,Women,Apparel,Topwear,Tshirts,Black,Fall,2010,Sports,ADIDAS Women's Black T-shirt
10602,Men,Apparel,Topwear,Tshirts,Red,Fall,2011,Sports,Nike Men Football Soccer Red Jerseys
20097,Women,Apparel,Topwear,Kurtas,White,Fall,2011,Ethnic,Diva Women Printed White Kurta
15370,Women,Apparel,Topwear,Sweatshirts,Pink,Fall,2011,Casual,Urban Yoga Women Solid Pink Sweatshirts
21145,Women,Apparel,Topwear,Shirts,Black,Fall,2011,Casual,s.Oliver Women Printed Black Shirt
4727,Boys,Apparel,Topwear,Tshirts,Blue,Summer,2011,Casual,Disney Kids Boy's Regatta Annual Blue Teen Kidswear
1609,Women,Apparel,Topwear,Sweatshirts,Pink,Fall,2010,Sports,Reebok Women Boat-Neck Wildberry Sweatshirt
59403,Women,Apparel,Topwear,Tshirts,White,Fall,2012,Casual,Tokyo Talkies Women White T-shirt
29774,Men,Apparel,Topwear,Shirts,Purple,Summer,2012,Casual,Wrangler Men Purple Striped Shirt
3962,Women,Apparel,Topwear,Tops,Black,Summer,2011,Casual,Jealous 21 Women Black Shimmery Falling Neck Top
9464,Men,Apparel,Topwear,Shirts,White,Fall,2011,Formal,John Miller Men  White Shirt
17249,Men,Apparel,Topwear,Tshirts,Blue,Fall,2011,Casual,U.S. Polo Assn. Men Printed Limoges Blue Tshirt
29546,Men,Apparel,Topwear,Tshirts,Black,Summer,2012,Casual,Classic Polo Men Black T-shirt
9656,Men,Apparel,Topwear,Shirts,Maroon,Fall,2011,Casual,Indigo Nation Men Bling Technification Red Black Shirts
18201,Men,Apparel,Topwear,Jackets,Olive,Fall,2011,Casual,Nike Men Casual Olive Jacket
4975,Men,Apparel,Topwear,Tshirts,Red,Summer,2011,Casual,Gini and Jony Boy's Kent Pack of 3 Tee Kidswear
38606,Men,Apparel,Topwear,Tshirts,White,Summer,2012,Casual,Nike Men Printed Boxed White T-shirt
10850,Men,Apparel,Topwear,Tshirts,Blue,Fall,2011,Casual,Wrangler Men Famous Filafil Blue T-Shirts
26956,Women,Apparel,Topwear,Tops,Black,Summer,2012,Casual,Jealous 21 Women Black Top
51038,Women,Apparel,Innerwear,Briefs,Lavender,Summer,2017,Casual,Enamor Women Lupine Coloured Briefs
30833,Women,Apparel,Topwear,Kurtas,Beige,Summer,2012,Ethnic,Fabindia Women Beige Kurta
27884,Women,Apparel,Topwear,Shirts,Blue,Summer,2012,Formal,Scullers For Her Blue Shirt
3708,Men,Apparel,Topwear,Tshirts,Navy Blue,Summer,2011,Casual,Classic Polo Men's Navy Grey Stripe T-shirt
10408,Women,Apparel,Topwear,Tops,Black,Fall,2011,Casual,United Colors of Benetton Women Solid Black Tops
1863,Men,Apparel,Topwear,Tshirts,Black,Summer,2011,Casual,Inkfruit Men Night Wolf T-shirt
39182,Women,Apparel,Topwear,Kurtas,Magenta,Summer,2012,Ethnic,Aneri Women Magenta & Black Kurta
41098,Women,Apparel,Topwear,Tops,Cream,Summer,2012,Casual,Allen Solly Woman Cream Top
56813,Women,Apparel,Topwear,Kurtis,Multi,Summer,2012,Ethnic,Aneri Women Multi Coloured Kurti
59067,Women,Apparel,Innerwear,Bra,Black,Summer,2017,Casual,Peri Peri Women Black Bra
15348,Men,Apparel,Topwear,Tshirts,Black,Fall,2011,Casual,Nike Men Special Edition 3 Star Polo Black Tshirts
12951,Men,Apparel,Topwear,Shirts,Blue,Fall,2011,Casual,Basics Men Blue Slim Fit Checked Shirt
6048,Men,Apparel,Topwear,Shirts,Black,Summer,2011,Casual,UCB Men Ben Logo Black Shirt
13883,Men,Apparel,Topwear,Shirts,Purple,Fall,2011,Casual,Scullers Men Check Purple Shirts
19585,Women,Apparel,Topwear,Tops,Blue,Summer,2011,Casual,United Colors of Benetton Women Solid Blue Top
28004,Men,Apparel,Innerwear,Trunk,Black,Summer,2016,Casual,Jockey ZONE Men Black Modern Trunks US19
27870,Women,Apparel,Topwear,Shirts,White,Fall,2012,Smart Casual,Scullers For Her Women White Striped Shirt
8314,Men,Apparel,Topwear,Shirts,Blue,Summer,2011,Casual,Locomotive Men Check Lafayette Blue Shirts
18691,Men,Apparel,Innerwear,Trunk,Black,Summer,2016,Casual,Hanes Men Black Modern Duo Dry Cotton Stretch Trunks
39344,Men,Apparel,Topwear,Tshirts,Green,Fall,2012,Casual,Mr. Men Green T-shirt
1897,Men,Apparel,Topwear,Tshirts,Blue,Winter,2010,Sports,FIFA Men Germany Blue Jersey
57109,Women,Apparel,Topwear,Tunics,Blue,Summer,2012,Casual,Elle Women Blue Tunic
25529,Men,Apparel,Topwear,Shirts,White,Summer,2012,Casual,Wrangler Men Griffith White Shirt
39176,Women,Apparel,Topwear,Kurtas,Purple,Summer,2012,Ethnic,Aneri Women Purple Kurta
40982,Boys,Apparel,Topwear,Tshirts,White,Summer,2012,Casual,Gini and Jony Boys Core White T-shirt
59093,Women,Apparel,Innerwear,Bra,White,Summer,2017,Casual,Peri Peri Women White Bra
16539,Men,Apparel,Topwear,Shirts,White,Fall,2011,Casual,Basics Men White Slim Fit Striped Shirt
46249,Women,Apparel,Topwear,Tunics,Pink,Summer,2012,Ethnic,Fusion Beats Women Dark Pink Tunic
13877,Men,Apparel,Topwear,Shirts,Maroon,Fall,2011,Casual,Scullers Men Solid Maroon Shirts
19571,Men,Apparel,Topwear,Tshirts,Black,Summer,2011,Casual,United Colors of Benetton Men Printed Black TShirt
12199,Men,Apparel,Topwear,Tshirts,Blue,Summer,2015,Casual,Basics Men Blue Polo T-shirt
7952,Men,Apparel,Topwear,Tshirts,Black,Fall,2011,Sports,Puma Men's Knit Polo Black  Polo T-shirt
6880,Women,Apparel,Topwear,Jackets,Black,Summer,2011,Casual,Forever New Women Long Black Jacket
11378,Men,Apparel,Topwear,Shirts,White,Fall,2011,Formal,United Colors of Benetton Men Summer White Shirts
41408,Women,Apparel,Topwear,Tops,Red,Summer,2012,Casual,Wrangler Women Red Stay Gold Tee Top
33028,Women,Apparel,Topwear,Kurtas,Blue,Summer,2012,Ethnic,Mother Earth Women Printed Blue Kurta
2844,Men,Apparel,Topwear,Tshirts,Navy Blue,Summer,2011,Casual,Mr.Men Men's Mr.Busy Navy T-shirt
29780,Men,Apparel,Bottomwear,Trousers,Black,Summer,2013,Casual,Basics Men Black Trousers
22368,Men,Apparel,Topwear,Tshirts,Peach,Fall,2011,Casual,Ed Hardy Men Diving Dragon Peach T-Shirt
2078,Women,Apparel,Topwear,Tshirts,Black,Fall,2010,Sports,ADIDAS Women Fitted Black T-shirt
19115,Men,Apparel,Topwear,Tshirts,White,Summer,2016,Casual,Campbell Men Pack of 3 Solid Tshirts
28460,Women,Apparel,Bottomwear,Shorts,Pink,Summer,2012,Sports,Urban Yoga Women Pink Shorts
23088,Men,Apparel,Bottomwear,Trousers,Grey,Fall,2011,Casual,Arrow Sport Men Dk.Grey Brown Trousers
27428,Women,Apparel,Topwear,Tshirts,Black,Fall,2015,Casual,Jockey Women Black V-neck T-Shirt
19327,Men,Apparel,Topwear,Sweatshirts,Navy Blue,Fall,2011,Casual,Myntra Men Solid Blue Sweatshirt
44348,Men,Apparel,Topwear,Shirts,Brown,Summer,2012,Casual,Indian Terrain Men Brown Check Shirt
46282,Women,Apparel,Topwear,Tunics,Yellow,Summer,2012,Casual,109F Women Yellow Tunic
9803,Women,Apparel,Topwear,Tunics,Navy Blue,Fall,2011,Casual,Scullers For Her Women Scullers Top Navy Blue Tops
12152,Women,Apparel,Topwear,Kurtis,Purple,Fall,2011,Ethnic,Aurelia Women Printed Purple Kurti
26367,Women,Apparel,Topwear,Shirts,Lavender,Summer,2012,NA,Arrow Woman Lavender Shirt
33487,Men,Apparel,Topwear,Shirts,Red,Summer,2012,Casual,Doodle Kids Boy Check Red Shirt
40949,Boys,Apparel,Topwear,Tshirts,White,Summer,2012,Casual,Gini and Jony Boys Around the World White T-shirt
4720,Girls,Apparel,Topwear,Tshirts,Yellow,Summer,2011,Casual,Disney Kids Girl's Fun In The Fair Yellow Teen Kidswear
21142,Women,Apparel,Topwear,Tops,Grey,Fall,2011,Casual,s.Oliver Women Grey Top
59058,Women,Apparel,Topwear,Kurtis,Black,Summer,2010,Ethnic,Global Desi Women Black Kurti
10437,Men,Apparel,Topwear,Shirts,Green,Fall,2011,Casual,Flying Machine Men HS Green Shirts
24602,Women,Apparel,Topwear,Kurtas,Blue,Fall,2011,Ethnic,BIba Women Blue Printed Kurta
32767,Men,Apparel,Topwear,Shirts,White,Summer,2012,Formal,John Miller Men Striped White Shirt
56222,Men,Apparel,Loungewear and Nightwear,Night suits,Blue,Summer,2016,Casual,SDL by Sweet Dreams Men Blue & Grey Pyjama Set
37215,Men,Apparel,Topwear,Shirts,Grey,Summer,2012,Casual,United Colors of Benetton Men Grey Shirt
14097,Men,Apparel,Topwear,Tshirts,Blue,Fall,2011,Casual,Flying Machine Men Blue Polo Tshirts
53750,Women,Apparel,Bottomwear,Track Pants,Grey,Summer,2012,Casual,ADIDAS Women Dark Grey Track Pant
15145,Men,Apparel,Topwear,Shirts,Navy Blue,Fall,2011,Casual,Arrow Sport Men Printed Navy Blue Shirts
45635,Men,Apparel,Innerwear,Briefs,White,Summer,2016,Casual,Park Avenue Men White Briefs FB003
26969,Women,Apparel,Topwear,Tops,White,Summer,2012,Casual,Jealous 21 Women Printed White & Blue Top
51007,Women,Apparel,Innerwear,Bra,Black,Summer,2017,Casual,Enamor Black Full Figure Bra
17612,Girls,Apparel,Topwear,Tshirts,Grey,Fall,2011,Casual,Doodle Cute Girls  Grey Tshirt
6245,Men,Apparel,Topwear,Tshirts,Grey,Summer,2011,Casual,UCB Men's Contrast Logo Grey T-shirt
19788,Men,Apparel,Topwear,Tshirts,Green,Winter,2016,Casual,U.S. Polo Assn. Men Solid Green Tshirt
12360,Men,Apparel,Topwear,Shirts,Black,Fall,2011,Formal,Reid & Taylor Men Solid Black Shirts
26155,Men,Apparel,Bottomwear,Trousers,Grey,Summer,2012,Formal,John Miller Men Striped Grey Trousers
42410,Men,Apparel,Innerwear,Briefs,White,Summer,2016,Casual,Basics Men White Hip Brief
27087,Women,Apparel,Topwear,Kurtas,Black,Summer,2012,Ethnic,Aneri Women Egyptian Black Kurta
54575,Women,Apparel,Topwear,Kurtas,Maroon,Summer,2012,Ethnic,Sushilas Women Printed Maroon Kurta
56646,Women,Apparel,Topwear,Kurtis,White,Fall,2012,Ethnic,Mumbai Slang Women White Kurti
10053,Women,Apparel,Topwear,Tshirts,Pink,Summer,2011,Casual,Gini And Jony Vini Romper Pink T-Shirts
24266,Men,Apparel,Topwear,Tshirts,Red,Summer,2012,Casual,Quiksilver Men Red T-shirt
38639,Men,Apparel,Topwear,Tshirts,Blue,Summer,2012,Casual,Nike Men Blue Cricket Blue Polo Tshirt
23043,Women,Apparel,Bottomwear,Leggings,Blue,Fall,2011,Casual,Arrow Woman Blue Jeggings
17276,Men,Apparel,Topwear,Tshirts,Mustard,Fall,2011,Casual,U.S. Polo Assn. Men Printed Mustard Tshirt
47506,Men,Apparel,Innerwear,Innerwear Vests,Blue,Summer,2016,Casual,Facit Men Blue Innerwear Vest
51463,Women,Apparel,Topwear,Tops,Black,Summer,2012,Casual,Tonga Women Black Top
9669,Men,Apparel,Topwear,Shirts,Blue,Fall,2011,Casual,Indigo Nation Men Checks Blue Shirts
31586,Men,Apparel,Topwear,Tshirts,Yellow,Summer,2012,Casual,Mark Taylor Men Printed Yellow T-shirt
3353,Men,Apparel,Topwear,Tshirts,Blue,Summer,2011,Casual,Myntra Men's I am a nice guy Navy Blue T-shirt
28699,Women,Apparel,Topwear,Kurtas,Pink,Summer,2012,Ethnic,W Women Printed  Light Pink Kurta
16196,Men,Apparel,Topwear,Jackets,Red,Fall,2011,Sports,Puma Men Heroes Red Jackets
17878,Men,Apparel,Innerwear,Innerwear Vests,Maroon,Summer,2016,Casual,Levis Men Comfort Style Maroon Innerwear Vest
8589,Men,Apparel,Topwear,Shirts,Blue,Fall,2011,Casual,Scullers Men Scul Blue Shirts
12536,Women,Apparel,Topwear,Sweatshirts,Black,Fall,2011,Casual,Puma Women Solid Black Sweatshirts
10261,Men,Apparel,Bottomwear,Trousers,Brown,Fall,2011,Formal,John Miller Men Slim Brown Trousers
24054,Men,Apparel,Topwear,Tshirts,Blue,Fall,2011,Casual,Locomotive Men Printed Blue T-shirt
41605,Men,Apparel,Topwear,Shirts,Grey,Fall,2012,Casual,Basics Men Grey Shirt
25340,Men,Apparel,Innerwear,Trunk,Beige,Summer,2016,Casual,Levis Men Beige Boxer Trunks
11175,Men,Apparel,Topwear,Sweaters,White,Fall,2011,Casual,Scullers Men Stripes White Sweaters
58728,Women,Apparel,Topwear,Tshirts,Pink,Summer,2012,Casual,Puma Women Pink T-shirt
50545,Men,Apparel,Innerwear,Briefs,Black,Summer,2016,Casual,Chromozome Men Pack of Two Briefs
17282,Men,Apparel,Topwear,Tshirts,Black,Fall,2011,Casual,U.S. Polo Assn. Men Printed Black Tshirt
34000,Women,Apparel,Topwear,Tops,Black,Summer,2012,Casual,Femella Women Black Top
7707,Women,Apparel,Bottomwear,Jeans,Black,Fall,2011,Casual,Jealous 21 Women's Abbie Black Jegging
16350,Men,Apparel,Topwear,Shirts,Cream,Fall,2011,Formal,Peter England Men Stripes Cream Shirt
51497,Women,Apparel,Bottomwear,Jeans,Navy Blue,Summer,2012,Casual,Denizen Women Navy Blue Jeans
2275,Men,Apparel,Topwear,Tshirts,White,Fall,2010,Sports,Nike Mens Challenger Graphic White T-shirt
27417,Women,Apparel,Bottomwear,Capris,Blue,Winter,2015,Casual,Jockey Women Blue Relaxed Capris
34232,Men,Apparel,Topwear,Tshirts,Grey,Summer,2013,Casual,Proline Men Grey T-shirt
22357,Men,Apparel,Topwear,Shirts,Black,Fall,2011,Casual,John Players Men Solid Black Shirt
7535,Men,Apparel,Topwear,Tshirts,Blue,Summer,2011,Sports,Nike Men's Blue Polo T-shirt
27625,Men,Apparel,Bottomwear,Shorts,Grey,Summer,2012,Casual,Scullers Men Grey Shorts
13410,Men,Apparel,Topwear,Shirts,Blue,Summer,2011,Casual,United Colors of Benetton Men Solid Blue Shirts
2047,Men,Apparel,Topwear,Tshirts,Navy Blue,Fall,2010,Sports,ADIDAS Men's Navy Blue T-shirt
11347,Men,Apparel,Bottomwear,Jeans,Blue,Summer,2017,Casual,Lee Men Elvira Rinse Blue Chicago Fit Jeans
33017,Women,Apparel,Topwear,Kurtas,Green,Summer,2012,Ethnic,Mother Earth Women Striped Green Kurta
45097,Women,Apparel,Innerwear,Bra,Pink,Winter,2015,Casual,Bwitch Pink Ruby Bra
16506,Men,Apparel,Bottomwear,Jeans,Blue,Fall,2011,Casual,Locomotive Men Washed Blue Jeans
7151,Women,Apparel,Topwear,Shirts,Black,Fall,2011,Casual,Scullers For Her Women Rivited Check Black Shirts
46276,Women,Apparel,Topwear,Tops,Cream,Summer,2012,Casual,109F Women Cream Printed Top
13848,Men,Apparel,Topwear,Tshirts,Blue,Fall,2011,Casual,United Colors of Benetton Men Solid Blue Polo Tshirts
6083,Women,Apparel,Topwear,Tshirts,Pink,Summer,2011,Casual,UCB Women's Halftone Print Pink T-shirt
31324,Women,Apparel,Topwear,Kurtas,Blue,Summer,2012,Ethnic,Aurelia Women Printed Blue Kurta
57136,Women,Apparel,Bottomwear,Trousers,Black,Summer,2012,Casual,Elle Women Black Trousers
25516,Boys,Apparel,Topwear,Tshirts,Red,Fall,2011,Casual,Doodle Kids Boys Airfeild Red T-Shirt
39149,Women,Apparel,Topwear,Kurtas,Red,Summer,2012,Ethnic,Aneri Women Red Kurtas
59890,Women,Apparel,Topwear,Tunics,Multi,Fall,2012,Casual,Femella Women Multi Coloured Tunic
52444,Women,Apparel,Loungewear and Nightwear,Nightdress,Purple,Winter,2015,Casual,Red Rose White & Purple Nightdress
5434,Men,Apparel,Topwear,Tshirts,Red,Summer,2011,Sports,Nike Men's Kill Man Red T-shirt
14063,Men,Apparel,Topwear,Tshirts,Blue,Fall,2011,Casual,Flying Machine Men Solid Blue Polo Tshirts
20256,Men,Apparel,Topwear,Tshirts,Green,Fall,2011,Casual,Wrangler Men Wing Green T-shirt
31116,Boys,Apparel,Bottomwear,Shorts,Grey,Summer,2012,Casual,Gini and Jony Boys Grey Shorts
43536,Women,Apparel,Topwear,Tops,Peach,Summer,2012,Casual,French Connection Women Peach Top
28807,Men,Apparel,Topwear,Shirts,Brown,Summer,2012,Casual,Denizen Men Check Brown Shirt
13246,Men,Apparel,Bottomwear,Jeans,Blue,Fall,2011,Casual,Palm Tree Kids Boy Washed Blue Jeans
54581,Women,Apparel,Topwear,Kurtas,Green,Summer,2012,Ethnic,Sushilas Women Printed Green Kurta
3763,Men,Apparel,Topwear,Tshirts,Grey,Summer,2011,Casual,Status Quo Men's London Icon Grey T-shirt
26101,Men,Apparel,Topwear,Shirts,White,Summer,2012,Formal,John Miller Men Striped White Shirt
9259,Men,Apparel,Topwear,Shirts,Blue,Fall,2011,Formal,Mark Taylor Men Blue Striped Shirt
16794,Men,Apparel,Topwear,Shirts,Navy Blue,Fall,2011,Casual,Highlander Men Stripes Navy Blue Shirt
51053,Women,Apparel,Innerwear,Briefs,Green,Summer,2017,Casual,Enamor Women Green Bikini Brief
6211,Women,Apparel,Topwear,Tshirts,Blue,Summer,2011,Casual,UCB Women's Print Boat Blue Top
30858,Women,Apparel,Topwear,Kurtas,Black,Summer,2012,Ethnic,Fabindia Women Striped Black Kurta
5494,Men,Apparel,Topwear,Tshirts,Grey,Summer,2011,Casual,Mr.Men Men's Charcoal Polo T-shirt
45661,Men,Apparel,Innerwear,Innerwear Vests,Grey Melange,Summer,2016,Casual,Park Avenue Men Grey Melange Square Neck Vest
15111,Men,Apparel,Bottomwear,Trousers,Coffee Brown,Fall,2011,Formal,Arrow Men Stripes Coffee Brown Trousers
10463,Men,Apparel,Topwear,Tshirts,Grey,Fall,2011,Casual,Flying Machine Men Grey Polo Tshirts
56276,Women,Apparel,Innerwear,Bra,Skin,Summer,2017,Casual,Biara Women Skin Bra
44581,Men,Apparel,Bottomwear,Jeans,Navy Blue,Summer,2017,Casual,Lee Rinse Navy Blue Slim Fit Jeans
53536,Women,Apparel,Innerwear,Briefs,Multi,Winter,2015,Casual,Amante Women Pack of 3 Assorted Briefs PFCP11
21116,Women,Apparel,Topwear,Tops,Lavender,Fall,2011,Casual,s.Oliver Women Faded Lilac Top
15323,Men,Apparel,Topwear,Jackets,Grey,Fall,2011,Casual,Nike Men Solid Grey Jacket
4774,Women,Apparel,Bottomwear,Track Pants,Pink,Summer,2011,Sports,ADIDAS Women 3S Pink Track Pants
57196,Women,Apparel,Topwear,Tunics,Red,Summer,2012,Casual,Elle Women Red Tunic
32501,Men,Apparel,Topwear,Shirts,Black,Summer,2012,Casual,Scullers Men Black Shirt
11783,Men,Apparel,Topwear,Tshirts,Grey,Summer,2011,Casual,Lee Men Printed Grey Tshirts
12106,Women,Apparel,Topwear,Kurtis,White,Fall,2011,Ethnic,W Women Printed White Kurtis
42676,Women,Apparel,Topwear,Kurtas,Black,Summer,2012,Ethnic,Alma Women Black Kurta
2483,Women,Apparel,Topwear,Tops,Purple,Fall,2011,Casual,Puma Women Spagetti Dahlia Purple Top
9857,Men,Apparel,Topwear,Tshirts,Green,Fall,2011,Casual,Status Quo Men Green Polo Tshirts
6023,Men,Apparel,Topwear,Tshirts,Green,Summer,2011,Casual,UCB Men's Johny Collar With Two Tone Green T-shirt
32959,Men,Apparel,Topwear,Tshirts,Purple,Summer,2012,Casual,Angry Birds Men Purple T-shirt
52080,Men,Apparel,Topwear,Tshirts,Navy Blue,Summer,2012,Casual,Myntra Men Navy Blue T-shirt
4310,Unisex,Apparel,Topwear,Tshirts,Green,Summer,2011,Casual,Tantra Kid's Unisex Papa's Joy Green Kidswear
53152,Men,Apparel,Topwear,Shirts,Brown,Summer,2012,Formal,Mark Taylor Men Brown Shirt
14695,Men,Apparel,Bottomwear,Trousers,Black,Fall,2011,Casual,Basics Men Black Trousers
56420,Women,Apparel,Innerwear,Bra,White,Winter,2015,Casual,Biara Women White Bra
1662,Men,Apparel,Topwear,Jackets,Navy Blue,Fall,2012,Sports,Nike Men Blue Windrunner Jacket
30632,Men,Apparel,Topwear,Tshirts,Yellow,Summer,2012,Sports,Nike Men Challenger Spiked Yellowish Green T-shirt
42212,Women,Apparel,Topwear,Tunics,Pink,Summer,2012,Casual,Sepia Women Pink Tunic
23225,Women,Apparel,Topwear,Kurtas,Pink,Fall,2011,Ethnic,Aneri Women Tibett Pink Kurta
18864,Men,Apparel,Topwear,Sweatshirts,Black,Fall,2011,Casual,Puma Men Sports Division Black Sweatshirt
34292,Women,Apparel,Topwear,Dupatta,Multi,Summer,2012,Ethnic,Fabindia Women Multi Coloured Chanderi Dupatta
3909,Women,Apparel,Bottomwear,Capris,Red,Summer,2011,Casual,Urban Yoga Women Yoga Red Capri
51605,Women,Apparel,Bottomwear,Trousers,Black,Fall,2012,Casual,Kraus Jeans Women Black Trousers
54979,Women,Apparel,Topwear,Shirts,White,Summer,2012,Casual,Femella Women White Printed Shirt
51437,Women,Apparel,Topwear,Tops,Peach,Summer,2012,Casual,Myntra Women Multi Coloured Printed Top
15575,Boys,Apparel,Topwear,Tshirts,Yellow,Fall,2011,Casual,Chhota Bheem Kids Boys Best Friends Group TShirt
37625,Boys,Apparel,Topwear,Tshirts,White,Summer,2012,Casual,Madagascar3 Boys White Printed T-Shirt
33285,Men,Apparel,Topwear,Tshirts,Blue,Summer,2012,Casual,Arrow Sport Men Striped Blue Polo T-shirt
10007,Women,Apparel,Topwear,Tshirts,White,Fall,2011,Sports,Nike Women As Trophy Swo White T-Shirts
21586,Men,Apparel,Bottomwear,Jeans,Grey,Summer,2011,Casual,Locomotive Men Washed Grey Jeans
52074,Men,Apparel,Topwear,Tshirts,Yellow,Summer,2012,Casual,Myntra Men Yellow & Blue T-shirt
14661,Men,Apparel,Topwear,Shirts,Navy Blue,Fall,2011,Casual,Basics Men Navy Slim Fit Checked Shirt
33043,Women,Apparel,Topwear,Kurtas,Blue,Summer,2012,Ethnic,Mother Earth Women Printed Blue Kurta
13444,Women,Apparel,Topwear,Tops,Yellow,Summer,2011,Casual,United Colors of Benetton Women Printed Yellow Tops
28639,Men,Apparel,Topwear,Tshirts,White,Summer,2012,Sports,Nike Men White T-shirt
34266,Women,Apparel,Topwear,Dupatta,Brown,Summer,2012,Ethnic,Fabindia Women Brown Silk Dupatta
18890,Women,Apparel,Topwear,Shirts,Purple,Fall,2011,Casual,Arrow Woman Tyra Purple Shirt
7561,Men,Apparel,Topwear,Tshirts,White,Summer,2011,Sports,Nike Men's As Spher White T-shirt
16136,Women,Apparel,Topwear,Tops,Blue,Fall,2011,Casual,Tokyo Talkies Women Printed Blue Top
27443,Women,Apparel,Topwear,Tshirts,Pink,Winter,2015,Casual,Jockey Women Pink T-Shirt
34054,Boys,Apparel,Bottomwear,Capris,Blue,Summer,2012,Casual,Palm Tree Boys Washed Blue 3/4 Length Pants
15581,Men,Apparel,Topwear,Tshirts,Purple,Fall,2011,Casual,Proline Men Purple Polo T-shirt
53394,Women,Apparel,Topwear,Kurtas,Blue,Fall,2012,Ethnic,Alma Women Blue and Sea Green Printed Kurta
20666,Men,Apparel,Topwear,Tshirts,Grey,Fall,2011,Casual,Classic Polo Men Striped Grey Tshirt
5004,Women,Apparel,Bottomwear,Skirts,Blue,Summer,2011,Casual,Gini and Jony Girl's Delma Blue Kidswear
33271,Girls,Apparel,Bottomwear,Skirts,Red,Summer,2012,Casual,Gini and Jony Girls Red Skirt
5838,Men,Apparel,Topwear,Tshirts,White,Summer,2011,Casual,ADIDAS Men's Graphic White T-shirt
31142,Men,Apparel,Topwear,Shirts,Orange,Summer,2012,Formal,John Miller Men Check Orange Shirt
19728,Women,Apparel,Topwear,Shirts,Purple,Summer,2011,Casual,United Colors of Benetton Women Solid Purple Shirt
27027,Women,Apparel,Bottomwear,Shorts,Blue,Summer,2012,Casual,Jealous 21 Women Blue Shorts
28853,Men,Apparel,Topwear,Tshirts,Purple,Summer,2012,Casual,Proline Men Purple T-shirt
50949,Women,Apparel,Bottomwear,Jeans,Navy Blue,Summer,2013,Casual,Lee Women Navy Blue Roxy Fit Jeans
34430,Women,Apparel,Topwear,Tshirts,Blue,Summer,2012,Casual,Myntra Women Face Blue T-shirt
14037,Men,Apparel,Topwear,Shirts,Blue,Winter,2016,Casual,Flying Machine Men Check Blue Shirts
20202,Men,Apparel,Topwear,Sweatshirts,Grey,Fall,2011,Casual,Wrangler Men Glow Grey Sweatshirt
57350,Women,Apparel,Innerwear,Bra,Black,Winter,2015,Casual,Amante Black T-Shirt Bra BGSB01
10497,Women,Apparel,Topwear,Tshirts,White,Fall,2011,Casual,Flying Machine Women RN HS White Tshirts
11545,Women,Apparel,Topwear,Kurtas,Green,Summer,2011,Ethnic,W Women Printed Green Kurtas
56282,Women,Apparel,Innerwear,Bra,Black,Summer,2017,Casual,Biara Black Everyday Support Bra
20030,Men,Apparel,Topwear,Shirts,Blue,Fall,2011,Casual,United Colors of Benetton Men Solid Blue Shirt
52410,Women,Apparel,Loungewear and Nightwear,Nightdress,Black,Winter,2015,Casual,Red Rose Women Black Nightdress
4780,Women,Apparel,Topwear,Tshirts,Pink,Summer,2011,Sports,ADIDAS Women's Balance Pink T-shirt
57162,Women,Apparel,Topwear,Tshirts,Teal,Summer,2012,Casual,Elle Women Teal T-shirt
41007,Girls,Apparel,Bottomwear,Shorts,Navy Blue,Summer,2012,Casual,Gini and Jony Girls Woven Navy Blue Shorts
25542,Women,Apparel,Topwear,Tops,Yellow,Summer,2012,Casual,Wrangler Women Striper Tank Yellow Top
11777,Men,Apparel,Topwear,Tshirts,Red,Fall,2011,Casual,Lee Men Printed Red Tshirts
7939,Men,Apparel,Topwear,Tshirts,Black,Fall,2011,Sports,Puma Men's Graphic Optic Black Silver T-shirt
42682,Women,Apparel,Topwear,Kurtas,Cream,Summer,2012,Ethnic,Alma Women Cream & Blue Kurta
27215,Men,Apparel,Bottomwear,Shorts,Blue,Summer,2012,Casual,Doodle Kids Boy Striped Blue Shorts
16552,Men,Apparel,Topwear,Tshirts,Grey,Fall,2011,Casual,Basics Men Grey Printed Polo T-shirt
22767,Women,Apparel,Topwear,Kurtas,Green,Fall,2011,Ethnic,BIBA Women Solid Green Kurta
50347,Women,Apparel,Topwear,Kurtas,Red,Summer,2012,Ethnic,Aurelia Women Red Kurta
34602,Men,Apparel,Innerwear,Briefs,Brown,Summer,2016,Casual,Hanes Men Brown Boxer Brief
4921,Women,Apparel,Topwear,Tshirts,White,Summer,2011,Casual,Gini and Jony Girl's Viona Pack of 3 Tee Kidswear
39780,Men,Apparel,Topwear,Shirts,Yellow,Summer,2012,Casual,Peter England Men Yellow Casual Shirts
18255,Women,Apparel,Topwear,Kurtas,Off White,Summer,2012,Ethnic,Aneri Women Multi Coloured Kurta
27488,Women,Apparel,Innerwear,Briefs,Red,Winter,2015,Casual,Jockey Women Red Bikini Briefs
9602,Men,Apparel,Topwear,Shirts,Black,Fall,2011,Casual,Scullers Men Scul White & Red Shirt
3338,Men,Apparel,Topwear,Tshirts,White,Summer,2011,Sports,ADIDAS Men's Mumbai Indians White Polo T-shirt
35971,Men,Apparel,Topwear,Tshirts,Black,Summer,2012,Casual,Flying Machine Men Tee Black T-shirt
54946,Men,Apparel,Topwear,Tshirts,Cream,Summer,2012,Casual,Do u speak green Men Cream T-shirt
23028,Men,Apparel,Topwear,Shirts,Blue,Fall,2011,Formal,Arrow Men Blue Striped Shirt
42823,Women,Apparel,Innerwear,Briefs,Grey,Summer,2012,Casual,Little Miss Intimates Women Grey Brief
51408,Men,Apparel,Topwear,Shirts,Blue,Summer,2012,Casual,Myntra Men Blue and White Check Shirt
7798,Men,Apparel,Topwear,Tshirts,White,Fall,2011,Casual,Proline Men White Polo T-shirt
6478,Men,Apparel,Topwear,Jackets,Grey,Summer,2011,Casual,ADIDAS Men Top Grey Jacket
19989,Women,Apparel,Topwear,Tshirts,White,Fall,2011,Casual,United Colors of Benetton Women Printed White T-shirt
3936,Women,Apparel,Topwear,Tshirts,Black,Summer,2011,Casual,Jealous 21 Women's Black Miss T-shirt
15778,Men,Apparel,Innerwear,Briefs,Grey,Summer,2016,Casual,Facit Men Mid- Rise BF Grey Briefs
45834,Women,Apparel,Topwear,Kurtas,Red,Summer,2012,Ethnic,Vishudh Women Red Kurta
12139,Women,Apparel,Topwear,Kurtas,Purple,Fall,2011,Ethnic,Aurelia Women Solid Purple Kurtas
42649,Women,Apparel,Topwear,Kurtas,Black,Summer,2012,Ethnic,Alma Women Black Kurta
8186,Men,Apparel,Topwear,Shirts,Grey,Summer,2011,Casual,Locomotive Men Check Lai Grey Shirts
48373,Men,Apparel,Topwear,Shirts,White,Summer,2012,Casual,French Connection Men White & Purple Check Shirt
9868,Men,Apparel,Topwear,Tshirts,Navy Blue,Fall,2011,Casual,Status Quo Men Navy Blue Polo Tshirts
40922,Boys,Apparel,Topwear,Jackets,Blue,Summer,2012,Casual,Gini and Jony Boys Rodeo Blue Jacket
21129,Women,Apparel,Topwear,Tops,Red,Fall,2011,Casual,s.Oliver Women Printed Red Top
56847,Men,Apparel,Bottomwear,Jeans,Blue,Summer,2012,Casual,John Players Men Blue Jeans
56249,Men,Apparel,Loungewear and Nightwear,Night suits,White,Summer,2016,Casual,SDL by Sweet Dreams Men White Pyjama Set
15912,Men,Apparel,Topwear,Shirts,Blue,Fall,2011,Formal,Black Coffee Men Stripes Blue Shirt
18631,Men,Apparel,Topwear,Tshirts,Navy Blue,Fall,2011,Casual,Puma Men GP Speed Navy Blue Tshirts
9266,Men,Apparel,Topwear,Shirts,Navy Blue,Fall,2011,Casual,Scullers Men Scul Blue Shirts
28898,Women,Apparel,Innerwear,Briefs,Red,Summer,2014,Casual,Enamor Women Red Brief
29176,Boys,Apparel,Bottomwear,Shorts,Khaki,Summer,2012,Casual,United Colors of Benetton Boys Khaki Shorts
26902,Women,Apparel,Topwear,Tops,Lavender,Summer,2012,Casual,Jealous 21 Women Printed Lavender Top
30867,Women,Apparel,Topwear,Kurtas,Blue,Summer,2012,Ethnic,Fabindia Women Blue Kurta
7906,Men,Apparel,Topwear,Tshirts,Black,Fall,2011,Casual,Proline Men Black & Navy Striped Polo T-shirt
19525,Men,Apparel,Topwear,Sweaters,Grey,Fall,2011,Casual,United Colors of Benetton Men Check Grey Sweater
48387,Men,Apparel,Bottomwear,Jeans,Blue,Summer,2012,Casual,French Connection Men Blue Jeans
22758,Women,Apparel,Topwear,Kurtas,Blue,Fall,2011,Ethnic,BIBA Women Printed Blue Kurta
39122,Women,Apparel,Bottomwear,Leggings,Blue,Fall,2012,Casual,Aneri Women Blue Leggings
14008,Men,Apparel,Topwear,Tshirts,White,Fall,2011,Casual,Nike Men Printed White Tshirts
8340,Boys,Apparel,Topwear,Tshirts,Black,Fall,2011,Casual,Doodle Boy's Volleyball Champion Black White Kidswear
46813,Girls,Apparel,Bottomwear,Skirts,Pink,Summer,2012,Casual,Gini and Jony Girls Pink Skirt
19717,Men,Apparel,Topwear,Shirts,Blue,Fall,2011,Casual,United Colors of Benetton Men Check Blue Shirt
27018,Women,Apparel,Bottomwear,Jeans,Blue,Summer,2012,Casual,Jealous 21 Women Washed Blue Jeans
50976,Women,Apparel,Innerwear,Bra,Pink,Summer,2017,Casual,Enamor Petal Pink Bra
29182,Women,Apparel,Topwear,Tunics,White,Summer,2012,Casual,United Colors of Benetton Women White Tunics
7308,Women,Apparel,Topwear,Tops,Blue,Summer,2011,Casual,UCB Women's Sleeveless Light Blue Top
28050,Men,Apparel,Innerwear,Briefs,Charcoal,Summer,2016,Casual,Jockey ELANCE Men Charcoal Pack of 2 Briefs 1009
59691,Women,Apparel,Innerwear,Bra,Purple,Summer,2014,Casual,Avirate Purple Bra
58743,Men,Apparel,Topwear,Tshirts,Olive,Fall,2012,Casual,Puma Men Olive T-shirt
5807,Women,Apparel,Topwear,Tshirts,Blue,Summer,2011,Casual,ADIDAS Women's Tunic Blue T-shirt
8724,Men,Apparel,Topwear,Shirts,Red,Fall,2011,Casual,Indigo Nation Men Checks Red Shirts
35985,Women,Apparel,Topwear,Tshirts,Red,Summer,2012,Casual,Flying Machine Women Poppy Red T-shirt
25925,Women,Apparel,Topwear,Tshirts,Purple,Summer,2012,Casual,Femella Women Purple T-Shirt
5209,Men,Apparel,Topwear,Tshirts,White,Summer,2011,Casual,Superman Men's Job Round Neck White T-shirt
58571,Men,Apparel,Bottomwear,Shorts,Black,Summer,2012,Casual,Puma Men Black Shorts
44912,Men,Apparel,Bottomwear,Track Pants,Black,Summer,2012,Casual,Puma Men Black Track Pants
38494,Boys,Apparel,Topwear,Tshirts,Green,Summer,2012,Casual,Gini and Jony Boys United Green T-shirt
4787,Men,Apparel,Bottomwear,Shorts,Black,Summer,2011,Sports,ADIDAS Men's Bas Esx Black Short
52417,Women,Apparel,Loungewear and Nightwear,Night suits,Red,Winter,2015,Casual,Red Rose Women Red Pyjama Set
24497,Women,Apparel,Topwear,Kurtas,Black,Fall,2011,Ethnic,Mother Earth Women Black Printed Kurta
57165,Women,Apparel,Topwear,Tops,Magenta,Summer,2012,Casual,Elle Women Magenta Clash Top
11770,Men,Apparel,Topwear,Tshirts,Blue,Fall,2011,Casual,Lee Men Printed Blue Tshirts
41000,Girls,Apparel,Bottomwear,Shorts,Blue,Summer,2012,Casual,Gini and Jony Girls Woven Blue Shorts
42685,Women,Apparel,Topwear,Kurtas,White,Summer,2012,Ethnic,Alma Women White Printed Kurta
27212,Men,Apparel,Topwear,Shirts,Blue,Summer,2012,Casual,Doodle Kids Boy Striped Blue Shirt
22760,Women,Apparel,Topwear,Kurtas,Blue,Fall,2011,Ethnic,BIBA Women Solid Navy Blue Kurta
16555,Men,Apparel,Topwear,Tshirts,Navy Blue,Fall,2011,Casual,Basics Men Navy Printed Polo T-shirt
34605,Men,Apparel,Innerwear,Briefs,Black,Summer,2016,Casual,Hanes Men Black Boxer Brief
50340,Women,Apparel,Topwear,Kurtis,Brown,Summer,2012,Ethnic,Aurelia Women Brown Printed Kurti
8378,Girls,Apparel,Topwear,Tshirts,Green,Fall,2011,Casual,Doodle Girl's Princess Lime Kidswear
28854,Men,Apparel,Topwear,Tshirts,Lavender,Summer,2012,Casual,Proline Men Mauve T-shirt
27020,Women,Apparel,Bottomwear,Jeans,Navy Blue,Summer,2012,Casual,Jealous 21 Women Navy Blue Jeans
46017,Women,Apparel,Topwear,Kurtas,Orange,Summer,2012,Ethnic,Fabindia Women Orange Printed Kurta
28068,Men,Apparel,Innerwear,Trunk,Navy Blue,Summer,2016,Casual,Jockey ELANCE Men Navy Blue Elance Brief 1015
20205,Men,Apparel,Topwear,Sweatshirts,Grey,Fall,2011,Casual,Wrangler Men Flock Print Grey Sweatshirt
14030,Women,Apparel,Topwear,Tshirts,White,Fall,2011,Casual,Nike Women Printed White Tshirts
57357,Women,Apparel,Innerwear,Bra,Black,Winter,2015,Casual,Amante Black Printed Push-Up Bra BGSS01
10490,Men,Apparel,Topwear,Shirts,Navy Blue,Fall,2011,Casual,Flying Machine Men HS Blue Shirts
39328,Girls,Apparel,Bottomwear,Shorts,Green,Summer,2012,Casual,Gini and Jony Girls Green Shorts
11542,Women,Apparel,Topwear,Kurtas,Beige,Summer,2011,Ethnic,W Women Printed  Beige Kurtas
56285,Women,Apparel,Innerwear,Bra,Black,Winter,2015,Casual,Biara Women Black Bra
2226,Women,Apparel,Bottomwear,Track Pants,Black,Fall,2010,Sports,ADIDAS Women Black Tracksuit
18299,Women,Apparel,Topwear,Kurtas,Black,Fall,2011,Ethnic,Aneri Women Zeenat Black Kurta
13671,Unisex,Apparel,Bottomwear,Jeans,Blue,Fall,2011,Casual,Levis Kids Blue Solid Jean
27444,Women,Apparel,Topwear,Tshirts,Black,Fall,2015,Casual,Jockey Women Black T-shirt
50516,Men,Apparel,Innerwear,Trunk,Navy Blue,Winter,2016,Casual,Chromozome Men Navy Blue Trunks
6686,Men,Apparel,Topwear,Tshirts,Red,Summer,2011,Casual,UCB Men's Big Ben Logo Red T-shirt
34053,Boys,Apparel,Bottomwear,Capris,Yellow,Summer,2012,Casual,Gini and Jony Boys Yellow 3/4 Length Pants
16303,Men,Apparel,Topwear,Shirts,Navy Blue,Fall,2011,Casual,Peter England Men Check Navy Blue Shirt
15586,Men,Apparel,Topwear,Sweatshirts,Green,Fall,2011,Casual,Proline Men Green Printed Sweatshirt
5003,Women,Apparel,Bottomwear,Shorts,Blue,Summer,2011,Casual,Gini and Jony Girl's Arella Blue Kidswear
53393,Women,Apparel,Topwear,Kurtas,Beige,Fall,2012,Ethnic,Alma Women Printed Beige Kurta
11126,Women,Apparel,Bottomwear,Track Pants,Blue,Fall,2011,Sports,Urban Yoga Women Solid Blue Track Pants
52073,Men,Apparel,Topwear,Tshirts,Grey,Summer,2012,Casual,Myntra Men Grey & Red T-shirt
14666,Men,Apparel,Topwear,Shirts,Red,Fall,2011,Casual,Basics Men Red Slim Fit Checked Shirt
5231,Men,Apparel,Topwear,Tshirts,Navy Blue,Summer,2011,Casual,Classic Polo Men's Cari Navy Polo T-shirt
32196,Men,Apparel,Topwear,Kurtas,Blue,Summer,2012,Ethnic,Fabindia Men Printed Blue Kurta
33044,Women,Apparel,Topwear,Kurtas,Blue,Summer,2012,Ethnic,Mother Earth Women Printed Blue Kurta
13443,Women,Apparel,Topwear,Tops,White,Summer,2011,Casual,United Colors of Benetton Women Solid White Tops
2014,Men,Apparel,Topwear,Tshirts,Yellow,Fall,2010,Sports,ADIDAS Men's Classic Yellow Polo T-shirt
12591,Unisex,Apparel,Topwear,Tshirts,Blue,Fall,2011,Casual,Tantra Unisex Printed Blue Tshirts
34261,Boys,Apparel,Topwear,Tshirts,Red,Summer,2012,Casual,Gini and Jony Boys Printed Red T-shirt
16131,Women,Apparel,Topwear,Tshirts,Red,Fall,2011,Casual,Tokyo Talkies Women Printed Red T-shirt
7566,Men,Apparel,Topwear,Tshirts,Black,Summer,2011,Sports,Nike Men's As Kobe Comic Black T-shirt
12757,Men,Apparel,Topwear,Tshirts,Blue,Fall,2011,Casual,Spykar Men Printed Blue T-Shirts
51430,Men,Apparel,Topwear,Shirts,White,Summer,2012,Casual,Myntra Men Navy Blue & Orange Check Shirt
15572,Boys,Apparel,Topwear,Tshirts,Orange,Fall,2011,Casual,Chhota Bheem Kids Boys Warrior Bheem TShirt
4125,Men,Apparel,Topwear,Tshirts,Orange,Summer,2011,Sports,Lotto Men Kochi Tuskers Authentic Orange Jersey
37622,Boys,Apparel,Topwear,Tshirts,Red,Summer,2012,Casual,Madagascar3 Boys Red Printed T-Shirt
4919,Women,Apparel,Topwear,Tops,Pink,Summer,2011,Casual,Gini and Jony Girl's Veeya Pink Kidswear
10000,Women,Apparel,Bottomwear,Skirts,White,Summer,2011,Casual,Palm Tree Girls Sp Jace Sko White Skirts
4317,Unisex,Apparel,Topwear,Tshirts,Red,Summer,2011,Casual,Tantra Kid's Unisex Kya Boss Red Kidswear
52087,Women,Apparel,Topwear,Tshirts,Yellow,Summer,2012,Casual,Myntra Women Yellow T-shirt
30635,Men,Apparel,Topwear,Tshirts,Blue,Summer,2012,Casual,Nike Men Basic Crew Blue T-shirt
42215,Women,Apparel,Topwear,Tops,Green,Summer,2012,Casual,Sepia Women Teal Top
3132,Men,Apparel,Topwear,Tshirts,Multi,Fall,2010,Casual,DUSG Men's Tadoba Organic Cotton Cappuccino T-shirt
34295,Women,Apparel,Topwear,Dupatta,Orange,Summer,2012,Ethnic,Fabindia Orange Silk Dupatta
18863,Men,Apparel,Topwear,Sweatshirts,Red,Fall,2011,Casual,Puma Men Heritage Red Sweatshirt
23222,Women,Apparel,Topwear,Kurtas,Red,Fall,2011,Ethnic,Aneri Women Freya Red Kurta
51602,Women,Apparel,Bottomwear,Jeans,Blue,Fall,2012,Casual,Wrangler Women Blue Molly Jeans
53531,Women,Apparel,Innerwear,Briefs,Pink,Summer,2017,Casual,Amante Women Pink Bikini Briefs PCLR02
44586,Men,Apparel,Bottomwear,Jeans,Blue,Summer,2017,Casual,Lee Men Tino Blue Jeans
4773,Women,Apparel,Bottomwear,Capris,Blue,Summer,2011,Sports,ADIDAS Women 3S Blue Capri
15324,Men,Apparel,Topwear,Sweatshirts,White,Fall,2011,Sports,Nike Men Printed White Sweatshirts
21111,Women,Apparel,Topwear,Tops,Purple,Fall,2011,Casual,s.Oliver Women Check Purple Top
40126,Boys,Apparel,Bottomwear,Shorts,White,Summer,2012,Casual,Gini and Jony Boys Boxer White Shorts
10656,Women,Apparel,Topwear,Tops,Pink,Fall,2011,Casual,Doodle Girl Little frock Pink Tops
57191,Women,Apparel,Topwear,Tops,White,Summer,2012,Casual,Elle Women White Top
11784,Women,Apparel,Topwear,Tshirts,Black,Summer,2011,Casual,Lee Women Solid Black Tshirts
42671,Women,Apparel,Topwear,Kurtas,Green,Summer,2012,Ethnic,Alma Women Green Kurta
12101,Women,Apparel,Topwear,Kurtas,Pink,Fall,2011,Ethnic,W Women Printed Pink Kurtas
2484,Women,Apparel,Topwear,Tshirts,White,Fall,2010,Sports,Puma Women Spagetti White Top
22794,Men,Apparel,Topwear,Tshirts,Navy Blue,Fall,2011,Casual,Manchester United Men Navy Blue Tshirt
6024,Women,Apparel,Topwear,Tshirts,Green,Summer,2011,Casual,UCB Women's Boat Neck Chest Print Green T-shirt
26106,Men,Apparel,Topwear,Shirts,Purple,Summer,2012,Formal,John Miller Men Striped Purple Shirt
12333,Women,Apparel,Bottomwear,Jeans,Blue,Fall,2011,Casual,Spykar Women Ep Jeans Blue Jeans
3764,Men,Apparel,Topwear,Tshirts,Navy Blue,Summer,2011,Casual,Status Quo Men's London Icon Navy T-shirt
18609,Men,Apparel,Topwear,Tshirts,Red,Fall,2010,Casual,Puma Men Polo Red Tshirt
16793,Men,Apparel,Topwear,Shirts,Blue,Fall,2011,Casual,Highlander Men Check Blue Shirt
51054,Women,Apparel,Innerwear,Bra,Lavender,Summer,2017,Casual,Enamor Lavender Bra
6216,Men,Apparel,Topwear,Tshirts,Black,Summer,2011,Casual,Lee Men's Printed Black T-shirt
5493,Men,Apparel,Topwear,Tshirts,Grey,Summer,2011,Casual,Mr.Men Men's Cool Soft Grey T-shirt
15116,Men,Apparel,Bottomwear,Trousers,Grey,Fall,2011,Formal,Arrow Men TR Finish Grey Trousers
4541,Men,Apparel,Topwear,Tshirts,White,Summer,2011,Casual,Classic Polo Men's White T-shirt with Navy Stripes
10464,Men,Apparel,Topwear,Tshirts,Pink,Fall,2011,Casual,Flying Machine Men Mauvemist Pink Tshirts
56271,Women,Apparel,Innerwear,Bra,Nude,Summer,2017,Casual,Biara Women Nude Bra
27649,Men,Apparel,Topwear,Tshirts,Blue,Summer,2012,Casual,Superman Men Printed Blue T-shirt
16932,Men,Apparel,Topwear,Tshirts,Off White,Fall,2011,Casual,Spykar Men Off White Polo Tshirt
49636,Women,Apparel,Bottomwear,Skirts,Blue,Summer,2012,Casual,Mineral Blue & White Skirt
19146,Men,Apparel,Topwear,Sweatshirts,Grey,Summer,2011,Casual,United Colors of Benetton Men Solid Grey Sweatshirt
7559,Men,Apparel,Topwear,Tshirts,Black,Summer,2011,Sports,Nike Men's Black Polo T-shirt
25922,Women,Apparel,Topwear,Tshirts,Navy Blue,Summer,2012,Casual,Femella Women Navy Blue T-shirt
58576,Women,Apparel,Topwear,Tshirts,Yellow,Summer,2012,Casual,Puma Women Yellow T-shirt
14659,Men,Apparel,Bottomwear,Trousers,Khaki,Fall,2011,Casual,Probase Men Solid LT.Khaki Trousers
39541,Women,Apparel,Innerwear,Bra,Maroon,Winter,2015,Casual,Bwitch Maroon Bra
38493,Boys,Apparel,Topwear,Tshirts,Blue,Summer,2012,Casual,Gini and Jony Boys Core Blue T-shirt
40589,Women,Apparel,Topwear,Kurtas,White,Summer,2012,Ethnic,Aurelia Women Printed White Kurta
44915,Men,Apparel,Topwear,Tshirts,Blue,Summer,2012,Casual,Puma Men Blue T-shirt
59696,Women,Apparel,Innerwear,Briefs,Cream,Summer,2014,Casual,Avirate Cream Brief
58744,Men,Apparel,Topwear,Tshirts,Burgundy,Summer,2012,Casual,Puma Men Burgundy T-shirt
39773,Men,Apparel,Topwear,Shirts,Navy Blue,Summer,2012,Casual,Peter England Men Navy Blue Casual Shirt
11119,Men,Apparel,Topwear,Shirts,White,Fall,2011,Formal,Indigo Nation Men Solid White Shirts
5800,Men,Apparel,Topwear,Tshirts,Black,Summer,2011,Casual,ADIDAS Men's Chat Black T-shirt
33249,Men,Apparel,Topwear,Shirts,White,Summer,2012,Formal,Arrow Men Blue Striped Shirt
54189,Men,Apparel,Innerwear,Briefs,Red,Summer,2016,Casual,Jockey MC Men Red Pack of 2 Briefs 8003
35982,Women,Apparel,Topwear,Tshirts,Grey,Summer,2012,Casual,Flying Machine Women Grey T-shirt
8723,Men,Apparel,Topwear,Shirts,White,Fall,2011,Casual,Indigo Nation Men Striped Yellow Shirt
5458,Men,Apparel,Bottomwear,Track Pants,Navy Blue,Summer,2011,Sports,Nike Men Training Knit Navy Blue Track Pant
57368,Women,Apparel,Innerwear,Briefs,Brown,Winter,2015,Casual,Amante Women Brown Briefs PCLR02
39317,Boys,Apparel,Topwear,Tshirts,White,Summer,2012,Casual,Gini and Jony Boys Printed White T-shirt
46814,Girls,Apparel,Bottomwear,Skirts,Pink,Summer,2012,Casual,Gini and Jony Girls Pink Skirt
50971,Women,Apparel,Innerwear,Bra,White,Summer,2017,Casual,Enamor White Classique Bra
28057,Men,Apparel,Innerwear,Briefs,Black,Summer,2016,Casual,Jockey ELANCE Men Black Pack of 2 Briefs 1010
34408,Men,Apparel,Topwear,Tshirts,Black,Summer,2012,Casual,Myntra Men Black Printed T-shirt
7901,Men,Apparel,Topwear,Tshirts,Cream,Fall,2011,Casual,Proline Men's Printed Chalk Cream Brown T-shirt
19522,Men,Apparel,Topwear,Sweaters,Navy Blue,Fall,2011,Casual,United Colors of Benetton Men Check Navy Blue Sweater
48380,Men,Apparel,Bottomwear,Trousers,Black,Summer,2012,Casual,French Connection Men Charcoal Trousers
8949,Men,Apparel,Bottomwear,Trousers,Grey,Fall,2011,Formal,Indigo Nation Men ID Printed Grey Trousers
20008,Men,Apparel,Topwear,Tshirts,Orange,Fall,2011,Casual,United Colors of Benetton Men Printed Orange TShirt
52428,Women,Apparel,Loungewear and Nightwear,Nightdress,Peach,Winter,2015,Casual,Red Rose Women Peach Nightdress
39125,Women,Apparel,Bottomwear,Leggings,Purple,Fall,2012,Casual,Aneri Women Purple Leggings
37279,Women,Apparel,Topwear,Tshirts,Pink,Summer,2012,Casual,Tantra Women Pink Curly Heart T-shirt
15129,Men,Apparel,Bottomwear,Trousers,Grey,Fall,2011,Casual,Arrow Sport Men Solid DK.Grey Trousers
45659,Men,Apparel,Innerwear,Innerwear Vests,White,Summer,2016,Casual,Park Avenue Men White Innerwear Vest
15915,Men,Apparel,Topwear,Shirts,Purple,Fall,2011,Formal,Black Coffee Men Check Purple Slim Fit Shirt
11589,Women,Apparel,Topwear,Kurtas,Red,Summer,2011,Ethnic,W Women Printed Red Kurta
26139,Men,Apparel,Bottomwear,Trousers,Grey,Summer,2012,Formal,John Miller Men Grey Trousers
51857,Men,Apparel,Topwear,Shirts,Beige,Summer,2012,Casual,Highlander Men  Blue & Beige Check  Shirt
2689,Women,Apparel,Topwear,Tshirts,Purple,Summer,2011,Casual,Inkfruit Women Happy Dolphin Purple T-shirt
9261,Men,Apparel,Topwear,Shirts,Red,Fall,2011,Formal,Mark Taylor Men Red Striped Shirt
50985,Women,Apparel,Innerwear,Briefs,White,Summer,2017,Casual,Enamor Women White Brief
18636,Men,Apparel,Topwear,Tshirts,White,Fall,2011,Sports,Puma Men V.11 Speed  White Tshirts
26905,Women,Apparel,Topwear,Tops,Off White,Summer,2012,Casual,Jealous 21 Women Off White Top
29171,Girls,Apparel,Bottomwear,Skirts,Blue,Summer,2012,Casual,United Colors of Benetton Kids Girls Washed Blue Skirt
22599,Women,Apparel,Topwear,Tshirts,Yellow,Fall,2011,Sports,Nike Women Yellow T-shirt
30860,Women,Apparel,Topwear,Kurtas,Maroon,Summer,2012,Ethnic,Fabindia Women Printed Maroon Kurta
6229,Men,Apparel,Topwear,Tshirts,Black,Summer,2011,Casual,Lee Men's Shot Black T-shirt
8181,Men,Apparel,Topwear,Shirts,Purple,Summer,2011,Casual,Locomotive Men Check Ladislav Purple Shirts
48374,Men,Apparel,Topwear,Shirts,Purple,Summer,2012,Casual,French Connection Men Purple & Black Striped Shirt
29343,Men,Apparel,Topwear,Tshirts,White,Summer,2012,Casual,Probase Men Printed White T-shirt
40925,Boys,Apparel,Bottomwear,Jeans,Blue,Summer,2012,Casual,Gini and Jony Boys Comics Blue Jeans
57992,Women,Apparel,Topwear,Shirts,Purple,Fall,2012,Casual,Latin Quarters Women Purple Shirt
36199,Boys,Apparel,Topwear,Tshirts,Black,Summer,2012,Casual,Gini Jony Boys Polo Black T-Shirt
40119,Women,Apparel,Topwear,Tshirts,Orange,Summer,2012,Casual,ADIDAS Women Orange T-shirt
10669,Men,Apparel,Topwear,Tshirts,Grey,Fall,2011,Casual,Doodle Boy Road Trip Grey Tshirts
3931,Women,Apparel,Topwear,Tshirts,Black,Summer,2011,Casual,Jealous 21 Women's Black Butterfly T-shirt
4328,Unisex,Apparel,Topwear,Tshirts,Red,Summer,2011,Casual,Tantra Kid's Unisex Cute Mom Red Kidswear
56418,Women,Apparel,Innerwear,Bra,Black,Summer,2017,Casual,Biara Women Black Bra
10803,Men,Apparel,Topwear,Shirts,White,Fall,2011,Casual,Wrangler Men Dodge Broad Accent Check White Shirts
4926,Women,Apparel,Topwear,Tops,Green,Summer,2011,Casual,Gini and Jony Girl's Valencia Green Blue Infant Kidswear
9605,Men,Apparel,Topwear,Shirts,Green,Fall,2011,Casual,Scullers Men Scul Green White Shirts
19380,Men,Apparel,Innerwear,Boxers,Grey,Summer,2016,Casual,Crusoe Men Grey Boxers 1017
12768,Women,Apparel,Topwear,Tunics,Green,Fall,2011,Ethnic,Mother Earth Women Plain Mangalgiri Green Tunics
34098,Boys,Apparel,Topwear,Shirts,Multi,Summer,2012,Casual,Doodle Boys Check Multi Coloured Shirt
54941,Women,Apparel,Topwear,Tops,Teal,Summer,2012,Casual,Do u speak green Women Teal Top
42824,Women,Apparel,Innerwear,Briefs,Red,Summer,2012,Casual,Little Miss Intimates Women Red Brief
36732,Women,Apparel,Bottomwear,Jeans,Blue,Summer,2012,Casual,Spykar Women Liana Blue Jeans
5809,Women,Apparel,Bottomwear,Capris,Black,Summer,2011,Casual,Puma Women Black Capris
33240,Men,Apparel,Topwear,Shirts,Blue,Summer,2012,Formal,Arrow Men Blue Striped Shirt
32392,Women,Apparel,Topwear,Shirts,Grey,Summer,2012,Formal,Arrow Woman Grey Shirt
41660,Men,Apparel,Topwear,Shirts,Blue,Summer,2012,Formal,Mark Taylor Men Blue Striped Shirt
11110,Men,Apparel,Topwear,Shirts,White,Fall,2011,Formal,Indigo Nation Men Check White Shirts
12795,Men,Apparel,Topwear,Tshirts,Yellow,Fall,2011,Casual,Nike Men Brazil Yellow Tshirts
2210,Men,Apparel,Topwear,Tshirts,Black,Fall,2010,Sports,ADIDAS Men 3 Stripe Black Polo T-shirt
27472,Women,Apparel,Innerwear,Bra,Black,Summer,2017,Casual,Jockey Essence Black Bra 2001
22100,Women,Apparel,Topwear,Kurtas,Blue,Fall,2011,Ethnic,Vishudh Women Printed Blue Kurta
16335,Men,Apparel,Topwear,Shirts,Navy Blue,Fall,2011,Formal,Peter England Men Stripes Navy Blue Shirt
50520,Men,Apparel,Innerwear,Innerwear Vests,Grey Melange,Summer,2016,Casual,Chromozome Men Grey Melange Innerwear Vest
26792,Men,Apparel,Topwear,Shirts,Blue,Summer,2013,Formal,Arrow Men Blue Striped Slim Fit Shirt
43305,Women,Apparel,Topwear,Shirts,Pink,Summer,2012,Casual,United Colors of Benetton Women Pink Shirt
22332,Men,Apparel,Topwear,Tshirts,Maroon,Fall,2011,Casual,John Players Men Solid Maroon Polo T-Shirt
7550,Men,Apparel,Topwear,Tshirts,Blue,Summer,2011,Sports,Nike Men's Teal Blue Polo T-shirt
6482,Men,Apparel,Topwear,Tshirts,Black,Summer,2011,Casual,ADIDAS Men's Strip Polo Black Green T-shirt
50712,Men,Apparel,Innerwear,Trunk,Red,Summer,2016,Casual,Chromozome Men Red Trunks
14650,Men,Apparel,Topwear,Tshirts,Blue,Fall,2011,Casual,Probase Men Face Print Blue Tshirts
36500,Women,Apparel,Topwear,Kurtas,Brown,Summer,2012,Ethnic,Folklore Women Brown Kurta
15782,Men,Apparel,Innerwear,Briefs,Navy Blue,Summer,2016,Casual,Facit Men Navy Blue String Bikini Briefs
40580,Women,Apparel,Topwear,Tops,White,Summer,2012,Casual,W Women White Top
33072,Men,Apparel,Topwear,Tshirts,Blue,Summer,2012,Casual,U.S.Polo Assn Men Blue Polo T-shirt
30293,Men,Apparel,Topwear,Tshirts,Off White,Summer,2012,Casual,Myntra Men Love Off White T-shirt
7908,Men,Apparel,Topwear,Tshirts,Cream,Fall,2012,Casual,Proline Men Cream & Purple Striped Polo T-shirt
9892,Men,Apparel,Bottomwear,Trousers,White,Fall,2011,Formal,Indian Terrain Men Laffer Off-White Trousers
22756,Women,Apparel,Topwear,Kurtas,Red,Fall,2011,Ethnic,BIBA Women Solid Red Kurta
8940,Men,Apparel,Topwear,Shirts,Red,Fall,2011,Casual,Indigo Nation Men Reversible Bling Red Shirts
7134,Men,Apparel,Bottomwear,Track Pants,Navy Blue,Fall,2011,Casual,Urban Yoga Men Bottom Navy Yoga Pants
36164,Men,Apparel,Topwear,Tshirts,Grey,Summer,2012,Casual,Status Quo Men Grey T-shirt
52421,Women,Apparel,Loungewear and Nightwear,Nightdress,Multi,Summer,2017,Casual,Red Rose Women Multi Coloured Nightdress
20001,Men,Apparel,Topwear,Tshirts,Green,Summer,2011,Casual,United Colors of Benetton Men Printed Green T-shirt
11746,Men,Apparel,Topwear,Tshirts,Yellow,Summer,2011,Casual,Lee Men Yellow Polo T-shirt
10694,Women,Apparel,Topwear,Tops,Pink,Fall,2011,Casual,Doodle Girl Be Born Pink Tops
57153,Women,Apparel,Topwear,Tshirts,Peach,Summer,2012,Casual,Elle Women Peach T-shirt
5451,Men,Apparel,Bottomwear,Shorts,Blue,Summer,2011,Sports,Nike Men's Tempo Blue Short
37284,Women,Apparel,Topwear,Tshirts,Purple,Summer,2012,Casual,Tantra Women Purple Shopping T-shirt
20233,Women,Apparel,Topwear,Sweaters,Red,Fall,2011,Casual,Wrangler Women Felt Grey Sweater
14006,Men,Apparel,Topwear,Tshirts,Black,Fall,2011,Sports,Nike Men Solid Black Jerseys
11574,Women,Apparel,Topwear,Kurtas,Grey,Summer,2011,Ethnic,W Women Printed Grey Kurtas
24693,Men,Apparel,Topwear,Tshirts,Grey,Summer,2011,Casual,Locomotive Men Grey Printed T-Shirt
57361,Women,Apparel,Innerwear,Bra,Pink,Winter,2015,Casual,Amante Pink Printed Full-Coverage Bra BGTC01
50978,Women,Apparel,Innerwear,Bra,Maroon,Summer,2017,Casual,Enamor Masai Lift Bra
2674,Men,Apparel,Topwear,Tshirts,Black,Summer,2011,Casual,Inkfruit Men's State Trance Black T-shirt
13223,Men,Apparel,Bottomwear,Shorts,Blue,Fall,2011,Casual,Palm Tree Kids Boys Washed Blue Shorts
27016,Women,Apparel,Bottomwear,Jeans,Blue,Summer,2012,Casual,Jealous 21 Women Washed Blue Jeans
19719,Men,Apparel,Topwear,Shirts,Grey,Fall,2011,Casual,United Colors of Benetton Men Stripes Grey Shirt
31173,Girls,Apparel,Topwear,Tops,White,Summer,2012,Casual,Gini and Jony Girls Printed White Top
34401,Men,Apparel,Topwear,Tshirts,Black,Summer,2012,Casual,Myntra Men Black Printed T-shirt
46021,Women,Apparel,Topwear,Kurtis,Orange,Summer,2012,Ethnic,Fabindia Women Orange Kurti
42647,Women,Apparel,Topwear,Kurtas,Purple,Summer,2012,Ethnic,Alma Women Purple Printed Kurta
8188,Men,Apparel,Topwear,Shirts,Purple,Summer,2011,Casual,Locomotive Men Solid Poplin Laidley Purple Shirts
12137,Women,Apparel,Topwear,Kurtas,Navy Blue,Fall,2011,Ethnic,Aurelia Women Solid Navy Blue Kurtas
6012,Men,Apparel,Topwear,Shirts,White,Summer,2011,Casual,Highlander Men White Casual Checked Slim Fit Shirt
9866,Men,Apparel,Topwear,Tshirts,Pink,Fall,2011,Casual,Status Quo Men Pink Polo Tshirts
23670,Men,Apparel,Topwear,Tshirts,Green,Fall,2011,Casual,Spykar Men Green Printed T-shirts
56849,Men,Apparel,Bottomwear,Jeans,Navy Blue,Fall,2012,Casual,John Players Men Navy Regular Fit Jeans
4745,Men,Apparel,Topwear,Tshirts,Green,Summer,2011,Sports,ADIDAS Men's Green Polo T-shirt
21127,Women,Apparel,Topwear,Tops,Navy Blue,Fall,2011,Casual,s.Oliver Women Printed Navy Blue Top
53507,Women,Apparel,Innerwear,Bra,Nude,Winter,2015,Casual,Amante Nude-Coloured Full-Coverage Bra BFOM12
10660,Women,Apparel,Bottomwear,Shorts,Blue,Fall,2011,Casual,Doodle Girl Hot shorts ice wash Blue Shorts
15120,Men,Apparel,Bottomwear,Trousers,Charcoal,Fall,2011,Formal,Arrow Men Wooltouch Charcoal Trousers
45650,Men,Apparel,Innerwear,Trunk,Black,Summer,2016,Casual,Park Avenue Men Black Trunks
11580,Women,Apparel,Topwear,Kurtas,White,Summer,2011,Ethnic,W Women Printed White Kurtas
56247,Men,Apparel,Loungewear and Nightwear,Night suits,Grey Melange,Summer,2016,Casual,SDL by Sweet Dreams Men Grey & Blue Pyjama Set
57395,Women,Apparel,Innerwear,Briefs,Brown,Winter,2015,Casual,Amante Women Brown Briefs PGBR01
10452,Men,Apparel,Topwear,Tshirts,Grey,Fall,2011,Casual,Flying Machine Men HS Grey Tshirts
9268,Men,Apparel,Topwear,Shirts,White,Fall,2011,Casual,Scullers Men White Check Shirt
2680,Men,Apparel,Topwear,Tshirts,Blue,Summer,2011,Casual,Inkfruit Men's Indian Rule Blue T-shirt
28896,Women,Apparel,Innerwear,Briefs,Maroon,Summer,2017,Casual,Enamor Women Maroon Mid-Rise Bikini Brief
12305,Men,Apparel,Topwear,Shirts,Navy Blue,Fall,2011,Formal,Genesis Men Check Navy Blue Shirts
3752,Men,Apparel,Topwear,Tshirts,Green,Summer,2011,Casual,Status Quo Men's Music Revolution Green T-shirt
30869,Women,Apparel,Topwear,Kurtas,Beige,Summer,2012,Ethnic,Fabindia Women Printed Beige Kurta
23442,Women,Apparel,Topwear,Tunics,Orange,Fall,2011,Casual,Satya Paul Women Orange Printed Tunic
6220,Men,Apparel,Topwear,Tshirts,Orange,Summer,2011,Casual,Lee Men's Believe Burnt Orange T-shirt
22590,Men,Apparel,Bottomwear,Shorts,Grey,Fall,2011,Sports,Nike Men Solid Grey Shorts
29178,Women,Apparel,Bottomwear,Jeans,Blue,Summer,2012,Casual,United Colors of Benetton Women Washed Blue Jeans
41694,Men,Apparel,Loungewear and Nightwear,Lounge Pants,Black,Summer,2016,Casual,Superman Men Black Printed Lounge Pants
19389,Men,Apparel,Topwear,Tshirts,White,Fall,2011,Casual,ADIDAS Men Printed White Tshirt
3336,Men,Apparel,Topwear,Tshirts,Blue,Fall,2010,Sports,ADIDAS Men's Mumbai Indians Rage Blue T-shirt
27486,Women,Apparel,Innerwear,Briefs,Purple,Winter,2015,Casual,Jockey Women Purple Bikini Briefs
7796,Men,Apparel,Topwear,Tshirts,Grey,Fall,2011,Casual,Proline Men Grey Polo T-shirt
51406,Men,Apparel,Topwear,Shirts,Yellow,Summer,2012,Casual,Myntra Men Yellow Striped Shirt
34091,Girls,Apparel,Topwear,Tops,Grey,Summer,2012,Casual,Doodle Girls Printed Grey Top
54948,Men,Apparel,Topwear,Sweatshirts,Grey Melange,Summer,2012,Casual,Do u speak green Men Grey Sweatshirt
42223,Women,Apparel,Topwear,Tops,Blue,Summer,2012,Casual,Sepia Women Blue Striped Top
3104,Men,Apparel,Topwear,Tshirts,Blue,Summer,2011,Casual,Probase Men's Wtf Turquoise T-Shirt
30603,Boys,Apparel,Bottomwear,Shorts,Maroon,Summer,2012,Sports,Nike Boys Basketball Red Shorts
3938,Women,Apparel,Topwear,Tshirts,White,Summer,2011,Casual,Jealous 21 Women's White Blue T-shirt
19987,Women,Apparel,Topwear,Tops,Blue,Summer,2011,Casual,United Colors of Benetton Women Solid Blue Top
18855,Men,Apparel,Topwear,Tshirts,Blue,Fall,2011,Casual,Puma Men Athletic Stellar Blue Polo Tshirt
6476,Men,Apparel,Topwear,Tshirts,White,Summer,2011,Casual,ADIDAS Men's Fit White T-shirt
23214,Women,Apparel,Topwear,Kurtas,Cream,Fall,2011,Ethnic,Aneri Women Sagar Cream Kurta
4321,Unisex,Apparel,Topwear,Tshirts,Red,Summer,2011,Casual,Tantra Kid's Unisex Genius Red Kidswear
15776,Men,Apparel,Innerwear,Briefs,Blue,Summer,2016,Casual,Facit Men Trophy BF Blue Briefs
40574,Women,Apparel,Topwear,Kurtas,White,Summer,2012,Ethnic,W Women White Kurta
50947,Women,Apparel,Bottomwear,Jeans,Blue,Summer,2013,Casual,Lee Womens Blue Jeggings
27029,Women,Apparel,Bottomwear,Capris,Blue,Summer,2012,Casual,Jealous 21 Women Blue Capris
19726,Women,Apparel,Topwear,Shirts,Black,Summer,2011,Casual,United Colors of Benetton Women Solid Black Shirt
8371,Girls,Apparel,Topwear,Tshirts,Yellow,Fall,2011,Casual,Doodle Girl's Dont Worry Hippie Yellow Teen Kidswear
3799,Unisex,Apparel,Topwear,Tshirts,Pink,Summer,2011,Casual,Tantra Kid's Cartoon Pink Kidswear
28061,Men,Apparel,Innerwear,Briefs,Grey Melange,Winter,2016,Casual,Jockey ELANCE Men Pack Of Two Grey Briefs 1010
14039,Men,Apparel,Topwear,Shirts,Green,Winter,2016,Casual,Flying Machine Men Check Green Shirts
39321,Girls,Apparel,Bottomwear,Capris,Blue,Summer,2012,Casual,Gini and Jony Girls Blue Capris
10499,Women,Apparel,Topwear,Tshirts,Yellow,Fall,2011,Casual,Flying Machine Women Aspen Yellow Tshirts
41009,Girls,Apparel,Bottomwear,Jeans,Navy Blue,Summer,2012,Casual,Gini and Jony Girls Woven Navy Blue Jeans
39113,Men,Apparel,Topwear,Tshirts,Red,Summer,2012,Casual,Angry Birds Men Red Printed T-shirt
2479,Men,Apparel,Topwear,Tshirts,Grey,Fall,2010,Casual,Puma Men's Foundation Grey Polo T-shirt
7937,Men,Apparel,Topwear,Tshirts,Green,Fall,2011,Sports,Puma Men's Tech Graphic Green Black T-shirt
13812,Men,Apparel,Topwear,Sweaters,Navy Blue,Fall,2011,Casual,Proline Navy Striped Sweater
50349,Women,Apparel,Topwear,Kurtas,Red,Summer,2012,Ethnic,Aurelia Women Red Kurta
22769,Women,Apparel,Topwear,Kurtas,Maroon,Fall,2011,Ethnic,BIBA Women Printed Maroon Kurta
25914,Women,Apparel,Bottomwear,Leggings,Olive,Summer,2012,Casual,Femella Women Olive Leggings
21588,Men,Apparel,Topwear,Tshirts,Grey,Summer,2011,Casual,Inesis Men Solid Grey Tshirt
44923,Men,Apparel,Bottomwear,Jeans,Blue,Summer,2012,Casual,Jack & Jones Men Blue Jeans
12598,Unisex,Apparel,Topwear,Tshirts,Orange,Fall,2011,Casual,Tantra Unisex Printed Orange Tshirts
19170,Men,Apparel,Topwear,Tshirts,Olive,Summer,2011,Casual,United Colors of Benetton Men Printed Olive TShirt
16138,Women,Apparel,Topwear,Tshirts,Grey,Fall,2011,Casual,Tokyo Talkies Women Printed Grey Top
34268,Women,Apparel,Topwear,Dupatta,Purple,Summer,2012,Ethnic,Fabindia Women Printed Purple Dupatta
19342,Women,Apparel,Topwear,Jackets,Black,Fall,2011,Casual,United Colors of Benetton Women Solid Black Jacket
18290,Women,Apparel,Topwear,Kurtas,Orange,Fall,2011,Ethnic,Aneri Women Shabarana Orange Kurta
54983,Women,Apparel,Loungewear and Nightwear,Lounge Pants,Pink,Summer,2017,Casual,Femella Women Pink Lounge Pants
20668,Men,Apparel,Topwear,Tshirts,Maroon,Fall,2011,Casual,Classic Polo Men Striped Maroon Tshirt
5836,Men,Apparel,Topwear,Tshirts,Pink,Summer,2011,Casual,ADIDAS Men's Gdancin Pink T-shirt
39745,Boys,Apparel,Bottomwear,Shorts,Blue,Summer,2012,Casual,Gini Jony Boys Blue Shorts
15749,Men,Apparel,Bottomwear,Trousers,Navy Blue,Fall,2011,Casual,Highlander Men Solid Navy Blue Trousers
19184,Men,Apparel,Topwear,Shirts,Red,Fall,2011,Casual,United Colors Of Benetton Men Red Check Shirt
3907,Women,Apparel,Bottomwear,Track Pants,Cream,Summer,2011,Casual,Urban Yoga Women's Fitted Yoga Cream Track Pant
29711,Men,Apparel,Topwear,Shirts,Blue,Summer,2012,Formal,John Miller Men Check Blue Shirt
35940,Women,Apparel,Bottomwear,Capris,Black,Summer,2012,Casual,Flying Machine Women Viscose Black Capris
48514,Women,Apparel,Topwear,Tops,Grey,Summer,2012,Casual,French Connection Women Grey Top
9633,Men,Apparel,Topwear,Shirts,White,Fall,2011,Formal,Indigo Nation Men Price catch Blue White Shirts
51439,Women,Apparel,Topwear,Tops,Grey,Summer,2012,Casual,Myntra Women Grey Top
42812,Women,Apparel,Innerwear,Briefs,Grey,Summer,2012,Casual,Little Miss Intimates Women Grey Brief
54977,Women,Apparel,Loungewear and Nightwear,Lounge Pants,Blue,Summer,2017,Casual,Femella Women Blue Lounge Pants
10835,Men,Apparel,Topwear,Tshirts,Black,Fall,2011,Casual,Wrangler Men Black Polo Tshirts
10009,Men,Apparel,Topwear,Tshirts,Red,Fall,2011,Sports,Nike Men Town Round Red Neck T-Shirts
4910,Women,Apparel,Topwear,Tops,Pink,Summer,2011,Casual,Levis Kids Girl's Dionne Pink Teens Kidswear
43598,Men,Apparel,Topwear,Tshirts,Charcoal,Summer,2012,Casual,Angry Birds Men Charcoal T-shirt
9257,Men,Apparel,Topwear,Shirts,Blue,Fall,2011,Formal,Mark Taylor Men Blue Striped Shirt
8385,Girls,Apparel,Topwear,Tshirts,Orange,Fall,2011,Casual,Doodle Girl's Hippie Chic Orange Teen Kidswear
28095,Men,Apparel,Innerwear,Briefs,Grey Melange,Summer,2016,Casual,Jockey MC Men Grey Melange Y Front Briefs 8003
30856,Women,Apparel,Topwear,Kurtas,Green,Summer,2012,Ethnic,Fabindia Women Green Bijli Print Khadi Kurta
26933,Women,Apparel,Topwear,Tops,Black,Summer,2012,Casual,Jealous 21 Women Black Top
29147,Men,Apparel,Topwear,Tshirts,Green,Summer,2012,Casual,United Colors of Benetton Men Printed Green T-shirt
56278,Women,Apparel,Innerwear,Bra,Skin,Summer,2017,Casual,Biara Skin Coloured Everyday Support Bra MW 1002
21118,Men,Apparel,Topwear,Shirts,Olive,Fall,2011,Casual,s.Oliver Men Check Olive Shirt
53538,Women,Apparel,Innerwear,Briefs,Multi,Winter,2015,Casual,Amante Women Pack of 3 Assorted Briefs PFCP13
57198,Women,Apparel,Topwear,Tops,Multi,Summer,2012,Casual,Elle Women Multi Coloured Top
9065,Men,Apparel,Topwear,Shirts,Blue,Fall,2011,Formal,Mark Taylor Men Blue Striped Shirt
42678,Women,Apparel,Topwear,Kurtas,Navy Blue,Summer,2012,Ethnic,Alma Women Navy Blue Printed Kurta
12108,Women,Apparel,Topwear,Kurtis,Blue,Fall,2011,Ethnic,W Women Printed Pink Kurtis
9859,Men,Apparel,Topwear,Tshirts,Pink,Fall,2011,Casual,Status Quo Men Pink Polo Tshirts
12934,Men,Apparel,Topwear,Tshirts,Blue,Fall,2011,Casual,Classic Polo Men Rugby Scrum Blue Tshirts
3103,Men,Apparel,Topwear,Tshirts,Navy Blue,Summer,2011,Casual,Probase Men's Wtf Blue T-Shirt
42224,Women,Apparel,Topwear,Tops,White,Summer,2012,Casual,Sepia Women White Top
30604,Men,Apparel,Bottomwear,Track Pants,Black,Summer,2012,Casual,Nike Men Classic Jersey Black Track Pants
13486,Men,Apparel,Topwear,Shirts,White,Summer,2011,Casual,United Colors of Benetton Men Stripes White Shirts
19980,Men,Apparel,Topwear,Tshirts,Yellow,Summer,2011,Casual,United Colors of Benetton Men Printed Yellow TShirt
23213,Women,Apparel,Topwear,Kurtas,White,Fall,2011,Ethnic,Aneri Women Gauri White Kurta
18852,Men,Apparel,Topwear,Tshirts,Navy Blue,Fall,2011,Casual,Puma Men Head Navy Blue Tshirt
6471,Women,Apparel,Topwear,Tshirts,Grey,Summer,2011,Casual,ADIDAS Women's Polo Grey T-shirt
15771,Men,Apparel,Innerwear,Briefs,Red,Summer,2016,Casual,Facit Men Trophy BF Red Briefs
4326,Unisex,Apparel,Topwear,Tshirts,Pink,Summer,2011,Casual,Tantra Kid's Unisex Got It Pink Kidswear
24036,Men,Apparel,Topwear,Tshirts,Red,Fall,2011,Casual,Locomotive Men Printed Red T-shirt
33081,Men,Apparel,Topwear,Tshirts,Navy Blue,Summer,2012,Casual,U.S. Polo Assn. Denim Co. Men Navy Blue T-Shirt
40573,Women,Apparel,Topwear,Kurtas,Cream,Summer,2012,Ethnic,W Women Cream Kurta
56416,Women,Apparel,Innerwear,Bra,Rose,Summer,2017,Casual,Biara Women Rose Red Bra
37613,Girls,Apparel,Topwear,Tshirts,Purple,Summer,2012,Casual,Madagascar3 Girls Purple Printed T-Shirt
10031,Men,Apparel,Topwear,Tshirts,Navy Blue,Fall,2011,Sports,Nike Men As Arsenal Co Navy Blue T-Shirts
24204,Men,Apparel,Bottomwear,Jeans,Blue,Summer,2012,Casual,Deni Yo Men Skinny Fit Blue Jeans
4928,Women,Apparel,Topwear,Tops,Green,Summer,2011,Casual,Gini and Jony Girl's Venice Green Blue Infant Kidswear
41693,Men,Apparel,Loungewear and Nightwear,Lounge Pants,Navy Blue,Summer,2016,Casual,Superman Men Blue Printed Lounge Pants
12766,Men,Apparel,Topwear,Tshirts,Navy Blue,Fall,2011,Casual,Spykar Men Stripe Navy Blue T-Shirts
27481,Women,Apparel,Innerwear,Bra,Beige,Winter,2015,Casual,Jockey Essence Beige Bra 2004
51401,Men,Apparel,Topwear,Shirts,Blue,Summer,2012,Casual,Myntra Men Blue and Yellow Check Shirt
7791,Men,Apparel,Topwear,Tshirts,Green,Fall,2011,Casual,Proline Men's Polo Solid Olive T-shirt
34096,Boys,Apparel,Topwear,Tshirts,Red,Summer,2012,Casual,Doodle Boys Printed Red T-shirt
45657,Men,Apparel,Innerwear,Briefs,Navy Blue,Summer,2016,Casual,Park Avenue Men Navy Blue Boxer Briefs
15127,Men,Apparel,Bottomwear,Trousers,Brown,Fall,2012,Casual,Arrow Sport Men Solid  Brown Trousers
11587,Women,Apparel,Topwear,Kurtis,White,Summer,2011,Ethnic,W Women Printed White Kurtis
56240,Men,Apparel,Loungewear and Nightwear,Night suits,Navy Blue,Summer,2016,Casual,SDL by Sweet Dreams Men Grey & Blue Pyjama Set
57392,Women,Apparel,Innerwear,Briefs,White,Winter,2015,Casual,Amante Women Pack of 3 Printed Briefs PFCN04
10455,Men,Apparel,Topwear,Tshirts,Pink,Fall,2011,Casual,Flying Machine Men Mauvemist Purple Tshirts
18638,Men,Apparel,Topwear,Tshirts,Black,Fall,2011,Sports,Puma Men V.11 Speed Black Tshirts
28891,Women,Apparel,Innerwear,Briefs,Skin,Summer,2012,Casual,Enamor Women Beige Regular-Rise Brief
2687,Women,Apparel,Topwear,Tshirts,Orange,Summer,2011,Casual,Inkfruit Women's Love Wood Orange T-shirt
3755,Men,Apparel,Topwear,Tshirts,Black,Summer,2011,Casual,Status Quo Men's Concerts Black T-shirt
31180,Girls,Apparel,Bottomwear,Leggings,White,Summer,2012,Casual,Gini and Jony Kids Leggings
6227,Men,Apparel,Topwear,Tshirts,Yellow,Summer,2011,Casual,Lee Men's Grey Yellowbrass T-shirt
22597,Men,Apparel,Topwear,Tshirts,Orange,Fall,2011,Sports,Nike Men Orange T-shirt
54725,Women,Apparel,Topwear,Kurtas,Pink,Fall,2012,Ethnic,Shree Women Coral Coloured Printed Kurta
12130,Women,Apparel,Topwear,Kurtas,Green,Fall,2011,Ethnic,Aurelia Women Printed Green Kurtas
26305,Men,Apparel,Topwear,Tshirts,Cream,Fall,2013,Casual,Proline Men Pack of 3 T-Shirts
42640,Women,Apparel,Topwear,Kurtas,Red,Summer,2012,Casual,W Women Red Dress
6015,Men,Apparel,Topwear,Shirts,Black,Summer,2011,Casual,Highlander Men Small Black Checked Shirt
21120,Men,Apparel,Topwear,Sweaters,Purple,Fall,2011,Casual,s.Oliver Men Solid Purple Sweater
14001,Men,Apparel,Topwear,Tshirts,Navy Blue,Fall,2011,Sports,Nike Men Solid Navy Blue Jerseys
20234,Women,Apparel,Topwear,Tshirts,Blue,Fall,2011,Casual,Wrangler Women Baroque Polo Turquoise T-shirt
5456,Men,Apparel,Bottomwear,Shorts,Navy Blue,Summer,2011,Sports,Nike Men's Basic Woven Med Blue Short
37283,Women,Apparel,Topwear,Tshirts,Brown,Summer,2012,Casual,Tantra Women Brown Fight Peace T-shirt
11573,Women,Apparel,Topwear,Kurtas,Green,Summer,2011,Ethnic,W Women Printed Green Kurtas
39319,Boys,Apparel,Bottomwear,Shorts,Beige,Summer,2012,Casual,Gini and Jony Boys Beige Shorts
57366,Women,Apparel,Innerwear,Briefs,Pink,Winter,2015,Casual,Amante Women Pink Lace Briefs PCFR11
24694,Men,Apparel,Topwear,Tshirts,White,Summer,2012,Casual,Locomotive Men Striped White T-shirt
27011,Women,Apparel,Bottomwear,Capris,White,Summer,2012,Casual,Jealous 21 Women White Capris
13224,Men,Apparel,Topwear,Sweatshirts,Blue,Fall,2011,Casual,Palm Tree Kids Boys Printed Blue Sweatshirts
28865,Men,Apparel,Topwear,Tshirts,Brown,Summer,2012,Casual,Proline Men Brown Striped Polo T-shirt
31174,Girls,Apparel,Topwear,Tops,Red,Summer,2012,Casual,Gini and Jony Girls Red Top
8349,Boys,Apparel,Topwear,Tshirts,Green,Fall,2011,Casual,Doodle Boy's I love Driving Green Kidswear
34406,Men,Apparel,Topwear,Tshirts,Black,Summer,2012,Casual,Myntra Men Black Printed T-shirt
28059,Men,Apparel,Innerwear,Briefs,Blue,Summer,2016,Casual,Jockey ELANCE Men Pack Of 2 Briefs 1010
7301,Women,Apparel,Topwear,Tops,Blue,Summer,2011,Casual,UCB Women Stripe Short Sleeve Blue White Top
30294,Men,Apparel,Topwear,Tshirts,Off White,Summer,2012,Casual,Myntra Men Global Response Off White T-shirt
7133,Men,Apparel,Bottomwear,Track Pants,Grey,Fall,2011,Casual,Urban Yoga Men Bottom Grey Yoga Pants
8947,Men,Apparel,Bottomwear,Trousers,Grey,Fall,2011,Casual,Indigo Nation Men ID Printed Grey Trousers
22751,Women,Apparel,Topwear,Kurtas,White,Fall,2011,Ethnic,BIBA Women Printed White Kurta
52426,Women,Apparel,Loungewear and Nightwear,Nightdress,Blue,Winter,2015,Casual,Red Rose Women Blue Nightdress
5664,Men,Apparel,Topwear,Tshirts,Blue,Summer,2011,Casual,Tantra Men's Shloka Blue T-shirt
20006,Women,Apparel,Topwear,Tshirts,Green,Summer,2011,Casual,United Colors of Benetton Women Printed Green T-shirt
11741,Men,Apparel,Topwear,Tshirts,Navy Blue,Fall,2011,Casual,Lee Men Stripes Navy Blue T-shirt
10693,Women,Apparel,Topwear,Tops,Purple,Fall,2011,Casual,Doodle Girl Cute Purple Tops
57154,Women,Apparel,Topwear,Tshirts,Grey Melange,Summer,2012,Casual,Elle Women Grey Melange T-shirt
19148,Men,Apparel,Topwear,Tshirts,Navy Blue,Summer,2011,Casual,United Colors of Benetton Men Navy Blue Polo Tshirt
26795,Men,Apparel,Topwear,Shirts,Blue,Summer,2013,Formal,Arrow Men Blue Shirt
49638,Women,Apparel,Topwear,Tops,Pink,Summer,2012,Casual,Mineral Women Pink Top
2025,Men,Apparel,Topwear,Tshirts,Grey,Fall,2010,Sports,ADIDAS Mens Full Grey T-shirt
7557,Men,Apparel,Bottomwear,Shorts,Green,Summer,2011,Sports,Nike Men's Tempo 5 Green Short
19974,Women,Apparel,Topwear,Tshirts,Yellow,Summer,2011,Casual,United Colors of Benetton Women Yellow T-shirt
50715,Boys,Apparel,Topwear,Tshirts,White,Summer,2012,Casual,Doodle Boys White Printed T-Shirt
6485,Men,Apparel,Topwear,Tshirts,Grey,Summer,2011,Casual,ADIDAS Men's Grey Strip T-shirt
34250,Men,Apparel,Bottomwear,Shorts,Charcoal,Summer,2013,Sports,Proline Charcoal Grey Shorts
14657,Men,Apparel,Bottomwear,Trousers,Grey,Fall,2011,Casual,Probase Men Solid DK.Grey Trousers
15785,Men,Apparel,Innerwear,Briefs,Black,Summer,2016,Casual,Facit Men Mid- Rise BF Black Briefs
33075,Men,Apparel,Topwear,Tshirts,Blue,Summer,2012,Casual,U.S.Polo Assn. Men Blue & Orange Striped T-shirt
40587,Women,Apparel,Topwear,Kurtas,Brown,Summer,2012,Ethnic,Aurelia Women Brown Kurta
44315,Men,Apparel,Bottomwear,Trousers,Blue,Summer,2012,Casual,Indian Terrain Men Blue Trousers
36735,Women,Apparel,Topwear,Tshirts,Multi,Summer,2012,Casual,Spykar Women Cult Multi T-shirt
33247,Men,Apparel,Topwear,Shirts,Grey,Summer,2012,Formal,Arrow Men Grey Check Shirt
11117,Men,Apparel,Topwear,Shirts,Grey,Fall,2011,Formal,Indigo Nation Men Solid Grey Shirts
32395,Women,Apparel,Topwear,Shirts,Grey,Summer,2012,Formal,Arrow Woman Grey Shirt
12792,Men,Apparel,Topwear,Tshirts,Black,Fall,2011,Sports,Nike Men Manchester United Black Jersey
27475,Women,Apparel,Innerwear,Bra,White,Winter,2015,Casual,Jockey Women White Essence Bra 2001
54187,Men,Apparel,Innerwear,Briefs,Charcoal,Summer,2016,Casual,Jockey MC Men Grey Pack of 2 Briefs 8003
16332,Men,Apparel,Topwear,Shirts,Red,Fall,2011,Formal,Peter England Men Stripes Red Shirt
50527,Men,Apparel,Innerwear,Briefs,Navy Blue,Winter,2016,Casual,Chromozome Men Navy Blue Pack of 2 Briefs
44588,Men,Apparel,Topwear,Shirts,White,Summer,2012,Casual,Scullers Men White & Navy Blue Check Shirt
21923,Women,Apparel,Topwear,Kurtas,Black,Fall,2011,Ethnic,BIBA Women Printed Black Kurta
10658,Women,Apparel,Topwear,Tops,White,Fall,2011,Casual,Doodle Girl Little frock White Tops
40128,Girls,Apparel,Topwear,Tops,Orange,Summer,2012,Casual,Gini and Jony Girls Roseatte Orange Top
9062,Men,Apparel,Topwear,Shirts,Pink,Fall,2011,Formal,Mark Taylor Men Pink Striped Shirt
23648,Men,Apparel,Topwear,Tshirts,Maroon,Summer,2012,Casual,Disney Men Maroon Printed T-shirt
12933,Men,Apparel,Topwear,Tshirts,Green,Fall,2011,Casual,Classic Polo Men Broad Stripes Green Tshirts
9250,Men,Apparel,Topwear,Shirts,Red,Fall,2011,Formal,Mark Taylor Men Red Striped Shirt
8382,Girls,Apparel,Topwear,Tshirts,Blue,Fall,2011,Casual,Doodle Girl's Raw Edges Light Blue Kidswear
30851,Women,Apparel,Topwear,Kurtas,Green,Summer,2012,Ethnic,Fabindia Women Printed Green Kurta
28092,Men,Apparel,Innerwear,Innerwear Vests,White,Summer,2016,Casual,Jockey GOLDEDN Men Gold Edition White Innerwear Vest 4020
15118,Men,Apparel,Bottomwear,Trousers,Black,Fall,2013,Formal,Arrow Men Stripes Black Trousers
12759,Women,Apparel,Bottomwear,Jeans,Blue,Fall,2011,Casual,Spykar Women Washed Blue Jeans
35947,Men,Apparel,Topwear,Shirts,White,Summer,2012,Casual,Flying Machine Men White Shirt
18263,Women,Apparel,Topwear,Kurtas,Yellow,Fall,2011,Ethnic,Aneri Women Nancy Yellow Kurta
9634,Men,Apparel,Topwear,Shirts,White,Fall,2011,Formal,Indigo Nation Men Price catch Black White Shirts
48513,Women,Apparel,Topwear,Tops,Black,Summer,2012,Casual,French Connection Women Black Top
42815,Women,Apparel,Innerwear,Briefs,Green,Summer,2012,Casual,Little Miss Intimates Women Green Brief
10832,Men,Apparel,Topwear,Tshirts,Green,Fall,2011,Casual,Wrangler Men American Music Folk Green T-Shirts
4917,Women,Apparel,Topwear,Tops,Pink,Summer,2011,Casual,Gini and Jony Girl's Vollie Pink Kidswear
52089,Women,Apparel,Topwear,Tshirts,Black,Summer,2012,Casual,Myntra Women Black T-shirt
4319,Unisex,Apparel,Topwear,Tshirts,Blue,Summer,2011,Casual,Tantra Kid's Unisex Free Spirit Turquoise Kidswear
19183,Men,Apparel,Topwear,Shirts,Grey,Fall,2011,Casual,United Colors of Benetton Men Check Grey Shirt
9406,Men,Apparel,Topwear,Tshirts,Black,Fall,2011,Casual,Puma Men Scribble Graphic Black Tshirts
3900,Women,Apparel,Topwear,Tshirts,Pink,Summer,2011,Casual,Disney Kids Girl Pooh Pink And White Top
18297,Women,Apparel,Topwear,Kurtas,Multi,Fall,2011,Ethnic,Aneri Women Kaalki Multi Coloured Kurta
6688,Women,Apparel,Topwear,Tshirts,Black,Summer,2011,Casual,UCB Women's V Neck Black T-shirt
54984,Women,Apparel,Loungewear and Nightwear,Lounge Pants,Blue,Summer,2017,Casual,Femella Women Printed Blue Lounge Pants
50518,Men,Apparel,Innerwear,Innerwear Vests,Black,Summer,2016,Casual,Chromozome Men Black Innerwear Vest
15588,Men,Apparel,Topwear,Shirts,Blue,Fall,2011,Casual,Spykar Men Striped Blue Shirt
33278,Boys,Apparel,Bottomwear,Jeans,Blue,Summer,2012,Casual,Gini and Jony Boys Washed Blue Jeans
5831,Men,Apparel,Topwear,Tshirts,Black,Summer,2011,Sports,Puma Men's Cbn Logo Black T-Shirt
11128,Men,Apparel,Bottomwear,Track Pants,Beige,Fall,2011,Sports,Urban Yoga Men Solid Beige Track Pants
14668,Men,Apparel,Topwear,Shirts,White,Fall,2011,Casual,Basics Men White Slim Fit Checked Shirt
25913,Women,Apparel,Bottomwear,Leggings,Blue,Summer,2012,Casual,Femella Women Blue Leggings
44924,Men,Apparel,Bottomwear,Jeans,Blue,Summer,2012,Casual,Jack & Jones Men Blue Jeans
32198,Men,Apparel,Topwear,Kurtas,Grey,Summer,2012,Ethnic,Fabindia Men Printed Grey Kurta
19177,Men,Apparel,Topwear,Shirts,Navy Blue,Fall,2011,Casual,United Colors Of Benetton Men Navy Blue Shirt
16903,Men,Apparel,Topwear,Sweatshirts,Grey,Fall,2011,Casual,Status Quo Men Solid Dark Grey Sweatshirt
7568,Men,Apparel,Topwear,Tshirts,Black,Summer,2011,Sports,Nike Men's Black Polo T-shirt
28630,Men,Apparel,Bottomwear,Track Pants,Grey,Summer,2012,Sports,Nike Men Pintuck Grey Track Pants
18899,Women,Apparel,Topwear,Tops,Maroon,Fall,2011,Casual,Arrow Woman Igor Maroon Top
52419,Women,Apparel,Loungewear and Nightwear,Nightdress,Coffee Brown,Winter,2015,Casual,Red Rose Women Coffee Brown Nightdress
4789,Men,Apparel,Topwear,Tshirts,Grey,Summer,2011,Sports,ADIDAS Men's Demon Grey T-shirt
24499,Women,Apparel,Topwear,Kurtas,Green,Fall,2011,Ethnic,Mother Earth Women Green Printed Kurta
7930,Men,Apparel,Topwear,Tshirts,Black,Fall,2011,Casual,Proline Men Black Polo T-shirt
13815,Men,Apparel,Topwear,Tshirts,Grey,Fall,2011,Casual,Proline Pack of 3 Printed T-shirts
19721,Men,Apparel,Topwear,Shirts,Grey,Fall,2011,Casual,United Colors Of Benetton Men Grey Shirt
34439,Women,Apparel,Topwear,Tshirts,White,Summer,2012,Casual,Myntra Women Explorer White T-shirt
28066,Men,Apparel,Innerwear,Trunk,Grey Melange,Summer,2016,Casual,Jockey ELANCE Mens Grey Melange Trunks 1015
46019,Women,Apparel,Topwear,Kurtas,White,Summer,2012,Ethnic,Fabindia Women White Printed Kurta
39326,Girls,Apparel,Bottomwear,Leggings,Black,Summer,2012,Casual,Gini and Jony Girls Black Leggings
57359,Women,Apparel,Innerwear,Bra,Black,Winter,2015,Casual,Amante Black Printed Full-Coverage Bra BGSW01
40983,Boys,Apparel,Topwear,Tshirts,White,Summer,2012,Casual,Gini and Jony Boys United White T-shirt
59092,Women,Apparel,Innerwear,Bra,Black,Summer,2017,Casual,Peri Peri Women Black Bra
57108,Women,Apparel,Topwear,Tops,White,Summer,2012,Casual,Elle Women White Top
39177,Women,Apparel,Topwear,Kurtas,Purple,Summer,2012,Ethnic,Aneri Women Purple Printed Kurta
25528,Women,Apparel,Topwear,Shirts,Navy Blue,Summer,2012,Casual,Wrangler Women Salena Navy Blue Check Shirt
7953,Men,Apparel,Topwear,Tshirts,Navy Blue,Fall,2011,Casual,Puma Men's Lifestyle Polo Mood Indigo T-shirt
12198,Men,Apparel,Topwear,Tshirts,Purple,Fall,2011,Casual,Basics Men Solid Purple Tshirts
19570,Men,Apparel,Topwear,Tshirts,Blue,Fall,2011,Casual,United Colors of Benetton Men Printed Blue TShirt
6881,Women,Apparel,Topwear,Tops,Peach,Summer,2011,Casual,Forever New Women Sleeveless Peach Top
46248,Women,Apparel,Topwear,Tops,Teal,Summer,2012,Casual,Fusion Beats Women Teal Top
16538,Men,Apparel,Topwear,Shirts,White,Fall,2011,Casual,Basics Men White Slim Fit Checked Shirt
8315,Men,Apparel,Topwear,Tshirts,Blue,Spring,2013,Casual,Wildcraft Men Organic Cotton Blue T-shirt
18690,Women,Apparel,Innerwear,Briefs,Pink,Winter,2015,Casual,Hanes Women Pack of Three 100% Cotton Plain Bikini Briefs
27871,Women,Apparel,Topwear,Shirts,White,Summer,2012,Casual,Scullers For Her Striped White Shirt
28005,Men,Apparel,Innerwear,Briefs,Blue,Summer,2016,Casual,Jockey ZONE Men Blue Modern Boxer Briefs US19
58372,Men,Apparel,Topwear,Tshirts,Beige,Summer,2012,Casual,Locomotive Men Beige T-shirt
39345,Men,Apparel,Topwear,Tshirts,Blue,Fall,2012,Casual,Mr. Men Blue T-shirt
27429,Women,Apparel,Topwear,Tshirts,Pink,Winter,2015,Casual,Jockey Women Pink T-shirt
19326,Men,Apparel,Topwear,Sweatshirts,Blue,Fall,2011,Casual,Myntra Men Solid Blue Sweatshirt
23089,Men,Apparel,Bottomwear,Trousers,Beige,Fall,2011,Casual,Arrow Men Beige Trousers
28461,Women,Apparel,Bottomwear,Capris,Black,Summer,2012,Casual,Urban Yoga Women Black Capris
4980,Women,Apparel,Bottomwear,Shorts,Blue,Summer,2011,Casual,Palm Tree Girl's Benita Blue Kidswear
39721,Women,Apparel,Topwear,Tops,Grey,Summer,2012,Casual,Arrow Woman Grey Printed Top
25970,Women,Apparel,Topwear,Tops,White,Summer,2012,Casual,Femella Women White Top
33815,Men,Apparel,Bottomwear,Trousers,Black,Summer,2012,Formal,Van Heusen Men Classic Pleated Black Trousers
11379,Women,Apparel,Topwear,Tops,Blue,Fall,2011,Casual,United Colors Of Benetton Women Winter Blue Top
33029,Women,Apparel,Topwear,Kurtis,Off White,Summer,2012,Ethnic,Mother Earth Women Printed Off White Kurti
19114,Men,Apparel,Topwear,Tshirts,White,Summer,2016,Casual,Campbell Men Pack of 3 T-Shirts
2845,Men,Apparel,Topwear,Tshirts,Blue,Summer,2011,Casual,Mr.Men Men's Mr.Noisy Blue T-shirt
22369,Men,Apparel,Bottomwear,Trousers,Navy Blue,Fall,2011,Casual,Highlander Men Solid Navy Blue Trouser
29781,Men,Apparel,Bottomwear,Trousers,Charcoal,Summer,2013,Casual,Basics Men Steel Charcoal Trousers
18200,Women,Apparel,Topwear,Sweaters,Red,Fall,2011,Casual,Jealous 21 Women Stripes Red Sweater
9657,Men,Apparel,Topwear,Shirts,Red,Fall,2011,Casual,Indigo Nation Men Reversible Bling Red Shirts
8785,Women,Apparel,Topwear,Jackets,Pink,Fall,2011,Casual,Lotto Women Cathy Pink Jacket
54913,Men,Apparel,Topwear,Sweatshirts,Beige,Summer,2012,Casual,Do u speak green Men Printed Beige Sweatshirt
17248,Men,Apparel,Topwear,Tshirts,Navy Blue,Fall,2011,Casual,U.S. Polo Assn. Men Stripes Navy Blue  Polo Tshirt
28495,Men,Apparel,Bottomwear,Track Pants,Black,Summer,2012,Sports,Urban Yoga Men Black Track Pants
29547,Men,Apparel,Topwear,Tshirts,Yellow,Summer,2012,Casual,Classic Polo Men Printed Yellow T-shirt
10851,Men,Apparel,Topwear,Tshirts,Brown,Fall,2011,Casual,Wrangler Men Applique Polo Brown T-Shirts
4974,Men,Apparel,Topwear,Shirts,Yellow,Summer,2011,Casual,Gini and Jony Boy's Kangaroo Yellow Infant Kidswear
38607,Men,Apparel,Topwear,Tshirts,Yellow,Summer,2012,Casual,Nike Men Yellow Just Do It T-shirt
45861,Women,Apparel,Topwear,Kurtas,Maroon,Summer,2012,Ethnic,Vishudh Women Maroon Kurta
1608,Men,Apparel,Bottomwear,Track Pants,Blue,Fall,2010,Sports,Reebok Track Pants Jet Black
9465,Men,Apparel,Topwear,Shirts,White,Fall,2011,Formal,John Miller Men White Self Structure Shirts
3963,Women,Apparel,Topwear,Tops,Black,Summer,2011,Casual,Jealous 21 Women Black V Neck Party Top
40977,Boys,Apparel,Topwear,Tshirts,Green,Summer,2012,Casual,Gini and Jony Boys Core Green T-shirt
59066,Women,Apparel,Innerwear,Bra,White,Summer,2017,Casual,Peri Peri Women White Bra
56812,Women,Apparel,Topwear,Kurtis,Multi,Summer,2012,Ethnic,Aneri Women Multi Coloured Kurti
39183,Women,Apparel,Topwear,Kurtas,Multi,Summer,2012,Ethnic,Aneri Women Multi Coloured Kurta
26359,Women,Apparel,Topwear,Tops,Black,Summer,2012,Casual,Arrow Women Black Top
19584,Men,Apparel,Topwear,Tshirts,Grey,Fall,2011,Casual,United Colors of Benetton Men Stripes Grey Tshirt
12950,Men,Apparel,Topwear,Shirts,White,Fall,2011,Casual,Basics Men White Slim Fit Checked Shirt
13882,Men,Apparel,Topwear,Shirts,Purple,Fall,2011,Casual,Scullers Men Check Purple Shirts
6049,Men,Apparel,Topwear,Tshirts,Black,Summer,2011,Casual,UCB Men's Polo Neck T-shirt In Solid Heavy Wash Black T-shirt
3709,Men,Apparel,Topwear,Tshirts,Purple,Summer,2011,Casual,Classic Polo Men's Purple Black Stripe T-shirt
51805,Women,Apparel,Innerwear,Bra,Pink,Summer,2016,Casual,Bwitch Light Pink Bra
9233,Men,Apparel,Topwear,Shirts,Blue,Fall,2011,Formal,Mark Taylor Men Blue Striped Shirt
51039,Women,Apparel,Innerwear,Briefs,Brown,Summer,2017,Casual,Enamor Women Brown Floral Printed Briefs
26957,Women,Apparel,Topwear,Shirts,Purple,Summer,2012,Casual,Jealous 21 Women Purple Shirt
27885,Women,Apparel,Topwear,Shirts,Blue,Summer,2012,Formal,Scullers For Her Blue Shirt
1862,Men,Apparel,Topwear,Tshirts,Grey,Summer,2011,Casual,Inkfruit Mens Urban Warfare T-shirt
10409,Men,Apparel,Topwear,Tshirts,Green,Fall,2011,Casual,United Colors of Benetton Men Green Polo Tshirts
32759,Men,Apparel,Topwear,Shirts,Purple,Summer,2012,Casual,Indigo Nation Men Striped Purple Shirt
2046,Men,Apparel,Topwear,Tshirts,Blue,Fall,2010,Casual,ADIDAS Mens Fitted Blue T-shirt
27624,Men,Apparel,Bottomwear,Shorts,Cream,Summer,2012,Casual,Scullers Men Cream Shorts
13411,Men,Apparel,Topwear,Shirts,Pink,Summer,2011,Casual,United Colors of Benetton Men Stripes Pink Shirts
34233,Men,Apparel,Topwear,Tshirts,Mustard,Summer,2013,Casual,Proline Men Mustard Yellow T-shirt
7534,Men,Apparel,Topwear,Tshirts,White,Summer,2011,Sports,Nike men's As Nike Spher White Orange T-shirt
22356,Men,Apparel,Topwear,Shirts,White,Fall,2011,Casual,John Players Men Solid White Shirt
45096,Women,Apparel,Innerwear,Bra,Purple,Winter,2015,Casual,Bwitch Purple Full-Coverage Lace Bra RTV-BW334
11346,Men,Apparel,Bottomwear,Jeans,Blue,Spring,2013,Casual,Lee Men Blue Zed Fit Jeans
33016,Women,Apparel,Topwear,Kurtas,Black,Summer,2012,Ethnic,Mother Earth Women Striped Black & Maroon Kurta
58729,Women,Apparel,Topwear,Tshirts,Blue,Summer,2012,Casual,Puma Women Blue T-shirt
11174,Men,Apparel,Topwear,Sweaters,Green,Fall,2011,Casual,Scullers Men Stripes Green Sweaters
33224,Women,Apparel,Topwear,Tops,Black,Summer,2012,Casual,Sepia Women Striped Black Top
27416,Women,Apparel,Bottomwear,Capris,Grey Melange,Winter,2015,Casual,Jockey Women Grey Melange Relaxed Fit Capris 1306
2274,Men,Apparel,Topwear,Tshirts,White,Fall,2010,Sports,Nike Mens AS White T-shirt
34001,Women,Apparel,Topwear,Tops,Brown,Summer,2012,Casual,Femella Women Brown Top
50544,Men,Apparel,Innerwear,Briefs,White,Summer,2016,Casual,Chromozome Men White Brief
17283,Men,Apparel,Topwear,Tshirts,Brown,Fall,2011,Casual,U.S. Polo Assn. Men Stripes Brown Polo Tshirt
16351,Men,Apparel,Topwear,Shirts,Cream,Fall,2011,Formal,Peter England Men Stripes Cream Shirt
7706,Women,Apparel,Topwear,Tops,Black,Fall,2011,Casual,Jealous 21 Women's She's Got Attitude Black Top
14062,Men,Apparel,Topwear,Tshirts,Grey,Fall,2011,Casual,Flying Machine Men Stripes Grey Polo Tshirts
20257,Men,Apparel,Topwear,Tshirts,Blue,Fall,2011,Casual,Wrangler Men Wing Blue Tshirt
5435,Men,Apparel,Topwear,Tshirts,Grey,Summer,2011,Sports,Nike Men's Encourage The Rookies Grey T-shirt
21385,Men,Apparel,Bottomwear,Track Pants,Navy Blue,Fall,2011,Casual,Manchester United Men Solid Navy Blue Track Pants
31117,Girls,Apparel,Topwear,Tops,White,Summer,2012,Casual,Gini and Jony Girls White Top
13247,Men,Apparel,Bottomwear,Jeans,Blue,Fall,2011,Casual,Palm Tree Kids Boy Washed Blue Jeans
54580,Women,Apparel,Topwear,Kurtas,Red,Summer,2012,Ethnic,Sushilas Women Printed Red Kurta
28806,Men,Apparel,Topwear,Shirts,Black,Summer,2012,Casual,Denizen Men Check Black Shirt
43537,Women,Apparel,Topwear,Tops,Green,Summer,2012,Casual,French Connection Women Green Top
7362,Women,Apparel,Topwear,Tops,Blue,Summer,2011,Casual,UCB Women's Graphic Print Sequins Blue Top
31325,Women,Apparel,Topwear,Kurtas,Purple,Summer,2012,Ethnic,Aurelia Women Printed Purple Kurta
7150,Women,Apparel,Topwear,Tops,Black,Fall,2011,Casual,Scullers For Her Women's Wow Knit Black Purple Top
16507,Men,Apparel,Bottomwear,Jeans,Blue,Fall,2011,Casual,Locomotive Men Washed Blue Jeans
6082,Men,Apparel,Topwear,Tshirts,Blue,Summer,2011,Casual,UCB Men's Polo Neck Blue T-shirt
13849,Men,Apparel,Topwear,Shirts,White,Fall,2011,Casual,Indigo Nation Men Check White Shirts
52445,Women,Apparel,Loungewear and Nightwear,Nightdress,Pink,Winter,2015,Casual,Red Rose Pink & Black Nightdress
57137,Women,Apparel,Bottomwear,Trousers,Khaki,Summer,2012,Casual,Elle Women Khaki Trousers
59891,Women,Apparel,Topwear,Shirts,Multi,Fall,2012,Casual,Femella Women Multi Coloured Shirt
11722,Men,Apparel,Topwear,Shirts,Red,Summer,2011,Casual,Lee Men Check Red Shirts
14096,Men,Apparel,Topwear,Tshirts,Blue,Fall,2011,Casual,Flying Machine Men Stripes Blue Tshirts
53751,Women,Apparel,Bottomwear,Track Pants,Mauve,Summer,2012,Casual,ADIDAS Women Mauve Track Pant
45634,Men,Apparel,Innerwear,Briefs,Black,Summer,2016,Casual,Park Avenue Men Black Swank Briefs
15144,Men,Apparel,Topwear,Shirts,White,Fall,2011,Casual,Arrow Sport Men Self-Stripes White Shirts
10436,Men,Apparel,Topwear,Tshirts,Pink,Fall,2011,Casual,Flying Machine Men Pink Polo Tshirts
24603,Women,Apparel,Topwear,Kurtas,White,Fall,2011,Ethnic,Vishudh Women White Printed Kurta
56223,Men,Apparel,Loungewear and Nightwear,Night suits,Brown,Summer,2016,Casual,SDL by Sweet Dreams Men Brown Pyjama Set
32766,Men,Apparel,Topwear,Shirts,White,Summer,2012,Formal,John Miller Men Striped White Shirt
42411,Men,Apparel,Innerwear,Briefs,Charcoal,Summer,2016,Casual,Basics Men Charcoal Hip Brief
12361,Men,Apparel,Topwear,Shirts,Blue,Fall,2011,Formal,Reid & Taylor Men Solid Blue Shirts
19789,Men,Apparel,Topwear,Tshirts,Orange,Winter,2016,Casual,U.S. Polo Assn. Men Solid Orange Tshirt
26154,Men,Apparel,Bottomwear,Trousers,Black,Summer,2012,Formal,John Miller Men Black Trousers
54574,Women,Apparel,Topwear,Kurtas,Green,Summer,2012,Ethnic,Sushilas Women Printed Green Kurti
51006,Women,Apparel,Innerwear,Bra,Brown,Summer,2017,Casual,Enamor Brown Bra
26968,Women,Apparel,Topwear,Tops,Purple,Summer,2012,Casual,Jealous 21 Women Check Purple Top
6244,Women,Apparel,Topwear,Tshirts,Black,Summer,2011,Casual,Lee Women's Rihana Black T-shirt
17613,Boys,Apparel,Topwear,Tshirts,Red,Fall,2011,Casual,Doodle Boys Catch Me Red Tshirt
12153,Women,Apparel,Topwear,Kurtas,Green,Fall,2011,Ethnic,Aurelia Women Solid Green Kurtas
26366,Women,Apparel,Topwear,Shirts,Pink,Summer,2012,Formal,Arrow Woman Pink Shirt
46283,Women,Apparel,Topwear,Tunics,White,Summer,2012,Casual,109F Women White Tunic
9802,Women,Apparel,Topwear,Tops,Navy Blue,Fall,2011,Casual,Scullers For Her Women Scullers Top Navy Blue Tops
6076,Men,Apparel,Topwear,Tshirts,White,Summer,2011,Casual,UCB Men's Polo Neck Striper White Yellow T-shirt
20091,Women,Apparel,Topwear,Sweaters,Grey,Summer,2012,Casual,United Colors of Benetton Women Grey Sweater
40948,Boys,Apparel,Topwear,Tshirts,White,Summer,2012,Casual,Gini and Jony Boys Rodeo T-shirt
21143,Women,Apparel,Topwear,Tops,Purple,Fall,2011,Casual,s.Oliver Women Solid Purple Top
59059,Women,Apparel,Topwear,Kurtas,Green,Summer,2012,Ethnic,Global Desi Women Green Kurta
4721,Boys,Apparel,Topwear,Tshirts,Red,Summer,2011,Casual,Disney Kids Boy's Royal Sailing Red Teen Kidswear
17879,Men,Apparel,Innerwear,Innerwear Vests,Green,Summer,2016,Casual,Levis Men Comfort Style Green Innerwear Vest
12537,Men,Apparel,Bottomwear,Track Pants,Grey,Fall,2011,Casual,Puma Men Solid Grey Track Pants
8588,Men,Apparel,Topwear,Shirts,Blue,Fall,2011,Casual,Scullers Men Scul Blue Shirts
42247,Women,Apparel,Topwear,Tops,Green,Summer,2012,Casual,Sepia Women Green Top
28698,Women,Apparel,Topwear,Kurtas,Brown,Summer,2012,Ethnic,W Women Printed Brown Kurta
16197,Men,Apparel,Topwear,Tshirts,Green,Fall,2011,Casual,Puma Men Rugby Green TShirt
36590,Men,Apparel,Topwear,Shirts,Red,Summer,2012,Casual,Provogue Men Eternity Red Shirt
10260,Men,Apparel,Bottomwear,Trousers,Grey,Fall,2011,Formal,John Miller Men Line Grey Trousers
24055,Men,Apparel,Topwear,Tshirts,Grey,Summer,2012,Casual,Locomotive Men Grey Striped T-shirt
56647,Women,Apparel,Topwear,Kurtis,Pink,Fall,2012,Ethnic,Mumbai Slang Women Pink Kurti
38638,Men,Apparel,Topwear,Tshirts,Black,Summer,2012,Casual,Nike Men Printed Black T-shirt
10052,Women,Apparel,Bottomwear,Shorts,Black,Fall,2011,Casual,Puma Women Trunk Black Shorts
24267,Men,Apparel,Topwear,Shirts,Blue,Summer,2012,Casual,Quiksilver Men Blue Check Shirt
2280,Women,Apparel,Topwear,Tshirts,Pink,Fall,2010,Sports,Nike Womens Sphere Pink T-shirt
3352,Men,Apparel,Topwear,Tshirts,Yellow,Summer,2011,Casual,Myntra Men's I Am Not Lazy Yellow T-shirt
31587,Men,Apparel,Topwear,Tshirts,Black,Summer,2012,Casual,Mark Taylor Men Printed Black T-shirt
47507,Men,Apparel,Innerwear,Innerwear Vests,White,Summer,2016,Casual,Facit Men White Facit Innerwear Vest
23042,Men,Apparel,Bottomwear,Trousers,Navy Blue,Fall,2011,Formal,Arrow Men Navy Blue Trousers
17277,Men,Apparel,Topwear,Tshirts,Navy Blue,Fall,2011,Casual,U.S. Polo Assn. Men Printed Navy Blue Tshirt
51462,Women,Apparel,Topwear,Tops,Brown,Summer,2012,Casual,Tonga Women Brown Top
51802,Women,Apparel,Loungewear and Nightwear,Nightdress,Navy Blue,Summer,2016,Casual,Bwitch  Navy Blue  Nightdress
42429,Women,Apparel,Topwear,Kurtas,Orange,Summer,2012,Ethnic,Aurelia  Women Orange Kurta
26950,Women,Apparel,Topwear,Tshirts,Maroon,Summer,2012,Casual,Jealous 21 Women Printed Maroon T-shirt
30835,Women,Apparel,Topwear,Kurtas,Pink,Summer,2012,Ethnic,Fabindia Women Fushsia Pink Kurta
27882,Women,Apparel,Topwear,Shirts,Olive,Summer,2012,Casual,Scullers For Her Olive Shirt
1865,Men,Apparel,Topwear,Tshirts,White,Summer,2011,Casual,Inkfruit Men Operation Kick
58381,Men,Apparel,Topwear,Tshirts,Grey,Summer,2012,Casual,Locomotive Men Grey T-shirt
56815,Women,Apparel,Topwear,Tunics,Multi,Summer,2012,Casual,Aneri Women Brown Tunic
4719,Girls,Apparel,Topwear,Tshirts,White,Summer,2011,Casual,Disney Kids Girl's Fun In The Fair White Teen Kidswear
59061,Women,Apparel,Topwear,Kurtas,Green,Summer,2012,Ethnic,Global Desi Women Green & Purple Kurta
39184,Women,Apparel,Topwear,Kurtas,Multi,Summer,2012,Ethnic,Aneri Women Multi Coloured Kurta
19583,Men,Apparel,Topwear,Tshirts,Black,Summer,2011,Casual,United Colors of Benetton Men Stripes Black Tshirt
13885,Men,Apparel,Topwear,Shirts,Black,Fall,2011,Casual,Scullers Men Check Black Shirts
59405,Women,Apparel,Topwear,Tops,Green,Fall,2012,Casual,Tokyo Talkies Women Green Top
10258,Men,Apparel,Bottomwear,Trousers,Navy Blue,Fall,2011,Formal,John Miller Men Line Navy Blue Trousers
9462,Men,Apparel,Topwear,Shirts,White,Fall,2011,Formal,John Miller Men White Check Shirt
3964,Women,Apparel,Topwear,Tops,Blue,Summer,2011,Casual,Jealous 21 Women Blue V Neck Party Top
29772,Men,Apparel,Topwear,Shirts,Red,Summer,2012,Casual,Wrangler Men Red Striped Casual Shirt
9650,Men,Apparel,Topwear,Shirts,Purple,Fall,2011,Casual,Indigo Nation Men Club Satin Purple Shirt
26508,Men,Apparel,Bottomwear,Trousers,Brown,Fall,2013,Casual,Arrow Sport Men Brown Trousers
8782,Men,Apparel,Topwear,Shirts,Purple,Fall,2011,Casual,Indigo Nation Men Bling PC Purple Shirts
22994,Men,Apparel,Loungewear and Nightwear,Lounge Pants,Charcoal,Summer,2016,Sports,2go Active Gear USA Men Charcoal Tiger Lounge Pants
28492,Men,Apparel,Topwear,Shirts,Blue,Summer,2012,Casual,Urban Yoga Men Blue Shirt
50588,Men,Apparel,Innerwear,Briefs,Blue,Summer,2016,Casual,Chromozome Men Blue Briefs
54914,Women,Apparel,Topwear,Tshirts,Cream,Summer,2012,Casual,Do u speak green Women Printed Cream T-shirt
6618,Men,Apparel,Topwear,Shirts,Purple,Summer,2011,Casual,Spykar Men Purple and white Check Shirt
10856,Men,Apparel,Topwear,Tshirts,Black,Fall,2011,Casual,Wrangler Men Black Polo Tshirts
4973,Men,Apparel,Topwear,Shirts,Yellow,Summer,2011,Casual,Gini and Jony Boy's Kangaroo Yellow Kidswear
38600,Men,Apparel,Topwear,Tshirts,Yellow,Summer,2012,Casual,Nike Men Yellow Cave T-shirt
4389,Men,Apparel,Topwear,Tshirts,Black,Summer,2011,Casual,Free Authority Men's Music Space Black T-shirt
13429,Men,Apparel,Topwear,Tshirts,Maroon,Summer,2011,Casual,United Colors of Benetton Men Printed Maroon Tshirts
19113,Men,Apparel,Topwear,Tshirts,White,Summer,2016,Casual,Campbell Men Pack of 3 Solid Tshirts
2842,Men,Apparel,Topwear,Tshirts,Grey,Summer,2011,Casual,Mr.Men Men's Mr.Mischief Grey T-shirt
3990,Men,Apparel,Topwear,Tshirts,Blue,Summer,2011,Casual,Mr.Men Men's Surfer Blue T-shirt
29786,Men,Apparel,Topwear,Tshirts,Green,Summer,2013,Casual,Basics Men Green Polo T-shirt
30499,Women,Apparel,Innerwear,Bra,Beige,Summer,2014,Casual,Lovable Women Fiona Beige Bra
19321,Men,Apparel,Topwear,Sweatshirts,Grey,Fall,2011,Casual,Myntra Men Solid Grey Sweatshirt
8776,Men,Apparel,Topwear,Shirts,Green,Fall,2011,Casual,Indigo Nation Men Check Me Out Green Shirts
34039,Boys,Apparel,Topwear,Shirts,Red,Summer,2012,Casual,Palm Tree Boys Check Red Shirt
55832,Women,Apparel,Loungewear and Nightwear,Nightdress,Purple,Summer,2017,Casual,SDL by Sweet Dreams Women White Printed Nightdress
16369,Men,Apparel,Bottomwear,Trousers,Grey,Fall,2011,Formal,Peter England Men Solid Grey Trouser
11970,Men,Apparel,Topwear,Tshirts,Grey,Fall,2011,Casual,Batman Men's Good Evil Grey T-shirt
39726,Women,Apparel,Topwear,Shirts,White,Summer,2012,Formal,Arrow Woman White Shirt
25379,Men,Apparel,Innerwear,Innerwear Vests,Black,Summer,2016,Casual,Levis Men Black & White Innerwear Vest
19745,Men,Apparel,Topwear,Tshirts,Red,Summer,2011,Casual,ADIDAS Originals Men Red Polo T-shirt
18697,Men,Apparel,Innerwear,Briefs,Blue,Summer,2016,Casual,Hanes Men Blue Ultimate Duo Dry Cotton Stretch Bikini Briefs
22538,Women,Apparel,Innerwear,Briefs,Grey,Winter,2015,Casual,Hanes Women Pack of Three 100% Cotton Plain Bikini Briefs
28002,Men,Apparel,Innerwear,Briefs,Grey,Summer,2016,Casual,Jockey ZONE Men Grey Tanga Brief US18
27876,Women,Apparel,Topwear,Shirts,White,Summer,2012,Casual,Scullers For Her Printed White Shirt
58375,Men,Apparel,Topwear,Tshirts,Blue,Summer,2012,Casual,Locomotive Men Blue T-shirt
1891,Men,Apparel,Topwear,Tshirts,White,Winter,2010,Casual,FIFA Mens Essentials White T-shirt
38290,Girls,Apparel,Topwear,Tops,Turquoise Blue,Summer,2012,Casual,Kids Ville Girls Turquoise Blue Top
40984,Boys,Apparel,Topwear,Tshirts,White,Summer,2012,Casual,Gini and Jony Boys United White T-shirt
57933,Men,Apparel,Topwear,Tshirts,Grey Melange,Summer,2012,Casual,French Connection Men Grey Melange T-shirt
59095,Women,Apparel,Innerwear,Bra,Skin,Summer,2017,Casual,Peri Peri Women Skin Bra
39170,Women,Apparel,Topwear,Kurtas,Black,Summer,2012,Ethnic,Aneri Women Black Kurta
32598,Women,Apparel,Topwear,Tops,Orange,Summer,2012,Casual,ONLY Women Orange Top
7954,Men,Apparel,Topwear,Tshirts,Blue,Fall,2011,Sports,Puma Men's Knit Polo Mazarine Blue Polo T-shirt
19577,Women,Apparel,Topwear,Tops,Olive,Summer,2011,Casual,United Colors of Benetton Women Solid Olive Top
27278,Women,Apparel,Topwear,Kurtas,Brown,Fall,2011,Ethnic,Mother Earth Women Beige Kurta
6886,Women,Apparel,Topwear,Jackets,Black,Summer,2011,Casual,Forever New Women Puff Sleeve Tux Black Jacket
7168,Men,Apparel,Topwear,Shirts,Blue,Fall,2011,Casual,Scullers Men Scul Blue White Shirt
13871,Men,Apparel,Topwear,Shirts,Beige,Fall,2011,Casual,Scullers Men Stripes Beige Shirts
15527,Men,Apparel,Topwear,Tshirts,White,Fall,2011,Casual,Puma Men Scribble White Tshirts
10869,Men,Apparel,Topwear,Tshirts,White,Fall,2011,Casual,Wrangler Men Fly The Wind White T-Shirts
53332,Men,Apparel,Innerwear,Boxers,Multi,Summer,2016,Casual,Smugglerz Men Multi coloured Check Boxers
56640,Women,Apparel,Topwear,Tunics,Blue,Summer,2012,Casual,Mumbai Slang Women Multi Coloured Tunic
2287,Men,Apparel,Topwear,Tshirts,White,Summer,2011,Casual,Nike Men White T-shirt
18238,Men,Apparel,Topwear,Tshirts,White,Fall,2011,Casual,Manchester United Men Printed White Tshirt
3355,Men,Apparel,Topwear,Tshirts,Black,Summer,2011,Casual,Myntra Men's Need for speed Black T-shirt
31580,Men,Apparel,Topwear,Tshirts,Navy Blue,Summer,2012,Casual,Mark Taylor Men Printed Navy Blue T-shirt
17270,Men,Apparel,Topwear,Tshirts,Black,Fall,2011,Casual,U.S. Polo Assn. Men Black Polo Tshirt
23045,Women,Apparel,Bottomwear,Leggings,Black,Fall,2011,Casual,Arrow Woman Black Printed Jeggings
54325,Women,Apparel,Innerwear,Bra,White,Summer,2017,Casual,Garfield Women White & Pink Bra
42240,Women,Apparel,Topwear,Tops,Purple,Summer,2012,Casual,Sepia Women Purple Top
12530,Women,Apparel,Topwear,Tshirts,Blue,Fall,2011,Casual,Puma Women Stripes Blue Tshirts
16190,Men,Apparel,Topwear,Jackets,Navy Blue,Fall,2011,Sports,Puma Men Heroes Navy Blue Jackets
45859,Women,Apparel,Topwear,Kurtas,Multi,Summer,2012,Ethnic,Vishudh Women Multi Coloured Kurta
24052,Men,Apparel,Topwear,Tshirts,Blue,Fall,2011,Casual,Locomotive Men Printed Blue T-shirt
26361,Women,Apparel,Topwear,Tops,Blue,Summer,2012,Casual,Arrow Woman Blue Top
12154,Women,Apparel,Bottomwear,Leggings,Black,Fall,2011,Ethnic,Aurelia Women Solid Black Leggings
46284,Women,Apparel,Topwear,Tops,Black,Summer,2012,Casual,109F Women Black & White Top
6071,Women,Apparel,Topwear,Tshirts,Pink,Summer,2011,Casual,UCB Women's Epaulettes Pink T-shirt
9805,Men,Apparel,Topwear,Shirts,Black,Fall,2011,Formal,John Miller Men Black Checks Shirts
20096,Women,Apparel,Topwear,Kurtas,White,Fall,2011,Ethnic,Diva Women Printed White Kurta
4726,Boys,Apparel,Topwear,Tshirts,White,Summer,2011,Casual,Disney Kids Boy's Regatta Annual White Teen Kidswear
15371,Women,Apparel,Topwear,Sweatshirts,Purple,Fall,2011,Casual,Urban Yoga Women Solid Purple Sweatshirts
21144,Women,Apparel,Topwear,Tops,White,Fall,2011,Casual,s.Oliver Women Solid White Top
14091,Women,Apparel,Topwear,Sweaters,Peach,Fall,2011,Casual,Flying Machine Women Solid Peach Sweaters
21376,Men,Apparel,Topwear,Tshirts,Green,Fall,2011,Casual,Manchester United Men Printed Green T-shirt
45633,Men,Apparel,Innerwear,Briefs,Navy Blue,Summer,2016,Casual,Park Avenue Men Navy Blue Swank Brief
24604,Women,Apparel,Topwear,Kurtas,Brown,Fall,2011,Ethnic,Vishudh Women Brown Printed Kurta
10431,Men,Apparel,Topwear,Shirts,Grey,Fall,2011,Casual,Flying Machine Men Ydc Grey Shirts
56224,Men,Apparel,Loungewear and Nightwear,Night suits,Grey,Summer,2016,Casual,SDL by Sweet Dreams Men Grey Pyjama Set
26153,Men,Apparel,Bottomwear,Trousers,Black,Summer,2012,Formal,John Miller Men Striped Black Trousers
42416,Women,Apparel,Topwear,Kurtas,Pink,Summer,2012,Ethnic,W Women Pink Kurta
3731,Men,Apparel,Topwear,Tshirts,Yellow,Summer,2011,Sports,CSK Mens Premium Jersey
54573,Women,Apparel,Topwear,Kurtas,Coffee Brown,Summer,2012,Ethnic,Sushilas Women Coffee Brown Kurta
51001,Women,Apparel,Innerwear,Bra,Skin,Summer,2018,Casual,Enamor Full Figure Skin Bra
17614,Boys,Apparel,Topwear,Tshirts,Black,Fall,2011,Casual,Doodle Boys Cycle Black Tshirt
34496,Women,Apparel,Topwear,Shirts,Blue,Summer,2012,Formal,Van Heusen Woman Blue Shirt
6243,Men,Apparel,Topwear,Tshirts,Green,Summer,2011,Casual,UCB Men's Contrast Logo Olive Green T-shirt
31322,Women,Apparel,Topwear,Kurtas,Blue,Summer,2012,Ethnic,Aurelia Women Printed Blue Kurta
19548,Men,Apparel,Topwear,Sweatshirts,Purple,Fall,2011,Casual,United Colors of Benetton Men Solid Purple Sweatshirt
43702,Women,Apparel,Topwear,Tops,Black,Summer,2012,Casual,Remanika Women Black Top
46270,Women,Apparel,Topwear,Tops,Purple,Summer,2012,Casual,109F Women Purple Layered Top
7157,Women,Apparel,Topwear,Tunics,Black,Fall,2011,Casual,Scullers For Her Women Fashion Summer Black Tunics
6085,Women,Apparel,Topwear,Tshirts,White,Summer,2011,Casual,UCB Women's Halftone Print White T-shirt
52442,Women,Apparel,Loungewear and Nightwear,Nightdress,Red,Winter,2015,Casual,Red Rose Red Nightdress
40187,Women,Apparel,Topwear,Kurtis,Blue,Summer,2012,Ethnic,Mumbai Slang Women Blue Kurti
57130,Women,Apparel,Topwear,Tops,White,Summer,2012,Casual,Elle Women Printed White Top
11725,Men,Apparel,Topwear,Tshirts,Orange,Fall,2011,Casual,Lee Men Printed Orange Tshirts
5432,Men,Apparel,Topwear,Tshirts,Blue,Summer,2011,Casual,Nike Men's Cruiser Run The City Blue T-shirt
20250,Men,Apparel,Topwear,Tshirts,Grey,Fall,2011,Casual,Wrangler Men Music Grey Tshirt
14065,Men,Apparel,Topwear,Tshirts,White,Fall,2011,Casual,Flying Machine Men Stripes White Polo Tshirts
59298,Men,Apparel,Topwear,Shirts,Green,Fall,2012,Casual,U.S. Polo Assn. Men Striped Green Shirt
21382,Men,Apparel,Bottomwear,Shorts,White,Fall,2011,Casual,Manchester United Men Solid White Shorts
31110,Boys,Apparel,Bottomwear,Jeans,Grey,Summer,2012,Casual,Gini and Jony Boys Washed Grey Jeans
2617,Men,Apparel,Topwear,Tshirts,Red,Summer,2011,Sports,Nike Mens Red Bleed Blue T-shirt
43530,Women,Apparel,Topwear,Tops,Orange,Summer,2012,Casual,French Connection Women Orange Top
13240,Men,Apparel,Topwear,Jackets,White,Fall,2011,Casual,Palm Tree Kids Boys Solid White Jackets
54587,Women,Apparel,Topwear,Kurtas,White,Summer,2012,Ethnic,Sushilas Women Printed White Kurta
27849,Women,Apparel,Topwear,Tshirts,Red,Summer,2012,Casual,Scullers For Her Red Polo T-shirt
36751,Girls,Apparel,Topwear,Tops,White,Summer,2012,Casual,Little Miss Girls Blah White Top
44371,Men,Apparel,Topwear,Tshirts,Purple,Summer,2012,Casual,Classic Polo Men Purple T-shirt
39719,Women,Apparel,Topwear,Tops,Beige,Summer,2012,Casual,Arrow Woman Beige Top
41603,Men,Apparel,Topwear,Shirts,Black,Summer,2012,Casual,Basics Men Black Shirt
11173,Men,Apparel,Topwear,Sweaters,Red,Fall,2011,Casual,Scullers Men Stripes Red Sweaters
25346,Men,Apparel,Innerwear,Briefs,Black,Summer,2016,Casual,Levis Men Black  Brief
2273,Men,Apparel,Topwear,Tshirts,Red,Summer,2011,Sports,Nike Mens Red Polo T-shirt
27411,Women,Apparel,Loungewear and Nightwear,Lounge Pants,Maroon,Winter,2015,Casual,Jockey Women Maroon Lounge Pants
31574,Men,Apparel,Topwear,Tshirts,Beige,Summer,2012,Casual,Mark Taylor Men Printed Beige T-shirt
8749,Men,Apparel,Topwear,Shirts,Purple,Fall,2011,Casual,Indigo Nation Men Stripes Shirt Purple Shirts
50543,Men,Apparel,Innerwear,Briefs,White,Summer,2016,Casual,Chromozome Men White Briefs
17284,Men,Apparel,Topwear,Tshirts,Blue,Fall,2011,Casual,U.S. Polo Assn. Men Stripes Fedral Blue Polo  Tshirt
28459,Women,Apparel,Bottomwear,Shorts,Purple,Summer,2012,Sports,Urban Yoga Women Purple Shorts
34006,Girls,Apparel,Topwear,Tops,Purple,Summer,2012,Casual,Gini and Jony Girls Purple Top
7701,Women,Apparel,Topwear,Tshirts,Pink,Fall,2011,Casual,Jealous 21 Women's She's Attitude Scarlet Pink T-shirt
13416,Men,Apparel,Topwear,Shirts,Pink,Summer,2011,Casual,United Colors of Benetton Men Check Pink Shirts
27623,Men,Apparel,Bottomwear,Shorts,Beige,Summer,2012,Casual,Scullers Men Beige Shorts
2041,Men,Apparel,Topwear,Tshirts,Grey,Fall,2010,Sports,ADIDAS Mens Fire Grey T-shirt
3193,Men,Apparel,Topwear,Tshirts,Beige,Summer,2011,Casual,Tantra Men's Nerds Light Brown T-shirt
34234,Men,Apparel,Topwear,Tshirts,Navy Blue,Summer,2013,Casual,Proline Men Navy Polo T-shirt
22351,Men,Apparel,Topwear,Shirts,Green,Fall,2011,Casual,John Players Men Check Green Shirt
7533,Men,Apparel,Bottomwear,Shorts,Black,Summer,2011,Sports,Nike Men's As T90 Black Short
36563,Men,Apparel,Topwear,Tshirts,Blue,Summer,2012,Casual,Jack & Jones Men Polo Blue T-shirt
45091,Women,Apparel,Innerwear,Bra,Lavender,Winter,2015,Casual,Bwitch Enchant Lavender & White Printed Bra RTV-BW297
14633,Women,Apparel,Topwear,Tops,Green,Fall,2011,Casual,United Colors of Benetton Women Printed Green Tops
11341,Men,Apparel,Bottomwear,Jeans,Blue,Summer,2017,Casual,Lee Men Light Blue Chicago Fit Jeans
8586,Men,Apparel,Topwear,Shirts,Red,Fall,2011,Casual,Scullers Men Red Shirt
42249,Women,Apparel,Topwear,Tunics,Blue,Summer,2012,Casual,Sepia Women Blue Tunic
9454,Men,Apparel,Topwear,Shirts,White,Fall,2011,Formal,John Miller Men White Check Shirt
17877,Men,Apparel,Innerwear,Innerwear Vests,Beige,Summer,2016,Casual,Levisi Men Comfort Style Beige Innerwear Vest
3952,Women,Apparel,Topwear,Tops,Purple,Summer,2011,Casual,Jealous 21 Women Purple Top With Purple Flower Top
28696,Women,Apparel,Topwear,Kurtas,Rust,Summer,2012,Ethnic,W Women Printed Rust Kurta
45850,Women,Apparel,Topwear,Kurtas,Blue,Summer,2012,Ethnic,Vishudh Women Blue Kurta
56649,Women,Apparel,Topwear,Kurtis,Cream,Fall,2012,Ethnic,Mumbai Slang Women Cream Kurti
23870,Men,Apparel,Bottomwear,Track Pants,Black,Fall,2011,Casual,ADIDAS Men Black  Track Pant
9666,Men,Apparel,Topwear,Shirts,Blue,Fall,2011,Casual,Indigo Nation Men Bling Blue Shirts
47509,Men,Apparel,Innerwear,Briefs,Brown,Summer,2016,Casual,Facit Men Brown Brief
15976,Men,Apparel,Topwear,Shirts,Purple,Fall,2011,Casual,Turtle Solid Men Purple Shirt
39380,Men,Apparel,Bottomwear,Jeans,White,Summer,2012,Casual,Peter England Men Blue Party Jeans
10438,Men,Apparel,Bottomwear,Jeans,Blue,Fall,2011,Casual,Flying Machine Men Midrise Blue Jeans
27088,Women,Apparel,Topwear,Kurtas,Black,Summer,2012,Ethnic,Aneri Women Aaliya Black Kurta
30803,Men,Apparel,Topwear,Shirts,Blue,Summer,2012,Ethnic,Fabindia Men Blue Shirt
26966,Women,Apparel,Topwear,Shirts,Purple,Summer,2012,Casual,Jealous 21 Women Check Purple Shirt
51008,Women,Apparel,Innerwear,Bra,Purple,Summer,2014,Casual,Enamor Purple Bra
26368,Women,Apparel,Topwear,Shirts,Red,Summer,2012,Casual,Arrow Woman Red Shirt
40946,Girls,Apparel,Topwear,Tops,Navy Blue,Summer,2012,Casual,Gini and Jony Girls Nautical Blues Navy Blue Top
33488,Men,Apparel,Topwear,Shirts,Purple,Summer,2012,Casual,Doodle Kids Boy Check Purple Shirt
15982,Men,Apparel,Topwear,Shirts,Grey,Fall,2011,Casual,Turtle Stripes Men Grey Shirt
28808,Men,Apparel,Topwear,Shirts,Black,Summer,2012,Casual,Denizen Men Striped Black Shirt
43539,Women,Apparel,Topwear,Tops,White,Summer,2012,Casual,French Connection Women Multicoloured Striped Top
13249,Men,Apparel,Bottomwear,Trousers,Brown,Fall,2011,Casual,Palm Tree Kids Boy Solid Brown Trousers
31119,Girls,Apparel,Topwear,Tops,Purple,Summer,2012,Casual,Gini and Jony Girls Purple Top
28034,Men,Apparel,Innerwear,Briefs,Charcoal,Summer,2016,Casual,Jockey ELANCE Men Charcoal Grey Y Front Briefs 1006
26992,Women,Apparel,Bottomwear,Jeans,Blue,Summer,2012,Casual,Jealous 21 Women Washed Light Blue Jeans
13847,Women,Apparel,Topwear,Tops,White,Fall,2011,Casual,United Colors of Benetton Women Printed White Top
16509,Men,Apparel,Bottomwear,Jeans,Blue,Fall,2011,Casual,Locomotive Men Washed Blue Jeans
46279,Women,Apparel,Topwear,Tunics,Blue,Summer,2012,Casual,109F Women Blue & Green Polka Dot Print Tunic
57139,Women,Apparel,Bottomwear,Trousers,Black,Summer,2012,Casual,Elle Women Black Etra Slim Fit Trousers
49655,Women,Apparel,Bottomwear,Skirts,Pink,Summer,2012,Casual,Mineral Pink & Green Skirt
17883,Men,Apparel,Innerwear,Innerwear Vests,Navy Blue,Summer,2016,Casual,Levis Men Comfort Style Navy Blue Innerwear Vest
22358,Men,Apparel,Topwear,Shirts,Beige,Fall,2011,Casual,John Players Men Solid Beige Shirt
58515,Women,Apparel,Topwear,Tops,White,Summer,2012,Casual,Tonga Women White Top
45098,Women,Apparel,Innerwear,Briefs,Pink,Summer,2016,Casual,Bwitch Fushia Pink Sapphire Brief
33018,Women,Apparel,Topwear,Kurtas,Green,Summer,2012,Ethnic,Mother Earth Women Striped Green Kurta
11348,Men,Apparel,Bottomwear,Jeans,Navy Blue,Summer,2017,Casual,Lee Men Navy Blue Powell Fit Jeans
8740,Men,Apparel,Topwear,Shirts,Navy Blue,Fall,2011,Casual,Indigo Nation Men Checks Navy Blue Shirt
27418,Women,Apparel,Bottomwear,Capris,Red,Winter,2015,Casual,Jockey Women Red Relaxed Capris
7708,Women,Apparel,Bottomwear,Jeans,Blue,Fall,2011,Casual,Jealous 21 Women Aliah Blue Jegging
55804,Women,Apparel,Loungewear and Nightwear,Night suits,Multi,Summer,2017,Casual,SDL by Sweet Dreams Women Multicoloured Striped Night Suit S11-3129
51498,Women,Apparel,Bottomwear,Jeans,Blue,Summer,2012,Casual,Denizen Women Blue Jeans
28450,Women,Apparel,Bottomwear,Track Pants,Grey,Summer,2012,Casual,Urban Yoga Women Grey Track Pants
59068,Women,Apparel,Innerwear,Bra,Blue,Summer,2017,Casual,Peri Peri Women Blue Bra
21172,Women,Apparel,Topwear,Tunics,Blue,Fall,2011,Casual,s.Oliver Women Powder Blue Tunic
38863,Women,Apparel,Topwear,Tops,Blue,Summer,2012,Casual,Latin Quarters Women Blue Printed Top
32565,Women,Apparel,Topwear,Tops,Blue,Summer,2012,Casual,ONLY Women Smock Blue Top
40145,Girls,Apparel,Bottomwear,Capris,Pink,Summer,2012,Casual,Gini and Jony Girls Kinky Pink Capris
24400,Women,Apparel,Topwear,Kurtas,Black,Summer,2012,Ethnic,Vishudh Women Black Printed Kurta
27285,Women,Apparel,Topwear,Kurtas,Brown,Fall,2011,Ethnic,Mother Earth Women Brown Kurta
12162,Women,Apparel,Bottomwear,Leggings,Green,Fall,2011,Ethnic,Aurelia Women Solid Blue Leggings
23625,Girls,Apparel,Topwear,Tops,Pink,Fall,2011,Casual,Doodle Kids Girls Pink Retro Top
51205,Women,Apparel,Innerwear,Bra,Skin,Summer,2017,Casual,Enamor Women Skin Bra
7195,Women,Apparel,Topwear,Tops,White,Fall,2011,Casual,Jealous 21 Women Knit Butterfly Print White Top
13282,Women,Apparel,Bottomwear,Capris,Black,Fall,2011,Casual,Gini and Jony Kids Solid Black Capris
12350,Men,Apparel,Topwear,Shirts,Pink,Fall,2011,Formal,Reid & Taylor Men Pink Striped Shirt
26959,Women,Apparel,Topwear,Shirts,Pink,Summer,2012,Casual,Jealous 21 Women Pink Shirt
51037,Women,Apparel,Innerwear,Briefs,White,Summer,2017,Casual,Enamor Women White and Pink Briefs
10407,Men,Apparel,Topwear,Shirts,Grey,Fall,2011,Formal,United Colors of Benetton Men Solid Grey Shirts
9659,Men,Apparel,Topwear,Shirts,Blue,Fall,2011,Casual,Indigo Nation Men Reversible Bling Blue Shirts
30464,Women,Apparel,Innerwear,Bra,White,Summer,2014,Casual,Lovable Women All Day Long White Bra
16394,Men,Apparel,Topwear,Shirts,Blue,Fall,2011,Casual,Levis Men Check Blue  Shirts
51453,Women,Apparel,Topwear,Tops,Multi,Summer,2012,Casual,Tonga Women Multicoloured Top
50581,Men,Apparel,Innerwear,Briefs,Grey Melange,Winter,2016,Casual,Chromozome Men Grey Pack of 2 Briefs
23073,Men,Apparel,Bottomwear,Trousers,Grey,Winter,2014,Formal,Arrow Men Grey Trousers
6611,Men,Apparel,Topwear,Shirts,Navy Blue,Summer,2011,Casual,Spykar Men Stripes Navy Blue Shirt
25384,Men,Apparel,Innerwear,Briefs,Blue,Summer,2016,Casual,Levis Men Blue Brief
24858,Men,Apparel,Topwear,Shirts,White,Summer,2011,Formal,Mark Taylor Men White Striped Shirt
11383,Women,Apparel,Topwear,Tops,Black,Fall,2011,Casual,United Colors Of Benetton Women Light Winter Black Tops
31784,Women,Apparel,Topwear,Tops,Red,Summer,2012,Casual,Lee Women Katie Red Top
23241,Women,Apparel,Topwear,Kurtis,Blue,Fall,2011,Ethnic,Aneri Women Juhi Blue Kurti
19328,Men,Apparel,Topwear,Sweatshirts,Maroon,Fall,2011,Casual,Myntra Men Maroon Sweatshirt
16360,Men,Apparel,Topwear,Shirts,Purple,Fall,2011,Formal,Peter England Men Stripes Purple Shirt
50575,Men,Apparel,Innerwear,Trunk,Grey Melange,Summer,2016,Casual,Chromozome Men Grey Trunks
34030,Boys,Apparel,Topwear,Shirts,Blue,Summer,2012,Casual,Gini and Jony Boys Check Blue Shirt
58718,Women,Apparel,Topwear,Kurtas,Green,Fall,2012,Ethnic,ALayna Women Green Kurta
33215,Women,Apparel,Topwear,Tops,Off White,Summer,2012,Casual,Sepia Women Off White Top
11145,Men,Apparel,Topwear,Shirts,Purple,Fall,2011,Casual,Indigo Nation Men Bling Purple Shirts
25370,Men,Apparel,Innerwear,Innerwear Vests,Black,Summer,2016,Casual,Levis Men Black Innerwear Vest
33027,Women,Apparel,Topwear,Kurtas,Blue,Summer,2012,Ethnic,Mother Earth Women Printed Blue Kurta
24090,Men,Apparel,Topwear,Sweatshirts,Red,Fall,2011,Casual,Manchester United Men Red Sweatshirt
11377,Men,Apparel,Topwear,Shirts,Pink,Fall,2011,Formal,United Colors of Benetton Men Summer Pink Shirts
41407,Women,Apparel,Topwear,Tops,Blue,Summer,2012,Casual,Wrangler Women Cowgirl Blue Top
34202,Men,Apparel,Bottomwear,Track Pants,Black,Fall,2013,Casual,Proline Men Black Track Pants
11713,Women,Apparel,Topwear,Tunics,Green,Summer,2011,Casual,Lee Women Check Green Tunics
25526,Women,Apparel,Topwear,Tops,Red,Summer,2012,Casual,Wrangler Women Poppins Red Top
32591,Women,Apparel,Bottomwear,Skirts,Pink,Summer,2012,Casual,ONLY Women Pink Skirt
39179,Women,Apparel,Topwear,Kurtas,Blue,Summer,2012,Ethnic,Aneri Women Blue Kurtas
57106,Women,Apparel,Topwear,Tops,White,Summer,2012,Casual,Elle Women White Top
27271,Women,Apparel,Topwear,Tunics,Red,Fall,2011,Ethnic,Mother Earth Women Printed Red Tunic
31314,Women,Apparel,Topwear,Kurtas,Red,Summer,2012,Ethnic,W Women Red & Blue Printed Kurta
13878,Men,Apparel,Topwear,Shirts,Red,Fall,2011,Casual,Scullers Men Check Red Shirts
50323,Women,Apparel,Topwear,Kurtas,Red,Summer,2012,Ethnic,Aurelia Women Red Kurta
46246,Women,Apparel,Topwear,Tunics,Green,Summer,2012,Casual,Fusion Beats Women Green Printed Tunic
14053,Men,Apparel,Topwear,Shirts,Blue,Fall,2011,Casual,Flying Machine Men Check  Blue Shirts
57334,Women,Apparel,Innerwear,Bra,Grey,Winter,2015,Casual,Amante Bra BCSO01
40383,Women,Apparel,Topwear,Tops,Pink,Summer,2012,Casual,Tokyo Talkies Women Pink Top
25348,Men,Apparel,Innerwear,Briefs,Green,Summer,2016,Casual,Levis Men Green Brief
39717,Women,Apparel,Topwear,Tops,Red,Summer,2012,Casual,Arrow Woman Red Top
16358,Men,Apparel,Topwear,Shirts,White,Fall,2011,Formal,Peter England Men Stripes White Shirt
55803,Women,Apparel,Loungewear and Nightwear,Night suits,Purple,Summer,2017,Casual,SDL by Sweet Dreams Women Purple Printed Night Suit S11-3127
34008,Girls,Apparel,Topwear,Tops,Pink,Summer,2012,Casual,Gini and Jony Girls Pink Top
28457,Women,Apparel,Bottomwear,Capris,Black,Summer,2012,Sports,Urban Yoga Women Black Capris
49652,Women,Apparel,Topwear,Tops,Blue,Summer,2012,Casual,Mineral Women Blue Top
13418,Men,Apparel,Topwear,Shirts,White,Summer,2011,Casual,United Colors of Benetton Men Solid White Shirts
58512,Women,Apparel,Topwear,Tops,Cream,Summer,2012,Casual,Tonga Women Printed Black Top
19546,Women,Apparel,Topwear,Sweatshirts,Black,Fall,2011,Casual,United Colors of Benetton Women Solid Black Sweatshirt
59898,Women,Apparel,Topwear,Tops,Black,Fall,2012,Casual,Femella Women Black Top
59296,Men,Apparel,Topwear,Shirts,White,Fall,2012,Casual,U.S. Polo Assn. Men White & Green Shirt
15985,Men,Apparel,Topwear,Shirts,Green,Fall,2011,Casual,Turtle Check Men Green Shirt
54589,Women,Apparel,Topwear,Kurtas,Green,Summer,2012,Ethnic,Sushilas Women Printed Green Kurta
28033,Men,Apparel,Innerwear,Briefs,Black,Summer,2016,Casual,Jockey ELANCE Men Black Y Front Briefs 1006
26995,Women,Apparel,Bottomwear,Jeans,Blue,Summer,2012,Casual,Jealous 21 Women Washed Light Blue Jeans
20098,Women,Apparel,Topwear,Kurtas,Pink,Fall,2011,Ethnic,Diva Women Printed Pink Kurta
40941,Girls,Apparel,Topwear,Tops,Pink,Summer,2012,Casual,Gini and Jony Girls Pretty Pink Top
37813,Men,Apparel,Topwear,Shirts,Black,Summer,2012,Casual,John Players Men Check Black Shirt
39387,Men,Apparel,Bottomwear,Jeans,Blue,Summer,2012,Casual,Peter England Men Blue Jeans
15971,Men,Apparel,Topwear,Shirts,Green,Fall,2011,Casual,Turtle Check Men Green Shirt
42418,Girls,Apparel,Topwear,Tops,White,Summer,2012,Casual,Gini and Jony Girls Woven White Top
12368,Men,Apparel,Topwear,Shirts,Blue,Fall,2011,Formal,Reid & Taylor Men Stripes Blue Shirts
34498,Women,Apparel,Topwear,Tops,Blue,Summer,2012,Formal,Van Heusen Woman Striped Blue Top
30804,Men,Apparel,Topwear,Shirts,Rust,Summer,2012,Ethnic,Fabindia Men Rust Shirt
9661,Men,Apparel,Topwear,Shirts,Blue,Fall,2011,Casual,Indigo Nation Men Reversible Bling Blue Shirts
54925,Men,Apparel,Bottomwear,Shorts,Cream,Summer,2012,Casual,Do U Speak Green Men Cream Shorts
9453,Men,Apparel,Topwear,Shirts,Blue,Fall,2011,Formal,John Miller Men White checks Blue Shirts
17870,Men,Apparel,Innerwear,Briefs,Black,Summer,2016,Casual,Levis Men Boxer Black Brief
3955,Women,Apparel,Topwear,Tops,Red,Summer,2011,Casual,Jealous 21 Women Printed Red Top
28691,Women,Apparel,Topwear,Kurtas,Black,Summer,2012,Ethnic,W Women Printed Black Kurta
18699,Men,Apparel,Innerwear,Briefs,Blue,Summer,2016,Casual,Hanes Men Blue Ultimate Duo Dry Cotton Stretch Bikini Briefs
28830,Women,Apparel,Innerwear,Briefs,Grey,Summer,2017,Casual,Enamor Women Pack of 3 Briefs
31121,Girls,Apparel,Topwear,Tops,Black,Summer,2012,Casual,Gini and Jony Girls Black Top
27878,Women,Apparel,Topwear,Shirts,Blue,Summer,2012,Casual,Scullers For Her Women White Printed Shirt
14054,Men,Apparel,Topwear,Shirts,Red,Fall,2011,Casual,Flying Machine Men Check Red Shirts
11526,Women,Apparel,Topwear,Tops,Black,Fall,2011,Casual,United Colors of Benetton Women Light Winter Black Tops
57333,Women,Apparel,Innerwear,Bra,Cream,Winter,2015,Casual,Amante Cream-Coloured Full-Coverage T-shirt Bra BCSM11
32596,Women,Apparel,Topwear,Tops,Peach,Summer,2012,Casual,ONLY Women Peach Long Tank Top
25521,Men,Apparel,Innerwear,Innerwear Vests,White,Summer,2016,Casual,Levis Men White Innerwear Vest
11714,Women,Apparel,Topwear,Shirts,Blue,Summer,2011,Casual,Lee Women Check Blue Shirts
57101,Women,Apparel,Topwear,Tops,Cream,Summer,2012,Casual,Elle Women Cream Top
27276,Women,Apparel,Topwear,Kurtas,Beige,Fall,2011,Ethnic,Mother Earth Women Beige Kurta
6888,Women,Apparel,Topwear,Tops,Cream,Summer,2011,Casual,Forever New Women's Cream Floral Print Top
19579,Women,Apparel,Topwear,Tops,Green,Summer,2011,Casual,United Colors of Benetton Women Green Top
12191,Men,Apparel,Topwear,Shirts,Brown,Fall,2011,Casual,Basics Men Brown Slim Fit Shirt
31313,Women,Apparel,Topwear,Kurtas,Blue,Summer,2012,Ethnic,W Women Blue Kurta
50324,Women,Apparel,Topwear,Kurtas,Peach,Summer,2012,Ethnic,Aurelia Women Peach Kurta
7166,Men,Apparel,Topwear,Shirts,Red,Fall,2011,Casual,Scullers Men Scul Red White Shirt
46241,Women,Apparel,Topwear,Kurtas,Cream,Summer,2012,Ethnic,Fusion Beats Women Cream Kurta
52017,Women,Apparel,Loungewear and Nightwear,Night suits,Black,Summer,2017,Casual,Inaya Women Black Pyjama Set
33020,Women,Apparel,Topwear,Kurtas,Yellow,Summer,2012,Ethnic,Mother Earth Women Printed Yellow Kurta
11370,Women,Apparel,Topwear,Sweatshirts,Green,Fall,2011,Casual,United Colors Of Benetton Women Light Wintersweat Green Sweatshirts
9498,Men,Apparel,Topwear,Shirts,Pink,Fall,2011,Formal,John Miller Men Pink white black check Pink Shirts
7502,Women,Apparel,Bottomwear,Capris,Black,Summer,2011,Sports,Nike Women As Classic Black Capri
22360,Men,Apparel,Topwear,Shirts,Blue,Fall,2011,Casual,John Players Men Check Blue Shirt
34205,Men,Apparel,Bottomwear,Track Pants,Grey Melange,Fall,2013,Sports,Proline Men Grey Melange Track Pants
8778,Men,Apparel,Topwear,Shirts,Black,Fall,2011,Casual,Indigo Nation Men Black Striped Shirt
27420,Women,Apparel,Loungewear and Nightwear,Lounge Pants,Grey,Winter,2015,Casual,Jockey Women Grey Lounge Pants
13615,Men,Apparel,Innerwear,Innerwear Vests,Grey,Summer,2016,Casual,Hanes Men Grey V DuoDry Body Fit V-Neck T-shirt
30497,Women,Apparel,Innerwear,Bra,Pink,Summer,2014,Casual,Lovable Women Fiona Rose Pink Bra
16367,Men,Apparel,Topwear,Shirts,Blue,Fall,2011,Formal,Peter England Men Check Blue Shirt
34037,Boys,Apparel,Topwear,Shirts,Blue,Summer,2012,Casual,Palm Tree Boys Check Blue Shirt
50572,Men,Apparel,Innerwear,Trunk,Navy Blue,Summer,2016,Casual,Chromozome Men Navy Blue Trunks
33212,Women,Apparel,Topwear,Tops,Black,Summer,2012,Casual,Sepia Women Black Top
4989,Women,Apparel,Bottomwear,Shorts,Green,Summer,2011,Casual,Gini and Jony Girl's Fenil Bright Green Kidswear
39728,Women,Apparel,Topwear,Shirts,Pink,Summer,2012,Formal,Arrow Woman Women Pink Shirt
10256,Men,Apparel,Topwear,Shirts,Green,Fall,2011,Casual,Locomotive Men Stripes Green Shirts
32106,Men,Apparel,Innerwear,Trunk,Grey,Summer,2016,Casual,Playboy Men Crocker Grey Trunks
11384,Men,Apparel,Topwear,Shirts,Red,Fall,2011,Casual,United Colors of Benetton Men White & Red Check Shirt
31783,Women,Apparel,Topwear,Tops,Purple,Summer,2012,Casual,Lee Women Purple Paula Pansy Top
30651,Men,Apparel,Bottomwear,Track Pants,Black,Summer,2012,Sports,Nike Men Black Track Pants
22394,Women,Apparel,Bottomwear,Track Pants,Black,Fall,2011,Casual,ADIDAS Women Ess MF3S  Black Track Pant
30463,Women,Apparel,Innerwear,Bra,Pink,Summer,2014,Casual,Lovable Women All Day Long Pink Bra
16393,Men,Apparel,Topwear,Shirts,Black,Fall,2011,Casual,Levis Men Check Black Shirts
51454,Women,Apparel,Topwear,Tops,Multi,Summer,2012,Casual,Tonga Women Multicoloured Top
6616,Men,Apparel,Topwear,Shirts,Pink,Summer,2011,Casual,Spykar Men Linen Pink Shirt
50586,Men,Apparel,Innerwear,Briefs,Black,Summer,2016,Casual,Chromozome Men Black Briefs
25383,Men,Apparel,Innerwear,Innerwear Vests,White,Summer,2016,Casual,Levis Men White Innerwear Vest
13285,Men,Apparel,Bottomwear,Shorts,Black,Fall,2011,Casual,Gini and Jony Kids Boys Solid Black Shorts
42427,Women,Apparel,Topwear,Kurtas,Green,Summer,2012,Ethnic,Aurelia Women Green Kurta
12357,Men,Apparel,Topwear,Shirts,Blue,Fall,2011,Formal,Reid & Taylor Men Check Blue Shirts
26162,Men,Apparel,Bottomwear,Trousers,Black,Summer,2012,Formal,John Miller Men Black Trousers
17625,Men,Apparel,Bottomwear,Track Pants,Black,Fall,2011,Sports,ADIDAS Men Solid Black Track Pant
51030,Women,Apparel,Innerwear,Bra,Purple,Summer,2017,Casual,Enamor Mulberry Purple Coloured Bra
37222,Boys,Apparel,Topwear,Shirts,Navy Blue,Summer,2012,Casual,United Colors of Benetton Boys Check Navy Blue Shirt
15340,Women,Apparel,Bottomwear,Shorts,Black,Fall,2011,Sports,Nike Women Solid Black Shorts
53555,Men,Apparel,Innerwear,Boxers,Multi,Summer,2016,Casual,Probase Multicoloured Printed Boxers
38864,Women,Apparel,Topwear,Tops,Purple,Summer,2012,Casual,Latin Quarters Women Purple & White Top
32562,Women,Apparel,Bottomwear,Trousers,Olive,Summer,2012,Casual,ONLY Women Olive Trousers
24407,Women,Apparel,Topwear,Kurtas,Pink,Summer,2012,Ethnic,Vishudh Women Pink Printed Kurta
27282,Women,Apparel,Topwear,Kurtas,Blue,Fall,2011,Ethnic,Mother Earth Women Blue Kurta
12165,Women,Apparel,Topwear,Dupatta,Navy Blue,Fall,2011,Ethnic,Aurelia Women Voile Navy Blue Dupatta
7192,Women,Apparel,Bottomwear,Jeans,Brown,Fall,2011,Casual,Jealous 21 Women Brown Jeggings
51202,Women,Apparel,Innerwear,Bra,Skin,Summer,2017,Casual,Enamor Women Skin Bra
9894,Men,Apparel,Bottomwear,Trousers,Black,Fall,2011,Formal,Indian Terrain Men Sid Black Trousers
8946,Men,Apparel,Bottomwear,Trousers,Beige,Fall,2011,Casual,Indigo Nation Men ID Printed Beige Trousers
22750,Women,Apparel,Topwear,Kurtas,White,Fall,2011,Ethnic,BIBA Women Printed White Kurta
27222,Women,Apparel,Bottomwear,Capris,Pink,Summer,2012,Casual,Doodle Kids Girl  Pink Capris
57155,Women,Apparel,Topwear,Tops,Pink,Summer,2012,Casual,Elle Women Pink Top
52427,Women,Apparel,Loungewear and Nightwear,Nightdress,Cream,Winter,2015,Casual,Red Rose Cream Nightdress
11572,Women,Apparel,Topwear,Kurtas,White,Summer,2011,Ethnic,W Women Printed White Kurtas
57367,Women,Apparel,Innerwear,Briefs,Peach,Summer,2017,Casual,Amante Women Peach-Coloured Briefs PCLR02
5457,Men,Apparel,Bottomwear,Track Pants,Navy Blue,Summer,2011,Sports,Nike Men's Perfect Navy Blue Track Pant
14000,Men,Apparel,Topwear,Jackets,Blue,Fall,2011,Sports,Nike Men Printed Blue Jackets
28058,Men,Apparel,Innerwear,Briefs,Grey Melange,Summer,2016,Casual,Jockey ELANCE Men Pack Of 2 Grey Briefs 1010
27010,Women,Apparel,Bottomwear,Capris,Blue,Summer,2012,Casual,Jealous 21 Women Washed Light Blue Capris
13225,Men,Apparel,Topwear,Sweatshirts,Blue,Fall,2011,Casual,Palm Tree Kids Boys Printed Blue Sweatshirts
31175,Girls,Apparel,Topwear,Tops,Magenta,Summer,2012,Casual,Gini and Jony Girls Purple Top
33246,Men,Apparel,Topwear,Shirts,Lavender,Spring,2013,Formal,Arrow Men Lavender Unstainable Slim Fit Shirt
41666,Men,Apparel,Topwear,Shirts,Purple,Summer,2012,Formal,Mark Taylor Men Brown Striped Shirt
32394,Women,Apparel,Topwear,Shirts,Lavender,Summer,2012,Formal,Arrow Woman Lavender Shirt
11116,Men,Apparel,Topwear,Shirts,Grey,Fall,2011,Formal,Indigo Nation Men Solid Grey Shirts
59699,Women,Apparel,Innerwear,Bra,Black,Summer,2012,Casual,Avirate Black Bra
16333,Men,Apparel,Topwear,Shirts,Black,Fall,2011,Formal,Peter England Men Stripes Black Shirt
50526,Men,Apparel,Innerwear,Briefs,Grey,Winter,2016,Casual,Chromozome Men Pack of 2 Briefs
27474,Women,Apparel,Innerwear,Bra,Pink,Winter,2015,Casual,Jockey Essence Pink Bra 2001
54186,Men,Apparel,Innerwear,Briefs,Olive,Summer,2016,Casual,Jockey ELANCE Men Olive Briefs 1006
34251,Men,Apparel,Bottomwear,Shorts,Navy Blue,Summer,2013,Sports,Proline Navy Shorts
49639,Women,Apparel,Topwear,Tops,Green,Summer,2012,Casual,Mineral Women Lime Green Top
26794,Men,Apparel,Topwear,Shirts,Grey,Summer,2013,Formal,Arrow Men Grey Shirt
40586,Women,Apparel,Topwear,Kurtas,White,Summer,2012,Ethnic,Aurelia Women White Kurta
11324,Men,Apparel,Bottomwear,Trousers,Black,Fall,2011,Smart Casual,United Colors of Benetton Men Black and Brown Checked Trousers
15784,Men,Apparel,Innerwear,Briefs,Brown,Summer,2016,Casual,Facit Men Brown Comfort Briefs
39788,Men,Apparel,Topwear,Shirts,Purple,Summer,2012,Formal,Peter England Men Maroon Purple Shirt
4929,Women,Apparel,Bottomwear,Skirts,Blue,Summer,2011,Casual,Gini and Jony Girl's Vanida Blue Dungree Kidswear
51400,Men,Apparel,Topwear,Shirts,Yellow,Summer,2012,Formal,Myntra Men Yellow Shirt
27480,Women,Apparel,Innerwear,Bra,Black,Winter,2015,Casual,Jockey Essence Black Bra 2004
23212,Women,Apparel,Topwear,Kurtis,Black,Fall,2011,Ethnic,Aneri Women Silver Moon Black Kurti
42225,Women,Apparel,Topwear,Tops,Blue,Summer,2012,Casual,Sepia Women Blue Top
13487,Men,Apparel,Topwear,Shirts,Blue,Fall,2011,Casual,Spykar Men Stripes Blue Shirts
30605,Men,Apparel,Bottomwear,Track Pants,Grey,Summer,2012,Casual,Nike Men Classic Jersey Grey Track Pants
40572,Women,Apparel,Topwear,Kurtas,Blue,Summer,2012,Ethnic,W Women Blue Kurta
56417,Women,Apparel,Innerwear,Bra,Blue,Summer,2017,Casual,Biara Women Blue  Bra
15770,Men,Apparel,Innerwear,Briefs,Grey,Summer,2016,Casual,Facit Men Grey Briefs
6014,Men,Apparel,Topwear,Shirts,Black,Summer,2011,Casual,Highlander Men Black & White Checked Slim Fit Shirt
42641,Women,Apparel,Topwear,Kurtas,Blue,Summer,2012,Ethnic,W Women Blue Kurta
12131,Women,Apparel,Topwear,Kurtas,Purple,Fall,2011,Ethnic,Aurelia Women Solid Purple Kurtas
21121,Men,Apparel,Topwear,Shirts,Navy Blue,Fall,2011,Casual,s.Oliver Men Check Navy Blue Shirt
11586,Women,Apparel,Topwear,Kurtas,Beige,Summer,2011,Ethnic,W Women Printed Beige Kurtas
56241,Men,Apparel,Loungewear and Nightwear,Night suits,Navy Blue,Summer,2016,Casual,SDL by Sweet Dreams Men Blue & Grey Pyjama Set
57393,Women,Apparel,Innerwear,Briefs,Multi,Winter,2015,Casual,Amante Women Pack of 6 Briefs PFCN06
45656,Men,Apparel,Innerwear,Trunk,Black,Summer,2016,Casual,Park Avenue Men Black Trunks
28890,Women,Apparel,Innerwear,Briefs,Pink,Summer,2012,Casual,Enamor Women Dark Pink Regular-Rise Bikini Brief
12303,Men,Apparel,Topwear,Shirts,Red,Fall,2011,Formal,Genesis Men Check Red Shirts
26136,Men,Apparel,Bottomwear,Trousers,Black,Summer,2012,Formal,John Miller Men Black Trousers
44925,Men,Apparel,Bottomwear,Trousers,Brown,Summer,2012,Casual,Jack & Jones Men Brown Jeans
32199,Men,Apparel,Topwear,Kurtas,Beige,Summer,2012,Ethnic,Fabindia Men Printed Beige Kurta
14669,Men,Apparel,Topwear,Shirts,Blue,Fall,2011,Casual,Basics Men Blue Slim Fit Striped Shirt
25912,Women,Apparel,Bottomwear,Leggings,Cream,Summer,2012,Casual,Femella Women Cream Leggings
18898,Women,Apparel,Topwear,Shirts,White,Fall,2011,Casual,Arrow Woman Solid White Shirt
28631,Men,Apparel,Bottomwear,Track Pants,Navy Blue,Summer,2012,Sports,Nike Men Pintuck Navy Blue Track Pants
19176,Men,Apparel,Topwear,Shirts,Black,Fall,2011,Casual,United Colors of Benetton Men Check Black Shirt
50519,Men,Apparel,Innerwear,Innerwear Vests,Charcoal,Summer,2016,Casual,Chromozome Men Charcoal Melange Innerwear Vest
54985,Women,Apparel,Loungewear and Nightwear,Lounge Pants,Blue,Summer,2017,Casual,Femella Women Printed Blue Lounge Pants
22905,Men,Apparel,Bottomwear,Trousers,Charcoal,Summer,2011,Formal,Mark Taylor Men Black Striped Trousers
18296,Women,Apparel,Topwear,Kurtas,Pink,Fall,2011,Ethnic,Aneri Women Ekta Pink Kurta
33279,Unisex,Apparel,Bottomwear,Jeans,Blue,Summer,2012,Casual,Gini and Jony Kids Unisex Blue Jeans
39743,Girls,Apparel,Topwear,Tops,White,Summer,2012,Casual,Gini Jony Girls Printed White Top
11129,Men,Apparel,Bottomwear,Track Pants,Blue,Fall,2011,Sports,Urban Yoga Men Solid Blue Track Pants
28067,Men,Apparel,Innerwear,Trunk,Blue,Summer,2016,Casual,Jockey ELANCE Mens Blue Trunks 1015
46018,Women,Apparel,Topwear,Kurtas,Green,Summer,2012,Ethnic,Fabindia Women Green Kurta
50941,Men,Apparel,Innerwear,Innerwear Vests,Red,Summer,2016,Casual,Parx Men Red Vest
30098,Men,Apparel,Bottomwear,Jeans,Black,Winter,2016,Casual,Flying Machine Men Washed Black Jeans
19720,Men,Apparel,Topwear,Shirts,Black,Fall,2011,Casual,United Colors of Benetton Men Black Striped Shirt
39327,Girls,Apparel,Bottomwear,Leggings,Green,Summer,2012,Casual,Gini and Jony Girls Green Leggings
57358,Women,Apparel,Innerwear,Bra,Purple,Winter,2015,Casual,Amante Purple Printed Push-Up Bra BGSS01
24498,Women,Apparel,Topwear,Kurtas,Brown,Fall,2011,Ethnic,Mother Earth Women Brown Printed Kurta
52418,Women,Apparel,Loungewear and Nightwear,Nightdress,Off White,Winter,2015,Casual,Red Rose Women Cream Nightdress
7931,Men,Apparel,Bottomwear,Track Pants,Grey,Fall,2011,Sports,Puma Men Jersey Long Grey Track Pant
30850,Women,Apparel,Topwear,Kurtas,Multi,Summer,2012,Ethnic,Fabindia Women Printed Multi Coloured Kurta
28093,Men,Apparel,Innerwear,Briefs,Black,Summer,2016,Casual,Jockey MC Men Black Y Front Briefs 8003
9251,Men,Apparel,Topwear,Shirts,Green,Fall,2011,Formal,Mark Taylor Men Green Striped Shirt
51867,Women,Apparel,Innerwear,Bra,Black,Summer,2016,Casual,Bwitch Black Bra
15119,Men,Apparel,Bottomwear,Trousers,Grey,Fall,2012,Formal,Arrow Men Stripes Grey Trousers
59838,Men,Apparel,Topwear,Shirts,Navy Blue,Summer,2010,Casual,United Colors of Benetton Men Navy Blue Shirt
40129,Boys,Apparel,Topwear,Shirts,Navy Blue,Summer,2012,Casual,Gini and Jony BoysCore Navy Blue Shirt
9063,Men,Apparel,Topwear,Shirts,Pink,Fall,2011,Formal,Mark Taylor Men Pink Striped Shirt
3901,Girls,Apparel,Bottomwear,Skirts,Blue,Summer,2011,Casual,Disney Kids Girl's Pooh Denim Blue Skirt
19182,Men,Apparel,Topwear,Shirts,Maroon,Fall,2011,Casual,United Colors Of Benetton Men Maroon Check Shirt
42814,Women,Apparel,Innerwear,Briefs,Grey,Summer,2012,Casual,Little Miss Intimates Women Grey Brief
12758,Men,Apparel,Bottomwear,Jeans,Blue,Fall,2011,Casual,Spykar Men Washed Blue Jeans
9635,Men,Apparel,Topwear,Shirts,White,Fall,2011,Formal,Indigo Nation Men Price catch Blue White Shirts
48512,Women,Apparel,Topwear,Tops,Grey,Summer,2012,Casual,French Connection Women Grey Top
18262,Women,Apparel,Topwear,Kurtas,Brown,Fall,2011,Ethnic,Aneri Women Himani Brown Kurta
4916,Women,Apparel,Topwear,Tops,White,Summer,2011,Casual,Gini and Jony Girl's Vollie White Infant Kidswear
11581,Women,Apparel,Topwear,Kurtas,Yellow,Summer,2011,Ethnic,W Women Printed Yellow Kurtas
45651,Men,Apparel,Innerwear,Trunk,Grey Melange,Summer,2016,Casual,Park Avenue Men Grey Melange Trunks
15121,Men,Apparel,Bottomwear,Trousers,Charcoal,Fall,2011,Formal,Arrow Men Autoflex Charcoal Trousers
30868,Women,Apparel,Topwear,Kurtas,Off White,Summer,2012,Ethnic,Fabindia Women Off White Kurta
22591,Men,Apparel,Topwear,Sweatshirts,Grey,Fall,2011,Casual,Nike Men Stripes Grey Sweatshirt
9269,Men,Apparel,Topwear,Shirts,Maroon,Fall,2011,Casual,Scullers Men Scul Maroon Shirts
28897,Women,Apparel,Innerwear,Briefs,Purple,Summer,2014,Casual,Enamor Women Purple Mid-Rise Bikini Brief
12304,Men,Apparel,Topwear,Shirts,Red,Fall,2011,Formal,Genesis Men Stripes Red Shirts
6013,Men,Apparel,Topwear,Shirts,White,Summer,2011,Casual,Highlander Men White Purple Black Grey Checked Shirt
12136,Women,Apparel,Topwear,Kurtas,Black,Fall,2011,Ethnic,Aurelia Women Solid Black Kurtas
42646,Women,Apparel,Topwear,Kurtas,Cream,Summer,2012,Ethnic,Alma Women Cream Printed Kurta
8189,Men,Apparel,Topwear,Shirts,Blue,Summer,2011,Casual,Locomotive Men Solid Poplin Laird Blue Shirts
10661,Women,Apparel,Bottomwear,Shorts,Blue,Fall,2011,Casual,Doodle Girl Hot  Ice Wash Blue Shorts
21126,Women,Apparel,Topwear,Shirts,White,Fall,2011,Casual,s.Oliver Women White Shirt
53506,Women,Apparel,Innerwear,Bra,Black,Winter,2015,Casual,Amante Black Full-Coverage Bra BFOM12
23215,Women,Apparel,Topwear,Kurtas,Black,Fall,2011,Ethnic,Aneri Women Nivedita Black Kurta
6477,Men,Apparel,Topwear,Jackets,White,Summer,2011,Casual,ADIDAS Men Top White Jacket
42222,Women,Apparel,Topwear,Tunics,Grey,Summer,2012,Casual,Sepia Women Grey Tunic
30602,Boys,Apparel,Bottomwear,Shorts,Black,Summer,2012,Sports,Nike Boys Basketball Black Shorts
40575,Women,Apparel,Topwear,Kurtas,White,Summer,2012,Ethnic,W Women White Kurta
15777,Men,Apparel,Innerwear,Briefs,Red,Summer,2016,Casual,Facit Men Stringz Red Briefs
24202,Men,Apparel,Bottomwear,Jeans,Blue,Summer,2012,Casual,Deni Yo Men Slim Fit Blue Jeans
41695,Men,Apparel,Bottomwear,Shorts,Navy Blue,Summer,2012,Casual,Superman Men Navy Blue Printed Shorts
51407,Men,Apparel,Topwear,Shirts,Blue,Summer,2012,Formal,Myntra Men Blue Shirt
54949,Men,Apparel,Topwear,Sweatshirts,Grey Melange,Summer,2012,Casual,Do u speak green Men Grey Sweatshirt
23027,Men,Apparel,Topwear,Shirts,Blue,Fall,2011,Formal,Arrow Men Blue Striped Shirt
12760,Women,Apparel,Bottomwear,Jeans,Blue,Summer,2011,Casual,Spykar Women Blue Washed Jeans
27487,Women,Apparel,Innerwear,Briefs,Blue,Winter,2015,Casual,Jockey Women Blue Bikini Briefs
26793,Men,Apparel,Topwear,Shirts,Lavender,Summer,2013,Formal,Arrow Men Lavender Shirt
43304,Women,Apparel,Topwear,Shirts,White,Summer,2012,Casual,United Colors of Benetton Women White Shirt
40581,Women,Apparel,Topwear,Kurtas,Black,Summer,2012,Ethnic,Aurelia Women Black Kurta
11323,Men,Apparel,Bottomwear,Jeans,Blue,Fall,2011,Casual,United Colors of Benetton Men Washed Blue Jeans
15783,Men,Apparel,Innerwear,Briefs,Brown,Summer,2016,Casual,Facit Men Brown Briefs
36501,Women,Apparel,Topwear,Kurtas,White,Summer,2012,Ethnic,Folklore Women White Printed Kurta
33241,Men,Apparel,Topwear,Shirts,Blue,Summer,2012,Formal,Arrow Men Blue Striped Shirt
5808,Women,Apparel,Topwear,Tops,Navy Blue,Summer,2011,Casual,Jealous 21 Women Navy Blue Top
11111,Men,Apparel,Topwear,Shirts,White,Fall,2011,Formal,Indigo Nation Men Check White Shirts
32393,Women,Apparel,Topwear,Shirts,Blue,Summer,2012,Formal,Arrow Woman Blue Shirt
41661,Men,Apparel,Topwear,Shirts,Blue,Summer,2012,Formal,Mark Taylor Men Blue Striped Shirt
44313,Men,Apparel,Bottomwear,Trousers,Beige,Summer,2012,Casual,Indian Terrain Men Beige Trousers
16334,Men,Apparel,Topwear,Shirts,Peach,Fall,2011,Formal,Peter England Men Stripes Peach Shirt
50521,Men,Apparel,Innerwear,Innerwear Vests,Red,Summer,2016,Casual,Chromozome Men Red Innerwear Vest
27473,Women,Apparel,Innerwear,Bra,Beige,Winter,2015,Casual,Jockey Women Beige Essence Bra 2001
11575,Women,Apparel,Topwear,Kurtas,White,Summer,2011,Ethnic,W Women Printed White Kurtas
24692,Men,Apparel,Bottomwear,Jeans,Black,Fall,2011,Casual,Locomotive Men Black Jeans
57360,Women,Apparel,Innerwear,Bra,Black,Winter,2015,Casual,Amante Black Printed Full-Coverage Bra BGSW02
20232,Women,Apparel,Topwear,Sweaters,Blue,Fall,2011,Casual,Wrangler Women Felt Blue Sweater
5450,Men,Apparel,Bottomwear,Shorts,Blue,Summer,2011,Sports,Nike Men's Blue Short
46020,Women,Apparel,Topwear,Kurtis,Orange,Summer,2012,Ethnic,Fabindia Women Orange Kurti
7307,Women,Apparel,Topwear,Tops,White,Summer,2011,Casual,UCB Women Sleeveless White Top
13222,Men,Apparel,Bottomwear,Shorts,Blue,Fall,2011,Casual,Palm Tree Kids Boys Washed Blue Shorts
27017,Women,Apparel,Bottomwear,Jeans,Blue,Summer,2012,Casual,Jealous 21 Women Blue Jeans
50979,Women,Apparel,Innerwear,Bra,Peach,Summer,2017,Casual,Enamor Peach Lift Bra
31172,Girls,Apparel,Topwear,Tops,Peach,Summer,2012,Casual,Gini and Jony Girls Peach Top
19718,Men,Apparel,Topwear,Shirts,Blue,Fall,2011,Casual,United Colors of Benetton Men Blue Shirt
22757,Women,Apparel,Topwear,Kurtas,Blue,Fall,2011,Ethnic,BIBA Women Solid Blue Kurta
8941,Men,Apparel,Topwear,Shirts,Blue,Fall,2011,Casual,Indigo Nation Men Reversible Bling Blue Shirts
48388,Men,Apparel,Bottomwear,Jeans,Blue,Summer,2012,Casual,French Connection Men Blue Jeans
31340,Men,Apparel,Bottomwear,Jeans,Blue,Summer,2012,Casual,Locomotive Men Washed Blue Jeans
52420,Women,Apparel,Loungewear and Nightwear,Nightdress,Cream,Winter,2015,Casual,Red Rose Women Cream & Blue Nightdress
51438,Women,Apparel,Topwear,Tops,Off White,Summer,2012,Casual,Myntra Women Printed White Top
42813,Women,Apparel,Innerwear,Briefs,Navy Blue,Summer,2012,Casual,Little Miss Intimates Women Navy Blue Brief
35941,Women,Apparel,Bottomwear,Capris,Charcoal,Summer,2012,Casual,Flying Machine Women Viscose Charcoal Capris
18265,Women,Apparel,Topwear,Kurtas,Pink,Fall,2011,Ethnic,Aneri Women Swara Pink Kurta
48515,Women,Apparel,Topwear,Tops,Orange,Summer,2012,Casual,French Connection Women Coral Top
9632,Men,Apparel,Topwear,Shirts,Black,Fall,2011,Casual,Indigo Nation Men Stripes Shirt Black Shirts
4911,Women,Apparel,Topwear,Tops,Pink,Summer,2011,Casual,Levis Kids Girl's Dionne Pink Kidswear
15748,Men,Apparel,Bottomwear,Trousers,Black,Fall,2011,Casual,Highlander Men Classic Chinos Black Trousers
3906,Women,Apparel,Bottomwear,Track Pants,Black,Summer,2011,Casual,Urban Yoga Women's Fitted Yoga Black Track Pant
19185,Men,Apparel,Topwear,Shirts,Blue,Fall,2011,Casual,United Colors of Benetton Men Check Blue Shirt
21925,Women,Apparel,Topwear,Kurtas,Blue,Fall,2011,Ethnic,BIBA Women Printed Multi Kurta
57199,Women,Apparel,Topwear,Tunics,Red,Summer,2012,Casual,Elle Women Red Tunic
21119,Men,Apparel,Topwear,Sweaters,Black,Fall,2011,Casual,s.Oliver Men Black Sweater
53539,Women,Apparel,Innerwear,Briefs,Maroon,Winter,2015,Casual,Amante Women Pack of 2 Bikini Briefs PFFL01
9064,Men,Apparel,Topwear,Shirts,Blue,Fall,2011,Formal,Mark Taylor Men Blue Striped Shirt
12109,Women,Apparel,Topwear,Kurtis,White,Fall,2011,Ethnic,W Women Printed White Kurtis
42679,Women,Apparel,Topwear,Kurtas,Beige,Summer,2012,Ethnic,Alma Women Beige Printed Kurta
28094,Men,Apparel,Innerwear,Briefs,Charcoal,Summer,2016,Casual,Jockey MC Men Charcoal Grey Y Front Briefs 8003
30857,Women,Apparel,Topwear,Kurtas,Red,Summer,2012,Ethnic,Fabindia Women Red Khadi Bijli Kurta
26932,Women,Apparel,Topwear,Tops,Off White,Summer,2012,Casual,Jealous 21 Women Off White Top
9256,Men,Apparel,Topwear,Shirts,Blue,Fall,2011,Formal,Mark Taylor Men Blue Striped Shirt
51860,Men,Apparel,Topwear,Shirts,Navy Blue,Fall,2012,Casual,Locomotive Men Navy Striped Shirt
56279,Women,Apparel,Innerwear,Bra,White,Winter,2015,Casual,Biara White Everyday Support Bra MW 1002
41008,Girls,Apparel,Bottomwear,Jeans,Navy Blue,Summer,2012,Casual,Gini and Jony Girls Woven Navy Blue Jeans
50348,Women,Apparel,Topwear,Kurtas,Blue,Summer,2012,Ethnic,Aurelia Women Blue Kurta
22768,Women,Apparel,Topwear,Kurtas,Grey,Summer,2011,Ethnic,BIBA Women Printed Grey Kurta
19515,Men,Apparel,Topwear,Sweaters,Blue,Fall,2011,Casual,United Colors of Benetton Men Solid Blue Sweater
28060,Men,Apparel,Innerwear,Briefs,Navy Blue,Summer,2016,Casual,Jockey ELANCE Men Pack Of 2 Briefs 1010
27028,Women,Apparel,Bottomwear,Capris,Blue,Summer,2012,Casual,Jealous 21 Women Blue Capris
50946,Women,Apparel,Bottomwear,Jeans,Blue,Winter,2011,Casual,Lee Womens Blue Roxy Fit Jeans
19727,Women,Apparel,Topwear,Shirts,White,Summer,2011,Casual,United Colors of Benetton Women Solid White Shirt
39320,Boys,Apparel,Bottomwear,Shorts,Navy Blue,Summer,2012,Casual,Gini and Jony Boys Navy Blue Shorts
10498,Women,Apparel,Topwear,Tops,Navy Blue,Fall,2011,Casual,Flying Machine Women RN Blue Tops
14038,Men,Apparel,Topwear,Shirts,Red,Fall,2011,Casual,Flying Machine Men Check Red Shirts
54982,Women,Apparel,Loungewear and Nightwear,Lounge Pants,Blue,Summer,2017,Casual,Femella Women Printed Blue Lounge Pants
18291,Women,Apparel,Topwear,Kurtas,Multi,Fall,2011,Ethnic,Aneri Women Shabana Multi Kurta
39744,Girls,Apparel,Topwear,Tops,White,Summer,2012,Casual,Gini Jony Girls Printed White Top
44922,Men,Apparel,Bottomwear,Shorts,Red,Summer,2012,Casual,Puma Men Red Cat Logo Shorts
25915,Women,Apparel,Bottomwear,Leggings,Grey,Summer,2012,Casual,Femella Women Grey Leggings
16139,Women,Apparel,Topwear,Tops,White,Fall,2011,Casual,Tokyo Talkies Women Printed White Top
34269,Women,Apparel,Topwear,Dupatta,Mauve,Summer,2012,Ethnic,Fabindia Women Mauve Silk Dupatta
19171,Men,Apparel,Topwear,Sweatshirts,Grey,Fall,2011,Casual,United Colors of Benetton Men Printed Grey Sweatshirt
16905,Men,Apparel,Topwear,Sweatshirts,Green,Fall,2011,Casual,Status Quo Men Solid Green Sweatshirt
24006,Men,Apparel,Topwear,Shirts,White,Summer,2012,Casual,Regent Polo Club Men White Striped Shirt
14693,Men,Apparel,Bottomwear,Trousers,Black,Fall,2011,Casual,Basics Men Black Trousers
23223,Women,Apparel,Topwear,Kurtas,Rust,Fall,2011,Ethnic,Aneri Women Jwala Rust Kurta
34294,Women,Apparel,Topwear,Dupatta,White,Summer,2012,Ethnic,Fabindia Women Printed Off White Dupatta
51603,Women,Apparel,Bottomwear,Trousers,Beige,Fall,2012,Casual,Kraus Jeans Women Beige Trousers
30634,Men,Apparel,Bottomwear,Shorts,Black,Summer,2012,Casual,Nike Men Black Shorts
42214,Women,Apparel,Topwear,Tops,White,Summer,2012,Casual,Sepia Women White Top
51431,Men,Apparel,Topwear,Shirts,Blue,Summer,2012,Formal,Myntra Men Blue Shirt
4918,Women,Apparel,Topwear,Tops,Pink,Summer,2011,Casual,Gini and Jony Girls Vollie Pink Top
33283,Boys,Apparel,Bottomwear,Jeans,Black,Summer,2012,Casual,Gini and Jony Boys Black Jeans
24234,Women,Apparel,Topwear,Kurtas,Brown,Fall,2011,Ethnic,La-Emotio Women Brown Kurta
10001,Women,Apparel,Bottomwear,Skirts,Blue,Summer,2011,Casual,Palm Tree Kids Girls Sp Jema Skt Blue Skirts
16792,Men,Apparel,Topwear,Shirts,Yellow,Fall,2011,Casual,Highlander Men Check Yellow Shirt
51055,Women,Apparel,Innerwear,Bra,Teal,Summer,2017,Casual,Enamor Teal Premium Bra PB04
6217,Women,Apparel,Topwear,Tops,Pink,Summer,2011,Casual,UCB Women's Graphic Print Pink Top
26107,Men,Apparel,Topwear,Shirts,Blue,Summer,2012,Formal,John Miller Men Striped Blue Shirt
56270,Women,Apparel,Innerwear,Bra,Black,Summer,2017,Casual,Biara Black Every Day Support Bra
15117,Men,Apparel,Bottomwear,Trousers,Grey,Fall,2011,Formal,Arrow Men Solid Grey Trousers
57190,Women,Apparel,Topwear,Tunics,Pink,Summer,2012,Casual,Elle Women Pink Tunic
44587,Men,Apparel,Bottomwear,Jeans,Blue,Summer,2017,Casual,Lee Men Blue Rack Jeans
53530,Women,Apparel,Innerwear,Briefs,Black,Winter,2015,Casual,Amante Women Black Bikini Briefs PCLR02
21110,Men,Apparel,Topwear,Sweaters,Charcoal,Fall,2011,Casual,s.Oliver Men Solid Charcoal Sweater
12100,Women,Apparel,Topwear,Kurtas,Multi,Fall,2011,Ethnic,W Women Multi Colour Printed Kurta
42670,Women,Apparel,Topwear,Kurtas,Black,Summer,2012,Ethnic,Alma Women Black Kurta
46016,Women,Apparel,Topwear,Kurtas,White,Summer,2012,Ethnic,Fabindia Women White Printed Kurta
28069,Men,Apparel,Innerwear,Trunk,Grey,Winter,2016,Casual,Jockey ELANCE Men Assorted Trunks 1015
27021,Women,Apparel,Bottomwear,Jeans,Blue,Summer,2012,Casual,Jealous 21 Women Blue Jeans
57356,Women,Apparel,Innerwear,Bra,Black,Winter,2015,Casual,Amante Black Full-Coverage Lace Bra BGSM03
11543,Women,Apparel,Topwear,Kurtas,Grey,Summer,2011,Ethnic,W Women Solid Grey Kurtas
56284,Women,Apparel,Innerwear,Bra,White,Summer,2017,Casual,Biara White Everyday Support Bra
39329,Girls,Apparel,Bottomwear,Shorts,Green,Summer,2012,Casual,Gini and Jony Girls Green Shorts
20204,Men,Apparel,Topwear,Sweatshirts,Grey,Fall,2011,Casual,Wrangler Men Flock Print Grey Sweatshirt
24496,Women,Apparel,Topwear,Kurtas,Red,Fall,2011,Ethnic,Mother Earth Women Red Printed Kurta
41001,Girls,Apparel,Bottomwear,Shorts,Blue,Summer,2012,Casual,Gini and Jony  Girls Woven Blue Shorts
52416,Women,Apparel,Loungewear and Nightwear,Night suits,Purple,Winter,2015,Casual,Red Rose Women Purple Pyjama Set
4786,Men,Apparel,Bottomwear,Shorts,Black,Summer,2011,Sports,ADIDAS Men's Cr_Aess 3s Hsj Black White Short
22761,Women,Apparel,Topwear,Kurtas,Red,Fall,2011,Ethnic,BIBA Women Printed Red Kurta
50341,Women,Apparel,Topwear,Kurtas,Rust,Summer,2012,Ethnic,Aurelia Women Rust Kurta
34604,Men,Apparel,Innerwear,Briefs,Grey,Summer,2016,Casual,Hanes Men Grey Boxer Brief
42684,Women,Apparel,Topwear,Kurtas,White,Summer,2012,Ethnic,Alma Women White Printed Kurta
9099,Men,Apparel,Bottomwear,Shorts,Blue,Fall,2011,Sports,ADIDAS Men Cfc H Sho Blue Shorts
27213,Men,Apparel,Topwear,Shirts,Blue,Summer,2012,Casual,Doodle Kids Boy Check Blue Shirt
32197,Men,Apparel,Topwear,Kurtas,Olive,Summer,2012,Ethnic,Fabindia Men Printed Olive Kurta
11315,Women,Apparel,Bottomwear,Jeans,Blue,Fall,2011,Casual,United Colors of Benetton Women Washed Blue Jeans
33045,Women,Apparel,Topwear,Kurtas,Multi,Summer,2012,Ethnic,Mother Earth Women Printed Multi Coloured Kurta
14667,Men,Apparel,Topwear,Shirts,White,Fall,2011,Casual,Basics Men White Slim Fit Checked Shirt
16130,Women,Apparel,Topwear,Tops,Pink,Fall,2011,Casual,Tokyo Talkies Women Printed Pink Top
43332,Women,Apparel,Topwear,Tunics,Grey,Summer,2012,Casual,United Colors of Benetton Women Grey Tunic
13442,Women,Apparel,Topwear,Tops,White,Summer,2011,Casual,United Colors of Benetton Women Solid White Tops
34052,Boys,Apparel,Bottomwear,Capris,Yellow,Summer,2012,Casual,Gini and Jony Boys Yellow 3/4 Length Pants
18298,Women,Apparel,Topwear,Kurtas,Multi,Fall,2011,Ethnic,Aneri Women Multi Printed Kurta
33277,Boys,Apparel,Bottomwear,Jeans,Blue,Summer,2012,Casual,Gini and Jony Boys Washed Blue Jeans
15587,Men,Apparel,Topwear,Shirts,Pink,Fall,2011,Casual,Spykar Men Stripes Pink Shirts
53392,Women,Apparel,Topwear,Kurtis,Cream,Summer,2012,Ethnic,Aurelia Women Cream Printed Kurti
5002,Women,Apparel,Bottomwear,Shorts,Pink,Summer,2011,Casual,Gini and Jony Girl's Jolene Pink Kidswear
8180,Men,Apparel,Topwear,Shirts,Green,Summer,2011,Casual,Locomotive Men Check Ladd Green Shirts
48375,Men,Apparel,Topwear,Shirts,Black,Summer,2012,Casual,French Connection Men Black & Grey Shirt
21913,Women,Apparel,Topwear,Kurtas,Red,Fall,2011,Ethnic,BIBA Women Printed Red Kurta
40924,Boys,Apparel,Bottomwear,Jeans,Blue,Summer,2012,Casual,Gini and Jony Boys Jeans Blue Jeans
11588,Women,Apparel,Topwear,Kurtis,Green,Summer,2011,Ethnic,W Women Printed Green Kurtis
15914,Men,Apparel,Topwear,Shirts,Grey,Fall,2011,Formal,Black Coffee Men Striped Grey Slim Fit Shirt
45658,Men,Apparel,Innerwear,Briefs,White,Summer,2016,Casual,Park Avenue Men White Boxer Briefs
15128,Men,Apparel,Bottomwear,Trousers,Cream,Winter,2014,Formal,Arrow  Men Solid Cream Trousers
26904,Women,Apparel,Topwear,Tops,Lavender,Summer,2012,Casual,Jealous 21 Women Lavender Top
30861,Women,Apparel,Topwear,Kurtas,Mustard,Summer,2012,Ethnic,Fabindia Women Mustard Kurta
26138,Men,Apparel,Bottomwear,Trousers,Black,Summer,2012,Formal,John Miller Men Black Trousers
50984,Women,Apparel,Innerwear,Briefs,Pink,Summer,2017,Casual,Enamor Women Cameo Rose Coloured Briefs
9260,Men,Apparel,Topwear,Shirts,Blue,Fall,2011,Formal,Mark Taylor Men Blue Striped Shirt
4927,Women,Apparel,Topwear,Tops,Green,Summer,2011,Casual,Gini and Jony Girl's Venice Green Blue Kidswear
39786,Men,Apparel,Topwear,Shirts,Blue,Summer,2012,Formal,Peter England Men Blue Formal Shirt
10802,Men,Apparel,Topwear,Shirts,Blue,Fall,2011,Casual,Wrangler Men Dodge Broad Accent Check Blue Shirt
42825,Women,Apparel,Innerwear,Briefs,Yellow,Summer,2012,Casual,Little Miss Intimates Women Yellow Brief
9604,Men,Apparel,Topwear,Shirts,White,Fall,2011,Formal,Scullers Men Scul White Black Shirts
12769,Women,Apparel,Topwear,Tops,Red,Fall,2011,Ethnic,Mother Earth Women Checks Red Shirts
45832,Women,Apparel,Topwear,Kurtas,White,Summer,2012,Ethnic,Vishudh Women White Kurta
56419,Women,Apparel,Innerwear,Bra,Pink,Winter,2015,Casual,Biara Women Pink Bra
59451,Men,Apparel,Topwear,Shirts,Blue,Fall,2012,Casual,Arrow Sport Men Blue Slim Fit Shirt
11118,Men,Apparel,Topwear,Shirts,White,Fall,2011,Formal,Indigo Nation Men Solid White Shirts
33248,Men,Apparel,Topwear,Shirts,White,Summer,2012,Formal,Arrow Men White Striped Shirt
50528,Men,Apparel,Innerwear,Briefs,White,Summer,2016,Casual,Chromozome Men White Pack of 2 Briefs
54188,Men,Apparel,Innerwear,Briefs,Blue,Summer,2016,Casual,Jockey MC Men Blue Pack of 2 Briefs 8003
8722,Men,Apparel,Topwear,Shirts,Green,Fall,2011,Casual,Indigo Nation Men Stripes Green Shirts
49637,Women,Apparel,Topwear,Tops,Pink,Summer,2012,Casual,Mineral Women Dark Pink Top
39540,Women,Apparel,Innerwear,Bra,White,Winter,2015,Casual,Bwitch Women White Bra
44914,Men,Apparel,Bottomwear,Track Pants,Blue,Summer,2012,Casual,Puma Men Blue Track Pants
40588,Women,Apparel,Topwear,Kurtas,Maroon,Summer,2012,Ethnic,Aurelia Women Maroon Kurta
14658,Men,Apparel,Bottomwear,Trousers,Beige,Fall,2011,Casual,Probase Men Check Grey Trousers
8948,Men,Apparel,Bottomwear,Trousers,Navy Blue,Fall,2011,Formal,Indigo Nation Men ID Printed Navy Blue Trousers
19523,Men,Apparel,Topwear,Sweaters,Grey,Fall,2011,Casual,United Colors of Benetton Men Grey Sweater
39124,Women,Apparel,Bottomwear,Leggings,Beige,Fall,2012,Casual,Aneri Women Beige Leggings
52429,Women,Apparel,Loungewear and Nightwear,Nightdress,White,Winter,2015,Casual,Red Rose Women White Nightdress
57369,Women,Apparel,Innerwear,Briefs,Lavender,Winter,2015,Casual,Amante Women Lavender Briefs PCMV01
29184,Men,Apparel,Topwear,Shirts,Blue,Summer,2012,Casual,United Colors of Benetton Men Blue Shirt
28056,Men,Apparel,Innerwear,Briefs,White,Winter,2016,Casual,Jockey ELANCE Men Pack of 2 White Briefs 1009
19711,Men,Apparel,Topwear,Shirts,Red,Fall,2011,Casual,United Colors of Benetton Men Check Red Shirt
46815,Girls,Apparel,Topwear,Tops,Yellow,Summer,2012,Casual,Gini and Jony Girls Yellow Top
50970,Women,Apparel,Innerwear,Bra,Purple,Summer,2017,Casual,Enamor Women Purple Bra
50510,Men,Apparel,Innerwear,Briefs,Red,Winter,2016,Casual,Chromozome Men Red Briefs
34055,Boys,Apparel,Bottomwear,Capris,Blue,Summer,2012,Casual,Palm Tree Boys Washed Blue 3/4 Length Pants
33270,Girls,Apparel,Bottomwear,Skirts,White,Summer,2012,Casual,Gini & Jony Girls White Skirt
5005,Women,Apparel,Bottomwear,Skirts,Red,Summer,2011,Casual,Gini and Jony Girl's Glinda Red Kidswear
53395,Women,Apparel,Topwear,Kurtas,White,Fall,2012,Ethnic,Alma Women White Printed Kurta
11312,Men,Apparel,Bottomwear,Trousers,Beige,Fall,2011,Casual,Scullers Men Rugged Chinos Beige Trousers
33042,Women,Apparel,Topwear,Kurtas,Beige,Summer,2012,Ethnic,Mother Earth Women Printed Beige Kurta
21587,Men,Apparel,Bottomwear,Jeans,Blue,Fall,2011,Casual,Spykar Men Washed Blue Jeans
14660,Men,Apparel,Topwear,Shirts,White,Fall,2011,Casual,Basics Men White Slim Fit Checked Shirt
18891,Women,Apparel,Topwear,Shirts,Black,Fall,2011,Formal,Arrow Woman Tyra Black & White Striped Shirt
34267,Women,Apparel,Topwear,Dupatta,Green,Summer,2012,Ethnic,Fabindia Women Green Silk Dupatta
16137,Women,Apparel,Topwear,Tops,Pink,Fall,2011,Casual,Tokyo Talkies Women Printed Pink Top
7560,Women,Apparel,Bottomwear,Track Pants,Grey,Summer,2011,Sports,Nike Women's Be Strong Grey Track Pant
13445,Women,Apparel,Topwear,Tops,White,Summer,2011,Casual,United Colors of Benetton Women Printed White Tops
25543,Women,Apparel,Topwear,Tops,Pink,Summer,2012,Casual,Wrangler Women Striper Tank Pink Top
41006,Girls,Apparel,Bottomwear,Shorts,Navy Blue,Summer,2012,Casual,Gini and Jony Girls Woven Navy Blue Shorts
20031,Men,Apparel,Topwear,Shirts,Black,Fall,2011,Casual,United Colors of Benetton Men Striped Black Shirt
52411,Women,Apparel,Loungewear and Nightwear,Nightdress,Maroon,Winter,2015,Casual,Red Rose Maroon Nightdress
22766,Women,Apparel,Topwear,Kurtas,Red,Fall,2011,Ethnic,BIBA Women Solid Red Kurta
34603,Men,Apparel,Innerwear,Briefs,Navy Blue,Summer,2016,Casual,Hanes Men Navy Blue Boxer Brief
50346,Women,Apparel,Topwear,Kurtas,Pink,Summer,2012,Ethnic,Aurelia Women Pink Kurta
42683,Women,Apparel,Topwear,Kurtas,White,Summer,2012,Ethnic,Alma Women White Printed Kurta
27214,Men,Apparel,Bottomwear,Shorts,Brown,Summer,2012,Casual,Doodle Kids Boy  Brown Shorts
50948,Women,Apparel,Bottomwear,Jeans,Black,Winter,2011,Casual,Lee Women Black Jeans
27026,Women,Apparel,Bottomwear,Shorts,Blue,Summer,2012,Casual,Jealous 21 Women Blue Cropped Denim Shorts
57351,Women,Apparel,Innerwear,Bra,Black,Winter,2015,Casual,Amante Black T-Shirt Bra BGSB02
41234,Boys,Apparel,Bottomwear,Shorts,Black,Summer,2012,Casual,Gini and Jony Boys Black Shorts
11544,Women,Apparel,Topwear,Kurtas,Green,Summer,2011,Ethnic,W Women Printed Green Kurtas
56283,Women,Apparel,Innerwear,Bra,Skin,Summer,2017,Casual,Biara Beige Everyday Support Bra
14036,Men,Apparel,Topwear,Shirts,Pink,Fall,2011,Casual,Flying Machine Men Check Pink Shirts
20203,Men,Apparel,Topwear,Sweatshirts,Black,Fall,2011,Casual,Wrangler Men Flock Print Black Sweatshirt
10650,Men,Apparel,Topwear,Shirts,Blue,Fall,2011,Casual,Doodle Boy Grand Prix Navy Blue Shirt
57197,Women,Apparel,Topwear,Tunics,Blue,Summer,2012,Casual,Elle Women BlueTunic
53537,Women,Apparel,Innerwear,Briefs,Multi,Winter,2015,Casual,Amante Women Pack of 3 Assorted Briefs PFCP12
44580,Men,Apparel,Bottomwear,Jeans,Black,Summer,2017,Casual,Lee Men Black Jet Jeans
4775,Women,Apparel,Bottomwear,Track Pants,Black,Summer,2011,Sports,ADIDAS Women 3S Black Track Pants
21117,Men,Apparel,Topwear,Shirts,White,Fall,2011,Casual,s.Oliver Men Solid White Shirt
15322,Men,Apparel,Topwear,Jackets,Black,Fall,2011,Casual,Nike Men Solid Black Jacket
42677,Women,Apparel,Topwear,Kurtas,Green,Summer,2012,Ethnic,Alma Women Green Kurta
12107,Women,Apparel,Topwear,Kurtis,Cream,Fall,2011,Ethnic,W Women Cream Kurtis
2482,Women,Apparel,Topwear,Tops,Black,Fall,2011,Casual,Puma Women Black Spagetti Top
51052,Women,Apparel,Innerwear,Briefs,Black,Summer,2017,Casual,Enamor Women Black Bikini Briefs
30859,Women,Apparel,Topwear,Kurtas,Pink,Summer,2012,Ethnic,Fabindia Women Pink Kurta
9258,Men,Apparel,Topwear,Shirts,Green,Fall,2011,Formal,Mark Taylor Men Green Striped Shirt
56277,Women,Apparel,Innerwear,Bra,Maroon,Summer,2017,Casual,Biara Maroon Everyday Support Bra MW 1002
15110,Men,Apparel,Bottomwear,Trousers,Black,Fall,2011,Formal,Arrow Men TR Finish Black Trousers
45660,Men,Apparel,Innerwear,Innerwear Vests,Black,Summer,2016,Casual,Park Avenue Men Black Square Neck Vest
54978,Women,Apparel,Loungewear and Nightwear,Lounge Pants,Blue,Summer,2017,Casual,Femella Women Printed Blue Lounge Pants
51436,Women,Apparel,Topwear,Tops,White,Summer,2012,Casual,Myntra Women White & Pink Top
12751,Men,Apparel,Bottomwear,Jeans,Blue,Fall,2011,Casual,Spykar Men Ep Jeans Blue Jeans
24233,Women,Apparel,Topwear,Kurtas,Brown,Fall,2012,Ethnic,La-Emotio Women Caramel Brown Kurta
56421,Women,Apparel,Innerwear,Bra,Black,Summer,2017,Casual,Biara Women Black  Bra
14694,Men,Apparel,Bottomwear,Trousers,Green,Fall,2011,Casual,Basics Men Green Trousers
34293,Women,Apparel,Topwear,Dupatta,Orange,Summer,2012,Ethnic,Fabindia Women Orange Chanderi Dupatta
18865,Men,Apparel,Topwear,Sweatshirts,Red,Fall,2011,Casual,Puma Men Red Sports Heritage Sweatshirt
23224,Women,Apparel,Topwear,Kurtas,Cream,Fall,2011,Ethnic,Aneri Women Desire Cream Kurta
51604,Women,Apparel,Bottomwear,Jeans,Navy Blue,Fall,2012,Casual,Kraus Jeans Women Navy Blue Jeans
3908,Women,Apparel,Bottomwear,Track Pants,Blue,Summer,2011,Casual,Urban Yoga Women's Fitted Yoga Blue Track Pant
42213,Women,Apparel,Topwear,Tops,Orange,Summer,2012,Casual,Sepia Women Orange Top
7309,Women,Apparel,Topwear,Tops,Pink,Summer,2011,Casual,UCB Women Quarter Sleeve Pink Top
28051,Men,Apparel,Innerwear,Briefs,Grey Melange,Summer,2016,Casual,Jockey ELANCE Men Grey Melange Pack of 2 Briefs 1009
19716,Men,Apparel,Topwear,Shirts,Blue,Fall,2011,Casual,United Colors of Benetton Men Solid Blue Shirt
50977,Women,Apparel,Innerwear,Bra,Beige,Summer,2017,Casual,Enamor Sand Coloured Lift Bra DB75
27019,Women,Apparel,Bottomwear,Jeans,Blue,Summer,2012,Casual,Jealous 21 Women Washed Light Blue Jeans
22759,Women,Apparel,Topwear,Kurtas,White,Fall,2011,Ethnic,BIBA Women Printed White Kurta
19524,Men,Apparel,Topwear,Sweaters,Blue,Fall,2011,Casual,United Colors of Benetton Men Solid Blue Sweater
48386,Men,Apparel,Bottomwear,Jeans,Black,Summer,2012,Casual,French Connection Men Black Jeans
39123,Women,Apparel,Bottomwear,Leggings,White,Fall,2012,Casual,Aneri Women White Leggings
45499,Women,Apparel,Bottomwear,Capris,Navy Blue,Summer,2012,Casual,Fila Women Navy Blue Savari 3/4th Pants
18092,Men,Apparel,Innerwear,Briefs,Navy Blue,Summer,2016,Casual,Crusoe Men Tanga Navy Blue Brief
44913,Men,Apparel,Bottomwear,Track Pants,White,Summer,2012,Casual,Puma Men White Track Pants
39775,Men,Apparel,Topwear,Shirts,White,Summer,2012,Casual,Peter England Men White Casual Shirt
59690,Women,Apparel,Innerwear,Bra,Grey,Summer,2014,Casual,Avirate Grey Bra
43904,Men,Apparel,Topwear,Shirts,Blue,Summer,2012,Casual,Arrow Sport Men Blue Check Shirt
35984,Women,Apparel,Topwear,Tops,Blue,Summer,2012,Casual,Flying Machine Women Printed Cobalt Blue Top
8725,Men,Apparel,Topwear,Shirts,Black,Fall,2011,Casual,Indigo Nation Men Checks Shirt Black Shirts
29721,Men,Apparel,Topwear,Shirts,Purple,Summer,2012,Formal,John Miller Men Check Purple Shirt
19988,Women,Apparel,Topwear,Tops,Grey,Fall,2011,Casual,United Colors of Benetton Women Solid Grey Top
45835,Women,Apparel,Topwear,Kurtas,Blue,Summer,2012,Ethnic,Vishudh Women Blue Kurta
15779,Men,Apparel,Innerwear,Briefs,Blue,Summer,2016,Casual,Facit Men Blue String Bikini Briefs
39781,Men,Apparel,Topwear,Shirts,White,Summer,2012,Formal,Peter England Men Striped White Formal Shirt
4920,Women,Apparel,Topwear,Tops,Pink,Summer,2011,Casual,Gini and Jony Girl's Veeya Pink Infant Kidswear
10805,Men,Apparel,Topwear,Shirts,Black,Fall,2011,Casual,Wrangler Men Rider Solid Black Shirts
23029,Men,Apparel,Topwear,Shirts,Blue,Fall,2011,Formal,Arrow Men Blue Striped Shirt
42822,Women,Apparel,Innerwear,Briefs,Black,Summer,2012,Casual,Little Miss Intimates Women Black Brief
51409,Men,Apparel,Topwear,Shirts,Turquoise Blue,Summer,2012,Casual,Myntra Men Turquoise Blue Striped Shirt
9603,Men,Apparel,Topwear,Shirts,Brown,Fall,2011,Casual,Scullers Men Scul Brown Black Shirts
18254,Women,Apparel,Topwear,Kurtas,Green,Fall,2011,Ethnic,Aneri Women Protima Green Kurta
27489,Women,Apparel,Innerwear,Briefs,White,Fall,2015,Casual,Jockey Women White Bikini Briefs
15913,Men,Apparel,Topwear,Shirts,White,Fall,2011,Formal,Black Coffee Men Stripes White Shirt
56248,Men,Apparel,Loungewear and Nightwear,Night suits,Black,Summer,2016,Casual,SDL by Sweet Dreams Men Black Lounge Set
26903,Women,Apparel,Topwear,Tops,Pink,Summer,2012,Casual,Jealous 21 Women Pink Top
29177,Boys,Apparel,Bottomwear,Shorts,Blue,Summer,2012,Casual,United Colors of Benetton Boys Blue Shorts
30866,Women,Apparel,Topwear,Kurtas,Red,Summer,2012,Ethnic,Fabindia Women Red Kurta
50983,Women,Apparel,Loungewear and Nightwear,Nightdress,Pink,Summer,2017,Casual,Enamor Women Pink Nightdress
9267,Men,Apparel,Topwear,Shirts,Blue,Fall,2011,Casual,Scullers Men Scul Blue Shirts
28899,Women,Apparel,Innerwear,Briefs,Blue,Summer,2012,Casual,Enamor Women Blue Mid-Rise Bikini Brief
42648,Women,Apparel,Topwear,Kurtas,Black,Summer,2012,Ethnic,Alma Women Black Printed Kurta
8187,Men,Apparel,Topwear,Shirts,Blue,Summer,2011,Casual,Locomotive Men Solid Poplin Laibrook Blue Shirts
12138,Women,Apparel,Topwear,Kurtas,Green,Fall,2011,Ethnic,Aurelia Women Solid Green Kurtas
48372,Men,Apparel,Topwear,Shirts,Brown,Summer,2012,Casual,French Connection Men Brown Check Shirt
40923,Boys,Apparel,Bottomwear,Jeans,Blue,Summer,2012,Casual,Gini and Jony Boys Jeans Blue Jeans
53508,Women,Apparel,Innerwear,Bra,White,Winter,2015,Casual,Amante White Full-Coverage Bra BFOM12
56846,Men,Apparel,Bottomwear,Jeans,Blue,Fall,2012,Casual,John Players Men Blue Jeans
21128,Women,Apparel,Topwear,Tops,Blue,Fall,2011,Casual,s.Oliver Women Printed Blue Top
59372,Women,Apparel,Topwear,Kurtas,Grey,Summer,2012,Ethnic,Vishudh Women Grey Printed Kurta
19690,Men,Apparel,Topwear,Shirts,Grey,Fall,2011,Casual,United Colors of Benetton Men Solid Grey Shirt
12278,Men,Apparel,Topwear,Shirts,Maroon,Fall,2011,Formal,Genesis Men Solid Maroon Shirts
18742,Women,Apparel,Topwear,Tops,Brown,Fall,2011,Casual,Arrow Woman Boho Brown Top
26871,Women,Apparel,Topwear,Tops,White,Summer,2012,Casual,Jealous 21 Women Printed White Top
30914,Women,Apparel,Topwear,Kurtis,Purple,Summer,2012,Ethnic,Fabindia Women Purple Kurti
6953,Women,Apparel,Topwear,Tops,Blue,Summer,2011,Casual,s.Oliver Women's Striped Light Blue Top
17538,Men,Apparel,Topwear,Shirts,Red,Fall,2011,Formal,Mark Taylor Men Red & White Striped Shirt
20188,Men,Apparel,Topwear,Shirts,Grey,Fall,2011,Casual,Wrangler Men Adore Grey Shirt
24528,Men,Apparel,Topwear,Shirts,White,Fall,2011,Casual,Mother Earth Men White Shirt
8491,Women,Apparel,Topwear,Tops,White,Fall,2011,Casual,Forever New Women Porcelain White Top
28781,Women,Apparel,Innerwear,Briefs,Brown,Summer,2017,Casual,Enamor Women Pack of 2 Briefs
29653,Men,Apparel,Topwear,Shirts,Blue,Summer,2012,Formal,Indigo Nation Men Striped Blue Shirt
45947,Women,Apparel,Topwear,Tops,Blue,Summer,2012,Casual,Tokyo Talkies Women Blue Top
40409,Women,Apparel,Topwear,Tops,Black,Summer,2012,Casual,Tonga Women Black & Cream-Coloured Striped Top
53822,Women,Apparel,Topwear,Tunics,Black,Fall,2012,Casual,Ayaanay_Women_New_2013_Tunics_Size_Chart.jpg
59716,Women,Apparel,Loungewear and Nightwear,Nightdress,Black,Summer,2012,Casual,Avirate Black Babydoll Nightdress
37769,Men,Apparel,Topwear,Shirts,White,Summer,2012,Casual,John Players Men Stripes White Shirt
11099,Women,Apparel,Bottomwear,Leggings,Black,Fall,2011,Ethnic,Scullers Women Solid Black Leggings
5980,Men,Apparel,Topwear,Shirts,Grey,Summer,2011,Casual,Locomotive Men Charcoal Stripe Shirt
18326,Men,Apparel,Topwear,Shirts,Black,Fall,2011,Casual,Wills Lifestyle Men Check Black Shirt
9771,Men,Apparel,Topwear,Jackets,Blue,Fall,2011,Casual,ADIDAS Men Adna Blue Jackets
17994,Women,Apparel,Bottomwear,Track Pants,Navy Blue,Fall,2009,Sports,Puma Women Essential Skinny Navy Blue Track Pant
31658,Men,Apparel,Topwear,Shirts,White,Summer,2012,Casual,Indigo Nation Men Printed White Shirt
28775,Women,Apparel,Topwear,Kurtis,Red,Summer,2012,Ethnic,Aurelia Women Printed Red Kurti
25856,Women,Apparel,Topwear,Kurtas,Black,Summer,2012,Ethnic,Diva Women Black Floral Print Kurti
5974,Men,Apparel,Topwear,Shirts,Green,Summer,2011,Casual,Locomotive Men Green Black White Checked Shirt
34924,Women,Apparel,Topwear,Dupatta,Green,Summer,2012,Ethnic,Fabindia Green Dupatta
9785,Women,Apparel,Bottomwear,Track Pants,Navy Blue,Summer,2011,Sports,Urban Yoga Women Summer Bottoms Navy Blue Track Pants
42198,Women,Apparel,Topwear,Tunics,Beige,Summer,2012,Casual,Sepia Women Beige Tunic
19200,Men,Apparel,Topwear,Shirts,Blue,Fall,2011,Casual,United Colors of Benetton Men Check Blue Shirt
34118,Girls,Apparel,Bottomwear,Shorts,Black,Summer,2012,Casual,Doodle Girls Washed Black Shorts
33759,Women,Apparel,Topwear,Tops,Yellow,Summer,2012,Casual,Vero Moda Women Viva Yellow Top
41379,Women,Apparel,Topwear,Tops,Red,Summer,2012,Casual,Wrangler Women Red Rosy Top
26885,Women,Apparel,Topwear,Tops,Purple,Summer,2012,Casual,Jealous 21 Women Printed Mauve Top
27957,Men,Apparel,Innerwear,Trunk,Black,Summer,2018,Casual,Jockey Sport Performance  Men Black Trunks SP04
50039,Women,Apparel,Innerwear,Bra,Nude,Winter,2015,Casual,Hanes Women Nude Concealing Petals Wirefree Moulded Bra
28123,Men,Apparel,Innerwear,Briefs,Grey,Summer,2016,Casual,Jockey MC Men Pack Of 2Briefs 8003
7875,Men,Apparel,Bottomwear,Shorts,Black,Fall,2011,Sports,Proline Men Black Comfort Fit Sports Shorts
7049,Men,Apparel,Topwear,Shirts,Blue,Summer,2011,Casual,s.Oliver Men White & Blue Check Shirt
13950,Women,Apparel,Topwear,Tops,White,Summer,2011,Casual,United Colors of Benetton Women Printed White Tops
41977,Boys,Apparel,Bottomwear,Shorts,White,Summer,2012,Casual,Gini and Jony Boys Beach White Shorts
21892,Women,Apparel,Topwear,Kurtas,Purple,Fall,2011,Ethnic,BIBA Women Printed Purple Kurta
36825,Women,Apparel,Topwear,Kurtas,Purple,Summer,2012,Ethnic,Vishudh Women Purple Kurta
18319,Men,Apparel,Topwear,Shirts,Maroon,Summer,2011,Casual,Wills Lifestyle Men Check Maroon Shirt
43081,Women,Apparel,Bottomwear,Track Pants,Navy Blue,Summer,2012,Casual,Nike Women Navy Blue Track Pant
50496,Men,Apparel,Innerwear,Innerwear Vests,White,Summer,2016,Casual,Chromozome Men White Innerwear Vest
32224,Women,Apparel,Topwear,Kurtas,Blue,Summer,2012,Ethnic,Fabindia Women Striped Blue Kurta
40604,Women,Apparel,Topwear,Kurtas,Green,Summer,2012,Ethnic,Span Women Green Kurta
37564,Girls,Apparel,Innerwear,Innerwear Vests,Pink,Summer,2012,Casual,Madagascar3 Pink Girls Innerwear Vest
11294,Men,Apparel,Bottomwear,Jeans,Blue,Spring,2013,Casual,Wrangler Men Blue Floyd Jeans
24173,Women,Apparel,Topwear,Kurtis,Green,Fall,2011,Ethnic,Aurelia Women Printed Green Kurti
40436,Women,Apparel,Topwear,Tops,Black,Summer,2012,Casual,Tonga Women Black & White Printed Top
17163,Men,Apparel,Topwear,Shirts,Green,Fall,2011,Casual,U.S. Polo Assn. Men Green Check Shirt
18917,Men,Apparel,Topwear,Shirts,Blue,Fall,2011,Casual,Levis Men Work Western Blue Shirt
51776,Women,Apparel,Innerwear,Briefs,White,Summer,2016,Casual,Bwitch Women White Brief
38974,Men,Apparel,Topwear,Shirts,Black,Summer,2012,Formal,Arrow New York Men Black Check Slim Fit Shirt
24517,Women,Apparel,Topwear,Kurtas,Brown,Fall,2011,Ethnic,Mother Earth Women Brown Printed Kurta
12075,Women,Apparel,Topwear,Kurtas,Cream,Fall,2011,Ethnic,W Women Printed Cream Kurtas
26240,Men,Apparel,Bottomwear,Shorts,Grey,Summer,2012,Sports,Proline Grey Shorts
47277,Men,Apparel,Innerwear,Boxers,Grey,Summer,2016,Casual,FCUK Underwear Grey Striped Boxers
42537,Women,Apparel,Topwear,Kurtas,Black,Summer,2012,Ethnic,Mother Earth Women Black Kurta
12247,Men,Apparel,Topwear,Shirts,Navy Blue,Fall,2011,Formal,Genesis Men Stripes Navy Blue Shirts
26072,Men,Apparel,Topwear,Shirts,Blue,Summer,2012,Formal,John Miller Men Striped Blue Shirt
13395,Men,Apparel,Topwear,Shirts,Purple,Summer,2011,Casual,United Colors of Benetton Men Check Purple Shirts
40260,Men,Apparel,Topwear,Shirts,Blue,Summer,2012,Casual,Scullers Men Check Blue Shirt
56305,Women,Apparel,Innerwear,Briefs,Blue,Winter,2015,Casual,Biara Blush Teenage Girl Blue Briefs
38980,Men,Apparel,Topwear,Shirts,Blue,Summer,2012,Formal,Arrow Men Blue Check Shirt
20143,Men,Apparel,Topwear,Shirts,White,Summer,2011,Casual,Wrangler Men Bull Classic Striped White Shirt
39852,Girls,Apparel,Topwear,Tops,Blue,Summer,2012,Casual,Gini and Jony Girls Printed Blue Top
33554,Men,Apparel,Topwear,Shirts,Navy Blue,Summer,2012,Casual,Wrangler Men Exeter Check Navy Blue Shirt
11604,Women,Apparel,Topwear,Kurtas,Blue,Summer,2011,Ethnic,W Women Solid Blue Kurtas
19469,Men,Apparel,Topwear,Shirts,Black,Fall,2011,Casual,Quiksilver Men Black Shirt
12081,Women,Apparel,Topwear,Kurtas,Purple,Fall,2011,Ethnic,W Women Printed Purple Kurtas
43623,Women,Apparel,Topwear,Tops,Green,Summer,2012,Casual,Vero Moda Women Green Top
54694,Women,Apparel,Topwear,Kurtas,Purple,Fall,2012,Casual,Shree Women Purple Printed Kurta
46351,Men,Apparel,Topwear,Shirts,White,Summer,2012,Casual,Locomotive Men White Shirt
8802,Men,Apparel,Topwear,Shirts,Blue,Fall,2011,Casual,Scullers Men Scul Purple Blue White Shirt
26086,Men,Apparel,Topwear,Shirts,Purple,Summer,2012,Formal,John Miller Men Check Purple Shirt
27154,Men,Apparel,Topwear,Shirts,Grey,Summer,2012,Formal,Mark Taylor Men Striped Grey Shirt
16613,Men,Apparel,Bottomwear,Trousers,Grey,Fall,2011,Formal,Genesis Men Stripes Grey Trouser
27968,Men,Apparel,Innerwear,Innerwear Vests,White,Summer,2016,Casual,Jockey SP-OW Men White Muscle Innerwear Vest SP11
50006,Women,Apparel,Innerwear,Bra,Black,Winter,2015,Sports,Hanes Women Black Cotton Stretch Light Padded Bra
20371,Women,Apparel,Bottomwear,Capris,Black,Fall,2011,Sports,Urban Yoga Women Solid Black Capris
15096,Women,Apparel,Topwear,Kurtas,Orange,Fall,2011,Ethnic,Mother Earth Women Stripes Orange Kurtas
41346,Men,Apparel,Bottomwear,Jeans,Navy Blue,Summer,2016,Casual,Wrangler Men Navy Blue Texas Jeans
43075,Women,Apparel,Bottomwear,Capris,Grey,Summer,2012,Sports,Nike Womens Grey Capris
50462,Men,Apparel,Innerwear,Briefs,Blue,Summer,2016,Casual,Chromozome Men Blue & Green Briefs
22042,Women,Apparel,Topwear,Kurtas,Blue,Fall,2011,Ethnic,Vishudh Women Printed Blue Kurta
14520,Men,Apparel,Topwear,Shirts,Blue,Fall,2011,Formal,Mark Taylor Men Blue White & Dark Grey Striped Shirt
56795,Men,Apparel,Bottomwear,Jeans,Blue,Summer,2010,Casual,Horsefly Men Blue Jeans
11052,Men,Apparel,Topwear,Shirts,White,Fall,2011,Casual,Scullers Men Check White Shirts
52107,Women,Apparel,Topwear,Kurtas,White,Summer,2012,Ethnic,Myntra Women Orange Printed Kurta
37590,Girls,Apparel,Innerwear,Innerwear Vests,Pink,Summer,2012,Casual,Madagascar Girls Pink Innerwear Vest
14712,Men,Apparel,Topwear,Shirts,Off White,Winter,2011,Formal,Genesis Off-White Formal Shirt
11260,Women,Apparel,Bottomwear,Skirts,Green,Summer,2011,Casual,Palm Tree Kids Girl Sp Jace Sko Green Skirts
9588,Men,Apparel,Topwear,Shirts,Navy Blue,Fall,2011,Formal,Scullers Men Scul Navy Blue Shirts
50650,Men,Apparel,Loungewear and Nightwear,Lounge Pants,Navy Blue,Winter,2016,Casual,Chromozome Men Navy Blue Lounge Pants S-4801
17197,Men,Apparel,Topwear,Sweaters,Green,Winter,2016,Casual,U.S. Polo Assn. Men Stripes Green Sweater
7412,Women,Apparel,Topwear,Kurtas,Pink,Summer,2011,Ethnic,W Women V Neck Short Sleeve Pink Kurta
19831,Men,Apparel,Topwear,Shirts,Black,Fall,2011,Casual,U.S. Polo Assn. Men Check Black Shirt
16045,Men,Apparel,Topwear,Shirts,White,Fall,2011,Casual,Highlander Men Check White Shirt
13957,Women,Apparel,Topwear,Tops,Purple,Summer,2011,Casual,United Colors of Benetton Women Solid Purple Tops
53489,Women,Apparel,Innerwear,Bra,White,Winter,2015,Sports,Amante White Sports Bra BCST22
57815,Women,Apparel,Topwear,Tops,Brown,Fall,2012,Casual,United Colors of Benetton Women Dark Brown Top
57029,Women,Apparel,Topwear,Tops,Pink,Summer,2012,Casual,Forever New Women Pink Top
21895,Women,Apparel,Topwear,Kurtas,Olive,Fall,2011,Ethnic,BIBA Women Printed Olive Green Kurta
20349,Women,Apparel,Topwear,Tunics,Black,Fall,2011,Casual,Scullers For Her Women Solid Black Tunic
59381,Women,Apparel,Topwear,Kurtas,Brown,Summer,2012,Ethnic,Vishudh Women Brown Printed Kurta
14940,Men,Apparel,Bottomwear,Shorts,Black,Fall,2011,Casual,Status Quo Men Solid Black Shorts
19663,Women,Apparel,Topwear,Tops,White,Summer,2011,Casual,United Colors of Benetton Women White Top
28124,Men,Apparel,Innerwear,Briefs,White,Summer,2016,Casual,Jockey MC Men White Pack of 2 Brief 8033
27950,Men,Apparel,Innerwear,Trunk,White,Summer,2016,Casual,Jockey CSM Men Comfort Stretch White Trunks CS04
14518,Men,Apparel,Topwear,Shirts,Grey,Fall,2011,Formal,Mark Taylor Men Grey White & Light Brown Striped Shirt
5973,Men,Apparel,Topwear,Shirts,Black,Summer,2011,Casual,Highlander Men Black Checked Shirt
9782,Men,Apparel,Bottomwear,Shorts,White,Fall,2011,Casual,ADIDAS Men M Basic White Shorts
27508,Women,Apparel,Innerwear,Bra,Black,Fall,2015,Casual,Jockey Black T-shirt Bra SS 15
34923,Women,Apparel,Topwear,Dupatta,Green,Summer,2012,Ethnic,Fabindia Green Dupatta
28540,Men,Apparel,Topwear,Jackets,Red,Summer,2012,Sports,Nike Men Hurricane Vapor Red Jacket
17993,Women,Apparel,Bottomwear,Track Pants,Grey,Fall,2009,Sports,Puma Women Essential Skinny Grey Track Pant
8462,Women,Apparel,Topwear,Tops,White,Fall,2011,Casual,Jealous 21 Women Jealous Cailyn White Top White Tops
28772,Women,Apparel,Topwear,Kurtis,Red,Summer,2012,Ethnic,Aurelia Women Printed Red Kurti
50668,Men,Apparel,Loungewear and Nightwear,Lounge Pants,Navy Blue,Fall,2018,Sports,Chromozome Men Navy Blue Fashion Lounge Pants S-5145
19809,Men,Apparel,Topwear,Sweaters,Grey,Fall,2011,Casual,U.S. Polo Assn. Men Striped Grey Sweaters
25851,Women,Apparel,Topwear,Kurtas,Maroon,Summer,2012,Ethnic,Diva Women Printed Maroon Kurta
11258,Women,Apparel,Topwear,Tops,Black,Fall,2011,Sports,Puma Women Black Essential Racerback Tank Top
59711,Women,Apparel,Innerwear,Briefs,Black,Summer,2012,Casual,Avirate Black Brief
5987,Men,Apparel,Topwear,Shirts,Black,Summer,2011,Casual,Highlander Men Black Striped Slim Fit Shirt
24379,Women,Apparel,Topwear,Kurtas,Green,Fall,2011,Ethnic,Folklore Women Green Printed Kurta
9776,Men,Apparel,Bottomwear,Track Pants,Grey,Fall,2011,Casual,ADIDAS Men Grey Track Pants
18321,Men,Apparel,Topwear,Shirts,Purple,Fall,2011,Casual,Wills Lifestyle Men Check Purple Shirt
35039,Women,Apparel,Topwear,Kurtas,Pink,Summer,2012,Ethnic,Fabindia Women Printed Pink Kurta
30779,Men,Apparel,Topwear,Kurtas,Rust,Summer,2012,Ethnic,Fabindia Men Rust Khadi Kurta
8496,Women,Apparel,Bottomwear,Skirts,Cream,Fall,2011,Casual,Forever New Women Cappuccino Cream Skirts
28786,Men,Apparel,Topwear,Shirts,Grey,Summer,2012,Casual,Denizen Men Striped Grey Shirt
6954,Women,Apparel,Topwear,Tops,Pink,Summer,2011,Casual,s.Oliver Women Striped Pink Top
59375,Women,Apparel,Topwear,Kurtas,White,Summer,2012,Ethnic,Vishudh Women White Printed Kurta
38342,Girls,Apparel,Topwear,Tops,White,Summer,2012,Casual,Mr. Men Little Miss Girls White Top
40258,Men,Apparel,Topwear,Shirts,White,Summer,2012,Casual,Scullers Men White & Navy Blue Shirt
19697,Men,Apparel,Topwear,Shirts,White,Fall,2011,Casual,United Colors of Benetton Men Solid White Shirt
18745,Women,Apparel,Topwear,Tops,Purple,Fall,2011,Casual,Arrow Woman Cola Purple Top
26876,Women,Apparel,Topwear,Tops,White,Summer,2012,Casual,Jealous 21 Women White Top
30913,Women,Apparel,Topwear,Kurtis,Blue,Summer,2012,Ethnic,Fabindia Women Blue Kurti
52100,Women,Apparel,Topwear,Kurtas,Red,Summer,2012,Ethnic,Myntra Women Red Printed Kurta
14715,Men,Apparel,Topwear,Shirts,White,Fall,2011,Formal,Indigo Nation Men Formal Shirt White Shirts
11267,Men,Apparel,Bottomwear,Trousers,Black,Fall,2011,Formal,Indigo Nation Men Black self structure Black Trousers
2167,Men,Apparel,Topwear,Shirts,Blue,Summer,2011,Casual,Probase Men Blue & White Shirt
31660,Men,Apparel,Topwear,Shirts,Black,Summer,2012,Casual,Indigo Nation Men Printed Black Shirt
17190,Men,Apparel,Topwear,Shirts,Navy Blue,Winter,2016,Casual,U.S. Polo Assn. Men Checks Navy Blue Shirt
16042,Men,Apparel,Topwear,Shirts,Red,Fall,2011,Casual,Highlander Men Check Red Shirt
51785,Women,Apparel,Innerwear,Bra,Purple,Summer,2016,Casual,Bwitch Purple Bra
46732,Boys,Apparel,Bottomwear,Shorts,Khaki,Summer,2012,Casual,Gini and Jony Boys Khaki Bermuda Shorts
7415,Women,Apparel,Topwear,Kurtas,Black,Summer,2011,Ethnic,W Women Sqaure Neck Yarn Dyed Short Sleeve Black Kurta
19836,Men,Apparel,Topwear,Shirts,Blue,Fall,2011,Casual,U.S. Polo Assn. Men Blue & WIne Check Shirt
27537,Men,Apparel,Topwear,Shirts,Green,Summer,2012,Casual,Scullers Men Check Green & Blue Shirt
50465,Men,Apparel,Innerwear,Briefs,Navy Blue,Summer,2016,Casual,Chromozome Men Navy Blue & Grey Briefs
23197,Men,Apparel,Topwear,Shirts,Blue,Fall,2011,Casual,Highlander Men Blue Check Shirt
22045,Women,Apparel,Topwear,Kurtas,Green,Fall,2011,Ethnic,Vishudh Women Printed Green Kurta
14527,Men,Apparel,Topwear,Shirts,Brown,Fall,2011,Formal,Mark Taylor Men Light Brown & White Striped Shirt
11055,Men,Apparel,Topwear,Shirts,Blue,Fall,2011,Casual,Scullers Men Check Blue Shirt
10187,Men,Apparel,Topwear,Shirts,Black,Fall,2011,Casual,Indigo Nation Men Hot Stepper Black Blue Shirts
27153,Men,Apparel,Topwear,Shirts,Green,Summer,2012,Formal,Mark Taylor Men Striped Green Shirt
16614,Men,Apparel,Bottomwear,Trousers,Brown,Fall,2011,Formal,Genesis Men Stripes Brown Trouser
50001,Women,Apparel,Innerwear,Bra,Grey Melange,Winter,2015,Sports,Hanes Women Grey Melange Cotton Stretch Racer Back Sports Bra
20376,Women,Apparel,Topwear,Jackets,Blue,Fall,2011,Casual,Urban Yoga Women Solid Blue Jacket
15091,Women,Apparel,Topwear,Tunics,Blue,Fall,2011,Casual,Mother Earth Women Printed Blue Tunics
36213,Girls,Apparel,Topwear,Tops,Green,Summer,2012,Casual,Gini And Jony Girls Striped Green Top
20144,Men,Apparel,Topwear,Shirts,White,Fall,2011,Casual,Wrangler Men Bull Classic Striped White Shirt
33553,Men,Apparel,Topwear,Shirts,Green,Summer,2012,Casual,Wrangler Men Exeter Check Green Shirt
57016,Men,Apparel,Innerwear,Briefs,Blue,Summer,2016,Casual,Jockey ELANCE Men Blue Briefs 1004
11603,Women,Apparel,Topwear,Kurtas,Grey,Summer,2011,Ethnic,W Women Solid Grey Kurtas
12086,Women,Apparel,Topwear,Kurtas,Green,Fall,2011,Ethnic,W Women Printed Green Kurtas
54693,Women,Apparel,Topwear,Kurtas,Multi,Summer,2012,Ethnic,Shree Women Multicoloured Printed Kurta
43624,Women,Apparel,Topwear,Tops,White,Summer,2012,Casual,Vero Moda Women White Top
8805,Men,Apparel,Topwear,Shirts,Black,Fall,2011,Casual,Scullers Men Scul White Black Shirt
26075,Men,Apparel,Topwear,Shirts,Blue,Summer,2012,Formal,John Miller Men Striped Blue Shirt
42530,Women,Apparel,Topwear,Kurtas,Orange,Summer,2012,Ethnic,Mother Earth Women Orange Kurta
13392,Men,Apparel,Topwear,Shirts,Blue,Summer,2011,Casual,United Colors of Benetton Men Check Blue Shirts
20382,Women,Apparel,Topwear,Kurtas,Rust,Fall,2011,Ethnic,Visudh Women Printed Rust Kurta
56302,Women,Apparel,Innerwear,Bra,Turquoise Blue,Winter,2015,Casual,Biara Women Turquoise Blue Bra
38973,Men,Apparel,Topwear,Shirts,Grey,Summer,2012,Formal,Arrow New York Men Grey Check Slim Fit Shirt
24510,Women,Apparel,Topwear,Kurtas,Green,Fall,2011,Ethnic,Mother Earth Women Green Printed Kurta
12072,Women,Apparel,Topwear,Kurtas,White,Fall,2011,Ethnic,W Women Printed White Kurtas
47270,Men,Apparel,Innerwear,Boxers,Blue,Summer,2016,Casual,FCUK Underwear Blue Printed Boxers
11293,Men,Apparel,Bottomwear,Jeans,NA,Fall,2016,Casual,Wrangler Men Blue Texas Jeans
24174,Women,Apparel,Topwear,Kurtis,Turquoise Blue,Fall,2011,Ethnic,Aurelia Women Turquoise Blue Kurti
2193,Men,Apparel,Bottomwear,Shorts,Navy Blue,Fall,2010,Sports,ADIDAS Men Navy Short
30746,Men,Apparel,Topwear,Kurtas,Maroon,Summer,2012,Ethnic,Fabindia Men Printed Maroon Kurta
42366,Women,Apparel,Topwear,Shirts,Pink,Summer,2012,Casual,Flying Machine Women Multicoloured Printed Shirt
31694,Women,Apparel,Topwear,Kurtas,Green,Summer,2012,Ethnic,Folklore Women Printed Green Kurta
17164,Men,Apparel,Topwear,Shirts,Blue,Fall,2011,Casual,U.S. Polo Assn. Men Checks Blue Shirt
26411,Men,Apparel,Topwear,Shirts,Red,Summer,2012,Casual,Turtle Men Check Red Shirt
50491,Men,Apparel,Innerwear,Trunk,Blue,Winter,2016,Casual,Chromozome Men Blue Trunks
37751,Men,Apparel,Topwear,Shirts,Red,Summer,2012,Casual,John Players Men Check Red Shirt
32223,Women,Apparel,Topwear,Kurtas,Pink,Summer,2012,Ethnic,Fabindia Women Pink & Orange Striped Kurta
40603,Women,Apparel,Topwear,Kurtas,Maroon,Summer,2012,Ethnic,Span Women Maroon Kurta
48493,Women,Apparel,Bottomwear,Skirts,Black,Winter,2011,Casual,French Connection Women Black Skirt
34915,Women,Apparel,Topwear,Dupatta,Cream,Summer,2012,Ethnic,Fabindia Women Cream Dupatta
5945,Men,Apparel,Topwear,Shirts,Blue,Summer,2011,Casual,Locomotive Men Blue Checked Shirt
4897,Women,Apparel,Topwear,Tops,Yellow,Summer,2011,Casual,Levis Kids Girl's Diane Yellow Kidswear
52109,Women,Apparel,Topwear,Kurtas,Blue,Summer,2012,Ethnic,Myntra Women Blue Kurta
45982,Women,Apparel,Topwear,Tops,Blue,Fall,2012,Casual,Tokyo Talkies Women Blue Top
8454,Women,Apparel,Topwear,Tops,White,Fall,2011,Casual,Jealous 21 Women Jealous Ranae White Top White Tops
49773,Women,Apparel,Topwear,Kurtas,Blue,Summer,2012,Ethnic,Alma Women  Light Blue Printed Kurta
19003,Women,Apparel,Topwear,Sweatshirts,Red,Summer,2011,Casual,ADIDAS Originals Women Trefoil Hoodie Red Sweatshirt
43249,Women,Apparel,Bottomwear,Jeans,Blue,Summer,2012,Casual,Denizen Women Blue Skinny Thunder Jeans
29696,Men,Apparel,Topwear,Shirts,Purple,Summer,2012,Formal,John Miller Men Striped Purple Shirt
28744,Women,Apparel,Topwear,Kurtas,Blue,Summer,2012,Ethnic,Aurelia Women Blue Printed Kurta
17199,Men,Apparel,Topwear,Sweaters,Grey,Winter,2016,Casual,U.S. Polo Assn. Men Solid Grey Sweater
36814,Women,Apparel,Topwear,Kurtas,Maroon,Summer,2012,Ethnic,Vishudh Women Maroon Kurta
8030,Men,Apparel,Bottomwear,Track Pants,Grey,Fall,2011,Sports,Fila Men's Basic Cotton Lower Grey Track Pant
13961,Women,Apparel,Topwear,Sweaters,Pink,Fall,2011,Casual,Jealous 21 Women Solid Pink Sweaters
26088,Men,Apparel,Topwear,Shirts,Purple,Summer,2012,Formal,John Miller Men Striped Purple Shirt
28112,Men,Apparel,Innerwear,Trunk,Black,Summer,2016,Casual,Jockey COMFORT PLUS Men Zone Black Trunks 8015
50008,Women,Apparel,Innerwear,Bra,Black,Winter,2015,Sports,Hanes Women Black Cotton Stretch Moulded Contour Bra
27966,Men,Apparel,Innerwear,Innerwear Vests,White,Summer,2016,Casual,Jockey Men White Muscle Innerwear Vest
15098,Women,Apparel,Topwear,Kurtas,Brown,Fall,2011,Ethnic,Mother Earth Women Shilpi Fabric Collt Brown Kurtas
1981,Women,Apparel,Bottomwear,Shorts,Green,Fall,2010,Casual,Puma Women's Island Green Shorts
41348,Men,Apparel,Bottomwear,Jeans,Navy Blue,Summer,2016,Casual,Wrangler Men Navy Blue Skanders Jeans
11438,Women,Apparel,Topwear,Tops,Black,Fall,2011,Casual,United Colors of Benetton Women  Winter Black Top
37932,Women,Apparel,Topwear,Tunics,Pink,Summer,2012,Casual,Mineral Women Floral Pink Tunic
24519,Women,Apparel,Topwear,Kurtas,Black,Fall,2011,Ethnic,Mother Earth Women Black Printed Kurta
6962,Men,Apparel,Topwear,Shirts,Navy Blue,Summer,2011,Casual,s.Oliver Men White Red Checks Shirt
19493,Men,Apparel,Innerwear,Briefs,Blue,Summer,2016,Casual,Levis Men Jazz Stripes Blue Brief
13995,Women,Apparel,Topwear,Jackets,Blue,Fall,2011,Sports,Nike Women Solid Blue Jackets
12249,Men,Apparel,Topwear,Shirts,Pink,Fall,2011,Formal,Genesis Men Striped Pink & Navy Shirt
42539,Women,Apparel,Topwear,Kurtas,Purple,Summer,2012,Ethnic,Mother Earth Women Purple Kurta
29808,Men,Apparel,Topwear,Shirts,Blue,Summer,2012,Casual,Basics Men Blue Checked Slim Fit Shirt
30925,Women,Apparel,Bottomwear,Skirts,Black,Summer,2012,Ethnic,Fabindia Women Printed Black Ghera Skirt
27992,Men,Apparel,Innerwear,Briefs,Blue,Summer,2016,Casual,Jockey ZONE Men Zone Blue Brief US17
26418,Men,Apparel,Topwear,Shirts,Purple,Summer,2012,Casual,Turtle Men Check Purple Shirt
23956,Men,Apparel,Topwear,Shirts,Grey,Fall,2011,Casual,Provogue Men Grey Shirt
18317,Men,Apparel,Topwear,Shirts,Maroon,Summer,2011,Casual,Wills Lifestyle Men Check Maroon Shirt
50498,Men,Apparel,Innerwear,Innerwear Vests,Maroon,Winter,2016,Casual,Chromozome Men Maroon Innerwear Vest
6708,Men,Apparel,Topwear,Shirts,Yellow,Summer,2011,Casual,UCB Men Ben Logo At Chest Yellow Shirt
37758,Men,Apparel,Topwear,Shirts,White,Summer,2012,Casual,John Players Men Solid White Shirt
59727,Women,Apparel,Innerwear,Bra,Red,Summer,2012,Casual,Avirate Red & Black Bra
24941,Girls,Apparel,Topwear,Tops,Pink,Summer,2012,Casual,United Colors of Benetton Kids Girls Pink Top
25893,Women,Apparel,Topwear,Tops,Brown,Summer,2012,Casual,Femella Women Spaghetti Brown Top
53813,Women,Apparel,Topwear,Tunics,Blue,Fall,2012,Casual,Ayaany Women Blue Tunic
45976,Women,Apparel,Topwear,Tops,Grey Melange,Summer,2012,Casual,Tokyo Talkies Women Grey Melange Printed Top
18919,Men,Apparel,Topwear,Shirts,Blue,Fall,2011,Casual,Levis Men Work Western Blue Shirt
41377,Women,Apparel,Topwear,Tops,Yellow,Summer,2012,Casual,Wrangler Women Yellow Maria Top
11407,Women,Apparel,Topwear,Shirts,Purple,Fall,2011,Casual,United Colors of Benetton Women  Winter Purple Shirt
33757,Women,Apparel,Topwear,Tops,Sea Green,Summer,2012,Casual,Vero Moda Women Sea Green Top
43420,Men,Apparel,Bottomwear,Jeans,Blue,Summer,2012,Casual,Spykar Men Blue Jeans
13350,Women,Apparel,Bottomwear,Jeans,Blue,Fall,2011,Casual,Spykar Blue Washed Jeans
27165,Men,Apparel,Topwear,Shirts,Blue,Summer,2012,Formal,Mark Taylor Men Striped Blue Shirt
12282,Men,Apparel,Topwear,Shirts,Green,Fall,2011,Formal,Genesis Men Green & Purple Striped Shirt
50037,Women,Apparel,Innerwear,Bra,White,Winter,2015,Casual,Hanes Women White Concealing Petals Wirefree Moulded Bra
27959,Men,Apparel,Innerwear,Trunk,White,Summer,2016,Casual,Jockey Sport Performance  Men White Trunks SP04
16622,Men,Apparel,Bottomwear,Trousers,Khaki,Fall,2011,Casual,Probase Men Solid Khaki Trouser
22625,Men,Apparel,Topwear,Sweaters,Black,Fall,2011,Sports,Nike Men Solid Black Sweater
8833,Men,Apparel,Topwear,Sweaters,Black,Fall,2011,Casual,Spykar Men Rts Vneck Black Black Sweaters
46360,Men,Apparel,Topwear,Shirts,White,Summer,2012,Casual,Locomotive Men Black & Grey Check Shirt
20172,Men,Apparel,Topwear,Shirts,Navy Blue,Fall,2011,Casual,Wrangler Men Aoston Navy Blue Shirt
53480,Women,Apparel,Innerwear,Bra,Mushroom Brown,Summer,2017,Casual,Amante Mushroom Brown Full-Coverage Bra BCSB02
31656,Men,Apparel,Topwear,Shirts,White,Summer,2012,Casual,Indigo Nation Men White Shirt
30784,Men,Apparel,Topwear,Kurtas,White,Summer,2012,Ethnic,Fabindia Men Striped White Kurta
7423,Women,Apparel,Topwear,Kurtas,Pink,Summer,2011,Ethnic,W Women U Neck Sleeveless Red Kurta
50661,Men,Apparel,Loungewear and Nightwear,Lounge Pants,Grey Melange,Summer,2016,Sports,Chromozome Men Grey Melange Lounge Pants
14723,Women,Apparel,Topwear,Shirts,Maroon,Fall,2011,Casual,Scullers For Her Women Casual Shirt Maroon Shirts
36473,Women,Apparel,Topwear,Kurtas,Pink,Summer,2012,Ethnic,Aurelia Women Dobby Pink Kurta
37793,Men,Apparel,Topwear,Shirts,Blue,Summer,2012,Formal,John Players Men Blue Striped Shirt
14511,Men,Apparel,Topwear,Shirts,Blue,Fall,2011,Formal,Mark Taylor Men Blue Striped Shirt
24384,Women,Apparel,Topwear,Kurtas,Black,Fall,2011,Ethnic,Folklore Women Black Printed Kurta
11063,Men,Apparel,Topwear,Shirts,Purple,Fall,2011,Formal,John Miller Men Solid Purple Shirts
42196,Women,Apparel,Topwear,Tops,Blue,Summer,2012,Casual,Sepia Women Blue Top
31464,Women,Apparel,Bottomwear,Capris,Black,Summer,2012,Sports,Nike Women Training Green Capris
43044,Men,Apparel,Bottomwear,Shorts,Charcoal,Summer,2012,Casual,Nike Men Charcoal Grey Shorts
13734,Men,Apparel,Topwear,Shirts,Blue,Fall,2011,Casual,Belmonte Men Check Blue Shirts
22073,Women,Apparel,Topwear,Kurtas,Green,Fall,2011,Ethnic,Vishudh Women Printed Green Kurta
50453,Men,Apparel,Innerwear,Briefs,Blue,Summer,2016,Casual,Chromozome Men Ink Blue Briefs
34116,Girls,Apparel,Bottomwear,Capris,Blue,Summer,2012,Casual,Doodle Girls Washed Blue Capris
42350,Women,Apparel,Bottomwear,Leggings,Black,Summer,2012,Casual,Flying Machine Women Black Leggings
60000,Women,Apparel,Topwear,Kurtas,Blue,Fall,2012,Ethnic,Alma Women Blue Kurta
30770,Men,Apparel,Topwear,Kurtas,Grey,Summer,2012,Ethnic,Fabindia Men Grey Printed Silk Kurta
17152,Men,Apparel,Topwear,Jackets,Black,Fall,2011,Casual,U.S. Polo Assn. Men Solid Black Jacket
40407,Women,Apparel,Topwear,Tops,Black,Summer,2012,Casual,Tonga Women Black Top
45949,Women,Apparel,Topwear,Tops,White,Summer,2012,Casual,Tokyo Talkies Women White Top
37767,Men,Apparel,Topwear,Shirts,Red,Summer,2012,Casual,John Players Men Orange And Blue Check Shirt
59718,Women,Apparel,Innerwear,Bra,White,Summer,2014,Casual,Avirate White Bra
21602,Women,Apparel,Topwear,Sweaters,Grey,Winter,2012,Casual,Roxy Women Grey Striped Sweater
24370,Women,Apparel,Topwear,Kurtas,Green,Fall,2011,Ethnic,Folklore Women Green Printed Kurta
32215,Women,Apparel,Topwear,Kurtas,Brown,Summer,2012,Ethnic,Fabindia Women Printed Brown Kurta
11097,Women,Apparel,Topwear,Tops,Black,Fall,2011,Casual,Scullers Women Solid Black Tops
48458,Men,Apparel,Bottomwear,Shorts,Blue,Fall,2012,Casual,French Connection Men Blue & White Check Shorts
45723,Women,Apparel,Topwear,Kurtas,Yellow,Summer,2012,Ethnic,Folklore Women Yellow Kurta
41383,Women,Apparel,Topwear,Tops,Navy Blue,Summer,2012,Casual,Wrangler Women Blossom Navy Blue Top
27191,Women,Apparel,Topwear,Kurtas,Pink,Fall,2011,Ethnic,Mother Earth Women Pink Printed Kurta
26043,Men,Apparel,Topwear,Shirts,Grey,Summer,2012,Formal,John Miller Men Grey Shirt
29837,Men,Apparel,Topwear,Shirts,Yellow,Summer,2012,Casual,Basics Men Yellow Checked Shirt
12044,Men,Apparel,Bottomwear,Jeans,Blue,Fall,2011,Casual,Spykar Men Washed Blue Jeans
17536,Men,Apparel,Topwear,Shirts,Blue,Fall,2011,Formal,Mark Taylor Men Blue & White Striped Shirt
46394,Men,Apparel,Topwear,Shirts,Blue,Summer,2012,Casual,ADIDAS Men Blue & Black Check Shirt
20186,Men,Apparel,Topwear,Shirts,Blue,Fall,2011,Casual,Wrangler Men Tony Check Blue Shirt
53474,Women,Apparel,Innerwear,Bra,White,Summer,2017,Casual,Amante White Medium-Coverage Plunge Bra BCSB01
38945,Girls,Apparel,Topwear,Tops,White,Summer,2012,Casual,Gini and Jony Girls Printed White Top
37131,Men,Apparel,Topwear,Shirts,Lavender,Summer,2012,Formal,Wills Lifestyle Men Striped Lavender Shirt
21868,Girls,Apparel,Topwear,Tops,Pink,Fall,2011,Casual,Chhota Bheem Kids Girls Are You Game Pink Top
24526,Men,Apparel,Topwear,Shirts,Maroon,Fall,2011,Casual,Mother Earth Men Maroon Shirt
10713,Women,Apparel,Bottomwear,Capris,Blue,Winter,2011,Sports,Nike Women Blue Dri-Fit Capris
24946,Girls,Apparel,Topwear,Tops,White,Summer,2012,Casual,United Colors of Benetton Kids Girls White Printed Top
25894,Women,Apparel,Topwear,Tops,Olive,Summer,2012,Casual,Femella Women Olive Green Spaghetti Top
49780,Women,Apparel,Loungewear and Nightwear,Night suits,Yellow,Summer,2012,Casual,Little Miss Intimates Yellow Pyjama Set
30748,Men,Apparel,Topwear,Kurtas,White,Summer,2012,Ethnic,Fabindia Men Striped White Kurta
29665,Men,Apparel,Topwear,Shirts,Purple,Summer,2012,Casual,Indigo Nation Men Striped Purple Shirt
23951,Men,Apparel,Topwear,Sweaters,Black,Fall,2011,Casual,Provogue Men Black Sweater
48460,Men,Apparel,Bottomwear,Shorts,Green,Summer,2012,Casual,French Connection Men Green & White Check Cargo Shorts
59720,Women,Apparel,Innerwear,Bra,Orange,Summer,2014,Casual,Avirate Light Orange Bra
38717,Women,Apparel,Topwear,Tunics,White,Summer,2012,Casual,Global Desi Women White Tunic
27995,Men,Apparel,Innerwear,Briefs,White,Winter,2016,Casual,Jockey ZONE Men Zone White Modern Briefs US-17
30922,Women,Apparel,Bottomwear,Skirts,Rust,Summer,2012,Ethnic,Fabindia Women Printed Rust Skirt
32649,Men,Apparel,Bottomwear,Shorts,Black,Summer,2012,Sports,Nike Men Black Shorts
14985,Men,Apparel,Topwear,Sweatshirts,Blue,Fall,2011,Casual,ADIDAS Men Printed Blue Sweatshirts
37935,Women,Apparel,Topwear,Tops,Teal,Summer,2012,Casual,Mineral Women Teal Top
19652,Women,Apparel,Topwear,Tops,White,Fall,2011,Casual,United Colors of Benetton Women White Printed Top
27961,Men,Apparel,Innerwear,Trunk,Green,Summer,2016,Casual,Jockey SPORT PERFORMANCE Men Green Trunks SP08
28115,Men,Apparel,Innerwear,Trunk,Blue,Summer,2016,Casual,Jockey COMFORT PLUS Men Comfort Plus Blue Trunks 8015
20378,Women,Apparel,Topwear,Sweatshirts,Black,Fall,2011,Sports,Urban Yoga Women Printed Black Sweatshirt
57824,Women,Apparel,Bottomwear,Trousers,Green,Fall,2012,Casual,United Colors of Benetton Green Trouser
57018,Men,Apparel,Innerwear,Briefs,Grey,Summer,2016,Casual,Jockey ELANCE Men Grey Briefs 1010
12088,Women,Apparel,Topwear,Kurtas,Brown,Fall,2011,Ethnic,W Women Printed Brown Kurtas
39403,Men,Apparel,Topwear,Shirts,Black,Summer,2014,Casual,U.S. Polo Assn. Men Black Tailored Fit Casual Shirt
19004,Women,Apparel,Topwear,Jackets,Red,Summer,2011,Casual,ADIDAS Originals Women Firebird Red Jacket
49774,Women,Apparel,Topwear,Kurtas,Blue,Summer,2012,Ethnic,Alma Women Blue Printed Kurta
8453,Women,Apparel,Topwear,Tops,Black,Fall,2011,Casual,Jealous 21 Women Jealous Randa Black Top Black Tops
2169,Men,Apparel,Topwear,Shirts,Red,Summer,2011,Casual,Probase Men Red & Blue Shirt
19838,Men,Apparel,Topwear,Shirts,Red,Fall,2011,Casual,U.S. Polo Assn. Men Check Red Shirt
28743,Women,Apparel,Topwear,Kurtis,Green,Summer,2012,Ethnic,W Women Printed Green Top
34912,Women,Apparel,Topwear,Dupatta,Green,Summer,2012,Ethnic,Fabindia Women Mustard Dupatta
27539,Men,Apparel,Topwear,Shirts,Blue,Summer,2012,Casual,Scullers Men Check Green & Blue Shirt
48494,Women,Apparel,Bottomwear,Jeans,Black,Winter,2011,Casual,French Connection Women Black Jeans
23199,Men,Apparel,Topwear,Shirts,Green,Fall,2011,Casual,Highlander Men Green Check Shirt
10189,Men,Apparel,Topwear,Shirts,Blue,Fall,2011,Casual,Indigo Nation Men Hot Stepper Blue Shirts
12043,Men,Apparel,Topwear,Shirts,White,Fall,2011,Formal,Mark Taylor Men White & Blue Striped Shirt
46393,Men,Apparel,Topwear,Shirts,Olive,Summer,2012,Casual,ADIDAS Men Olive Shirt
38942,Boys,Apparel,Topwear,Shirts,White,Summer,2012,Casual,Gini and Jony Boys Check White Shirt
53473,Women,Apparel,Innerwear,Bra,Black,Summer,2017,Casual,Amante Black Full-Coverage T-Shirt Bra BCSB01
20181,Men,Apparel,Topwear,Shirts,Grey,Fall,2011,Casual,Wrangler Men Colorado Grey Shirt
32444,Men,Apparel,Bottomwear,Shorts,Navy Blue,Winter,2015,Sports,ADIDAS Men Navy Blue Shorts
10714,Women,Apparel,Bottomwear,Track Pants,Black,Summer,2011,Sports,Nike Women Trainng track pants Black Track Pants
24521,Women,Apparel,Topwear,Kurtas,Green,Fall,2011,Ethnic,Mother Earth Women Green Printed Kurta
45724,Women,Apparel,Topwear,Kurtas,Maroon,Summer,2012,Ethnic,Folklore Women Maroon Kurta
41384,Women,Apparel,Topwear,Shirts,Pink,Summer,2012,Casual,Wrangler Women Pink Shirt
40256,Men,Apparel,Topwear,Shirts,Blue,Summer,2012,Casual,Scullers Men Check Blue Shirt
12271,Men,Apparel,Topwear,Shirts,Blue,Fall,2011,Formal,Genesis Men Stripes Blue Shirts
19699,Men,Apparel,Topwear,Shirts,White,Fall,2011,Casual,United Colors of Benetton Men White Shirt
26044,Men,Apparel,Topwear,Shirts,Pink,Summer,2012,Formal,John Miller Men Pink Shirt
26878,Women,Apparel,Topwear,Tops,Yellow,Summer,2012,Casual,Jealous 21 Women Printed Yellow Top
37760,Men,Apparel,Topwear,Shirts,Blue,Summer,2012,Casual,John Players Men Check Blue Shirt
44292,Men,Apparel,Topwear,Shirts,Green,Summer,2012,Casual,Indian Terrain Men Green Check Shirt
40632,Women,Apparel,Topwear,Kurtas,Magenta,Summer,2012,Ethnic,Span Women Magenta Kurta
24377,Women,Apparel,Topwear,Kurtas,Green,Fall,2011,Ethnic,Folklore Women Green  Kurta
11090,Men,Apparel,Topwear,Shirts,Blue,Fall,2011,Casual,Scullers Men Check Blue Shirts
32212,Women,Apparel,Topwear,Kurtas,White,Summer,2012,Ethnic,Fabindia Women White Kurta
22080,Women,Apparel,Topwear,Kurtas,Black,Fall,2011,Ethnic,Vishudh Women Printed Black Kurta
23152,Men,Apparel,Topwear,Shirts,White,Winter,2011,Formal,Genesis White Formal Shirt
8498,Women,Apparel,Bottomwear,Skirts,Grey,Fall,2011,Casual,Forever New Women Coral Check Grey Skirts
30777,Men,Apparel,Topwear,Kurtas,Green,Summer,2012,Ethnic,Fabindia Men Striped Green Kurta
50692,Men,Apparel,Innerwear,Trunk,Grey,Summer,2016,Casual,Chromozome Men Grey Trunk Trunks
17155,Men,Apparel,Topwear,Shirts,Blue,Fall,2011,Casual,U.S. Polo Assn. Men Stripes Blue Shirt
18921,Men,Apparel,Topwear,Shirts,Red,Fall,2011,Casual,Levis Men Classics  Red Shirt
15602,Men,Apparel,Topwear,Sweatshirts,Black,Summer,2012,Casual,Nike Men Casual Black Sweatshirts
40400,Women,Apparel,Topwear,Tops,Red,Summer,2012,Casual,Tonga Women Red & White Top
14516,Men,Apparel,Topwear,Shirts,White,Fall,2011,Formal,Mark Taylor Men White & Green Striped Shirt
37794,Men,Apparel,Topwear,Shirts,Brown,Summer,2012,Formal,John Players Men Stripes Brown Shirt
24383,Women,Apparel,Topwear,Kurtas,Turquoise Blue,Fall,2011,Ethnic,Folklore Women Turquoise Blue Printed Kurta
11064,Men,Apparel,Topwear,Shirts,Purple,Fall,2011,Formal,John Miller Men Solid Purple Shirts
27506,Women,Apparel,Innerwear,Bra,Red,Winter,2015,Casual,Jockey Women Red T-shirt Bra SS 14
13733,Men,Apparel,Topwear,Shirts,Blue,Fall,2011,Formal,Belmonte Men Check Blue Shirts
43043,Men,Apparel,Topwear,Shirts,Navy Blue,Summer,2012,Casual,Indigo Nation Navy Blue Shirt
51586,Women,Apparel,Bottomwear,Jeans,Blue,Summer,2012,Casual,Wrangler Women Blue Giselle Jeans
22074,Women,Apparel,Topwear,Kurtas,Black,Fall,2011,Ethnic,Vishudh Women Printed Black Kurta
34111,Girls,Apparel,Topwear,Tops,Navy Blue,Summer,2012,Casual,Doodle Girls Striped Navy Blue Top
50454,Men,Apparel,Innerwear,Briefs,Navy Blue,Summer,2016,Casual,Chromozome Men Navy Blue Briefs
30783,Men,Apparel,Topwear,Kurtas,Cream,Summer,2012,Ethnic,Fabindia Men Striped Cream Kurta
7424,Women,Apparel,Topwear,Kurtas,Green,Summer,2011,Ethnic,W Women U Neck Short Sleeve Lavender Green Kurta
50666,Men,Apparel,Loungewear and Nightwear,Lounge Pants,Black,Summer,2018,Sports,Chromozome Men Black Fashion Lounge Pants S-5145
36474,Women,Apparel,Topwear,Kurtas,Red,Summer,2012,Ethnic,Aurelia Women Dobby Red Kurta
43615,Women,Apparel,Topwear,Tunics,White,Summer,2012,Casual,Vero Moda Women White Tunic
13959,Women,Apparel,Topwear,Tops,Grey,Fall,2011,Casual,Jealous 21 Women Stripes Grey Tops
46367,Men,Apparel,Topwear,Shirts,Blue,Summer,2012,Casual,Locomotive Men Blue and Grey Check Shirt
8834,Men,Apparel,Bottomwear,Trousers,Brown,Summer,2011,Formal,Scullers Men Scul Brown Trousers
52555,Women,Apparel,Bottomwear,Jeans,Blue,Summer,2012,Casual,Pepe Jeans Women Blue Jeans
53487,Women,Apparel,Innerwear,Bra,White,Winter,2015,Casual,Amante White Sports Bra BCST11
57027,Men,Apparel,Innerwear,Briefs,White,Summer,2016,Casual,Jockey MC Men White Brief 8033
20347,Women,Apparel,Topwear,Sweaters,Black,Fall,2011,Casual,Scullers For Her Women Solid Black Sweater
33750,Women,Apparel,Topwear,Tunics,Red,Summer,2012,Casual,Vero Moda Women Red Tunic
57215,Women,Apparel,Bottomwear,Shorts,Beige,Fall,2012,Casual,Kraus Jeans Women Beige Shorts
2700,Girls,Apparel,Topwear,Tops,White,Summer,2011,Casual,Disney Kids Girl's White Kidswear
12285,Men,Apparel,Bottomwear,Trousers,Black,Fall,2011,Formal,Genesis Men Solid Black Trousers
34575,Women,Apparel,Topwear,Tops,Cream,Summer,2012,Casual,Tonga Women Cream-Coloured Top
50030,Men,Apparel,Loungewear and Nightwear,Lounge Pants,Black,Summer,2016,Casual,Hanes Men Black Relaxed Sports Pants
30949,Women,Apparel,Topwear,Tops,Purple,Summer,2012,Ethnic,Fabindia Women Purple Cambric Top
47027,Women,Apparel,Topwear,Kurtas,Purple,Fall,2012,Ethnic,Shree Women Blue Printed Kurta
49981,Men,Apparel,Innerwear,Innerwear Vests,Khaki,Summer,2016,Casual,Hanes Men Khaki Innerwear Vest
9348,Men,Apparel,Bottomwear,Shorts,Navy Blue,Fall,2011,Casual,Puma Men Bermudas Navy Blue Shorts
42555,Women,Apparel,Topwear,Kurtas,Purple,Summer,2012,Ethnic,Mother Earth Women Purple Kurta
10572,Men,Apparel,Topwear,Sweaters,Red,Fall,2011,Casual,Puma Men Knitted Red Sweaters
36282,Women,Apparel,Loungewear and Nightwear,Night suits,White,Summer,2017,Casual,SDL by Sweet Dreams Women White Night suits
32410,Women,Apparel,Bottomwear,Leggings,Blue,Summer,2012,Sports,ADIDAS Women Blue Leggings
59921,Women,Apparel,Topwear,Kurtas,Multi,Summer,2012,Ethnic,Diva Women Multi Coloured Kurta
57087,Women,Apparel,Bottomwear,Skirts,Yellow,Summer,2012,Casual,Elle Women Yellow Skirt
53427,Women,Apparel,Topwear,Kurtas,White,Fall,2012,Ethnic,Alma Women White Printed Kurta
9946,Men,Apparel,Topwear,Sweaters,Black,Fall,2011,Sports,ADIDAS Men Frnt Str Black Sweaters
54602,Men,Apparel,Innerwear,Briefs,Navy Blue,Summer,2016,Casual,Jockey ELANCE Men Navy Blue Briefs 1004
10324,Women,Apparel,Topwear,Tops,Black,Fall,2011,Casual,Puma Women Heather USP Black Tshirts
32074,Men,Apparel,Innerwear,Boxers,White,Summer,2016,Casual,Playboy Men White Boxers
23334,Women,Apparel,Topwear,Tunics,Maroon,Fall,2011,Ethnic,W Women Maroon Printed Tunic
30723,Boys,Apparel,Topwear,Kurtas,Blue,Summer,2012,Ethnic,Fabindia Boys Printed Blue Kurta
54054,Women,Apparel,Bottomwear,Leggings,Green,Summer,2012,Casual,Myntra Women Green Leggings
40666,Women,Apparel,Topwear,Tops,Navy Blue,Summer,2012,Casual,Lee Women Rosa Navy Blue Top
56703,Men,Apparel,Topwear,Kurtas,Beige,Summer,2012,Ethnic,Fabindia Men Beige Kurta
21651,Women,Apparel,Innerwear,Bra,White,Fall,2012,Casual,Enamor Women Classique White Bra
15464,Men,Apparel,Topwear,Jackets,Black,Fall,2011,Casual,Puma Men Frost HD Black Jackets
33152,Girls,Apparel,Topwear,Tops,Green,Summer,2012,Casual,Gini and Jony Girls Printed Green Top
25037,Women,Apparel,Bottomwear,Leggings,Purple,Fall,2011,Casual,Nike Women Long Purple Leggings
39468,Women,Apparel,Topwear,Kurtis,Pink,Summer,2012,Ethnic,Diva Women Pink Kurti
28728,Women,Apparel,Topwear,Kurtas,White,Summer,2012,Ethnic,W Women Printed White Kurta
50632,Men,Apparel,Innerwear,Trunk,Grey,Winter,2016,Casual,Chromozome Men Grey & Black Trunks
8438,Women,Apparel,Topwear,Tops,Yellow,Fall,2011,Casual,Jealous 21 Women Jealous Mabon Yellow Top Yellow Tops
31605,Women,Apparel,Bottomwear,Skirts,Black,Summer,2012,Sports,Nike Women Running Black Skirt with Capris
43225,Women,Apparel,Bottomwear,Capris,Beige,Fall,2012,Casual,United Colors of Benetton Women Beige Capri
22020,Women,Apparel,Topwear,Kurtas,Green,Fall,2011,Ethnic,Vishudh Women Printed Green Kurta
5115,Women,Apparel,Topwear,Tops,Grey,Summer,2011,Casual,Wrangler Women Blouson Tank Dark Grey Top
14542,Women,Apparel,Topwear,Kurtas,Pink,Fall,2011,Ethnic,Vishudh Women Embroidary Pink Kurtas
52357,Women,Apparel,Loungewear and Nightwear,Nightdress,Yellow,Winter,2015,Casual,Red Rose Women Yellow Nightdress
49975,Men,Apparel,Innerwear,Innerwear Vests,Grey,Summer,2016,Casual,Hanes Men Grey Vest
28942,Women,Apparel,Topwear,Kurtas,Yellow,Summer,2012,Ethnic,BIBA Women Yellow Kurta
13303,Men,Apparel,Bottomwear,Shorts,Beige,Fall,2011,Casual,Gini and Jony Kids Boys Solid Beige Shorts
19639,Women,Apparel,Topwear,Sweatshirts,Olive,Fall,2011,Casual,United Colors of Benetton Women Solid Olive Sweatshirt
41324,Women,Apparel,Topwear,Dupatta,Cream,Fall,2012,Ethnic,Aurelia Women Cream Dupatta
36276,Women,Apparel,Loungewear and Nightwear,Night suits,White,Summer,2017,Casual,SDL by Sweet Dreams Women White & Blue Night suits
14126,Women,Apparel,Bottomwear,Jeans,Blue,Fall,2011,Casual,Flying Machine Women Washed Blue Jeans
57073,Women,Apparel,Bottomwear,Jeans,Blue,Summer,2012,Casual,Elle Women Blue Jeans
39830,Girls,Apparel,Bottomwear,Shorts,Purple,Summer,2012,Casual,Gini and Jony Girls Core Purple Shorts
20121,Women,Apparel,Topwear,Tops,Blue,Fall,2011,Casual,Wrangler Women Lace Blue Top
16443,Men,Apparel,Topwear,Sweatshirts,Black,Fall,2011,Casual,Levis Men Printed Black Sweatshirts
51384,Men,Apparel,Innerwear,Boxers,Blue,Summer,2012,Casual,Myntra Blue Printed Boxers
43641,Women,Apparel,Topwear,Tops,Black,Summer,2012,Casual,Vero Moda Women Black Top
40659,Women,Apparel,Topwear,Kurtas,Multi,Summer,2012,Ethnic,Span Women Multi Coloured Kurta
32279,Women,Apparel,Topwear,Kurtas,Purple,Summer,2012,Ethnic,Fabindia Women Printed Purple Kurta
4830,Men,Apparel,Bottomwear,Track Pants,Navy Blue,Summer,2011,Sports,ADIDAS Men's Navy White Track Pant
23139,Men,Apparel,Topwear,Sweatshirts,Olive,Fall,2011,Casual,Quechua Men Fleece Olive Sweatshirt
18176,Boys,Apparel,Topwear,Sweatshirts,Green,Fall,2011,Casual,Doodle Kids-Boys Flap 02 Green Sweatshirt
17902,Men,Apparel,Bottomwear,Track Pants,Navy Blue,Fall,2011,Sports,Nike Men Trainng Navy Blue Track Pant
38571,Women,Apparel,Bottomwear,Capris,Grey,Summer,2012,Sports,Nike Women Regular Grey Capris
53840,Women,Apparel,Topwear,Kurtas,Purple,Summer,2012,Ethnic,Vishudh Women Purple Kurta
18512,Men,Apparel,Topwear,Jackets,Red,Fall,2011,Casual,C Vox Men Red Jacket
9145,Women,Apparel,Bottomwear,Jeans,Blue,Summer,2013,Casual,Lee Women Rinsed Blue Roxy Fit Jeans
59122,Men,Apparel,Topwear,Jackets,Grey,Summer,2012,Casual,Just Natural Men Grey Jacket
53418,Women,Apparel,Topwear,Kurtas,Green,Fall,2012,Ethnic,Alma Women Green Printed Kurta
5788,Women,Apparel,Bottomwear,Shorts,White,Summer,2011,Casual,Jealous 21 Women's Checkered Pink White Short
15803,Men,Apparel,Innerwear,Briefs,Brown,Summer,2016,Casual,Facit Men Trophy BKN Brown Briefs
38327,Girls,Apparel,Topwear,Tops,Blue,Summer,2012,Casual,Hannah Montana Girls Blue Top
47018,Women,Apparel,Topwear,Kurtas,Mustard,Summer,2012,Ethnic,Shree Women Mustard & Black Kurta
18720,Women,Apparel,Topwear,Tops,Cream,Fall,2011,Casual,Arrow Women Zebra Cream Top
33509,Women,Apparel,Bottomwear,Shorts,Pink,Summer,2012,Casual,Doodle Kids Girl Check Pink Shorts
58004,Women,Apparel,Topwear,Tops,Pink,Fall,2012,Casual,Latin Quarters Women Pink & Black Top
36249,Men,Apparel,Loungewear and Nightwear,Night suits,White,Summer,2016,Casual,SDL by Sweet Dreams Men White & Grey Pyjama Set
27935,Women,Apparel,Bottomwear,Jeans,Lavender,Summer,2012,Casual,Jealous 21 Women Lavender Magic Colour Jeans
27109,Women,Apparel,Topwear,Kurtas,Orange,Summer,2012,Ethnic,Aneri Women Chanchal Orange Kurta
19606,Women,Apparel,Topwear,Tops,Green,Summer,2011,Casual,United Colors of Benetton Women Solid Green Top
58652,Women,Apparel,Topwear,Kurtas,Black,Summer,2012,Ethnic,ALayna Women Black Kurta
52368,Women,Apparel,Loungewear and Nightwear,Nightdress,Peach,Winter,2015,Casual,Red Rose Women Peach Nightdress
31408,Men,Apparel,Innerwear,Innerwear Vests,Black,Summer,2016,Casual,Spykar Men Black Innerwear Vest
34946,Women,Apparel,Topwear,Dupatta,Beige,Summer,2012,Ethnic,Fabindia Women Printed Beige Dupatta
16018,Men,Apparel,Bottomwear,Trousers,Khaki,Fall,2011,Casual,Turtle Solid Men  Khaki Trouser
28717,Women,Apparel,Topwear,Kurtas,Purple,Summer,2012,Ethnic,W Women Printed Purple Kurta
44803,Women,Apparel,Topwear,Tops,Grey,Summer,2012,Casual,Spykar Women Grey T-shirt
39457,Women,Apparel,Topwear,Kurtas,White,Summer,2012,Ethnic,Diva Women Printed White Kurta
25834,Women,Apparel,Topwear,Kurtas,White,Summer,2012,Ethnic,Diva Women Printed White Kurta
57074,Women,Apparel,Bottomwear,Jeans,Black,Summer,2012,Casual,Elle Women Black Jeans
20126,Women,Apparel,Topwear,Tops,Blue,Fall,2011,Casual,Wrangler Women Shadow Blue Top
16444,Men,Apparel,Topwear,Sweatshirts,Olive,Fall,2011,Casual,Levis Men Printed Olive Sweatshirts
51383,Men,Apparel,Innerwear,Boxers,Blue,Summer,2012,Casual,Myntra Men Blue Boxer
9189,Men,Apparel,Bottomwear,Jeans,Blue,Fall,2011,Casual,Spykar Men Style Essentials Spykar Jeans Rns Blue Jeans
49972,Men,Apparel,Innerwear,Innerwear Vests,Olive,Summer,2016,Casual,Hanes Men Olive Innerwear Vest
13304,Women,Apparel,Bottomwear,Skirts,Red,Fall,2011,Casual,Gini and Jony Kids Girls Solid Red Skirts
39239,Women,Apparel,Loungewear and Nightwear,Nightdress,Blue,Summer,2017,Casual,Femella Women Blue Nightdress
36271,Women,Apparel,Loungewear and Nightwear,Night suits,White,Summer,2017,Casual,SDL by Sweet Dreams Women White Night suits
14121,Men,Apparel,Bottomwear,Jeans,Blue,Winter,2016,Casual,Flying Machine Washed Blue Jeans
22027,Women,Apparel,Topwear,Kurtas,White,Fall,2011,Ethnic,Vishudh Women Floral Print Orange Kurta
31430,Men,Apparel,Bottomwear,Trousers,Grey,Summer,2012,Casual,HIghlander Men Grey Trousers
18388,Men,Apparel,Innerwear,Briefs,White,Summer,2016,Casual,Undercolors of Benetton Men White Tanga Brief
43010,Men,Apparel,Innerwear,Boxers,Red,Summer,2016,Casual,Probase Red Printed Boxers
11037,Women,Apparel,Topwear,Tops,Pink,Fall,2011,Casual,Jealous 21 Women Solid Pink Tops
14545,Women,Apparel,Topwear,Kurtas,Blue,Fall,2011,Ethnic,Vishudh Women Circle Print Blue Kurtas
52350,Women,Apparel,Loungewear and Nightwear,Nightdress,Blue,Winter,2015,Casual,Red Rose Women Blue Nightdress
57410,Women,Apparel,Innerwear,Briefs,Black,Winter,2015,Casual,Amante Women Black Bikini Briefs PGSM03
25030,Men,Apparel,Bottomwear,Shorts,Navy Blue,Fall,2011,Sports,Nike Men Speed Fly Navy Blue Shorts
16020,Men,Apparel,Bottomwear,Trousers,Grey,Fall,2011,Casual,Turtle Solid Men Grey Trouser
50635,Men,Apparel,Innerwear,Innerwear Vests,Charcoal,Winter,2016,Casual,Chromozome Men Charcoal Melange Innerwear Vest
19068,Women,Apparel,Topwear,Kurtas,Navy Blue,Fall,2011,Ethnic,W Women Solid Navy Blue Kurta
2105,Men,Apparel,Bottomwear,Track Pants,Black,Fall,2010,Sports,ADIDAS Men's Climalite Track Pants
54053,Women,Apparel,Bottomwear,Leggings,White,Summer,2012,Casual,Myntra Women White Leggings
40661,Women,Apparel,Topwear,Kurtas,Multi,Summer,2012,Ethnic,Span Women Multi Coloured Kurta
4808,Men,Apparel,Bottomwear,Shorts,Black,Summer,2011,Sports,ADIDAS Men's Prophecy Black Yellow Short
56704,Men,Apparel,Topwear,Kurtas,Rust,Summer,2012,Ethnic,Fabindia Men Rust Kurta
32073,Men,Apparel,Innerwear,Boxers,Red,Summer,2016,Casual,Playboy Men Red Boxers
21464,Women,Apparel,Topwear,Sweaters,Grey,Winter,2012,Casual,Roxy Women Grey Sweater
23333,Women,Apparel,Topwear,Kurtis,Maroon,Fall,2011,Ethnic,W Women Wine Printed Kurti
30724,Boys,Apparel,Topwear,Kurtas,White,Summer,2012,Ethnic,Fabindia Boys Printed White Kurta
59926,Women,Apparel,Topwear,Kurtas,White,Summer,2012,Ethnic,Diva Women White Kurta
37165,Women,Apparel,Topwear,Tops,Peach,Summer,2012,Casual,United Colors of Benetton Women Peach Top
53420,Women,Apparel,Topwear,Kurtas,Blue,Fall,2012,Ethnic,Alma Women Blue Printed Kurta
51377,Men,Apparel,Bottomwear,Shorts,Khaki,Summer,2012,Casual,Myntra Men Khaki Shorts
54605,Men,Apparel,Innerwear,Briefs,White,Summer,2016,Casual,Jockey ELANCE Men White Brief 1004
31292,Women,Apparel,Topwear,Tops,Black,Summer,2012,Casual,Puma Women Script Black Top
6307,Women,Apparel,Topwear,Tops,Green,Summer,2011,Casual,UCB Women Basic Racerback Green Top
47020,Women,Apparel,Topwear,Kurtas,Black,Summer,2012,Ethnic,Shree Women Black Embroidered  Kurta
18718,Women,Apparel,Topwear,Tops,Purple,Fall,2011,Casual,Arrow Woman Victoria Purple Top
42552,Women,Apparel,Topwear,Kurtas,Beige,Summer,2012,Ethnic,Mother Earth Women Beige & Black Kurta
12222,Men,Apparel,Bottomwear,Trousers,Olive,Summer,2013,Formal,Basics Men Olive Trousers
25692,Women,Apparel,Topwear,Kurtis,Orange,Summer,2012,Ethnic,Mumbai Slang Women Printed Orange Kurti
36285,Women,Apparel,Loungewear and Nightwear,Night suits,Pink,Summer,2017,Casual,SDL by Sweet Dreams Pink Pyjama Set
15007,Men,Apparel,Topwear,Jackets,Black,Fall,2011,Sports,ADIDAS Originals Men Solid Black Jackets
28710,Women,Apparel,Topwear,Kurtas,Multi,Summer,2012,Ethnic,W Women Printed Multi Coloured Kurta
19057,Women,Apparel,Topwear,Kurtas,Green,Fall,2011,Ethnic,Aurelia Women Solid Green Kurta
18185,Men,Apparel,Bottomwear,Jeans,Blue,Fall,2011,Casual,Deni Yo Men Washed Blue Slim Fit Jeans
44804,Women,Apparel,Topwear,Tops,Black,Summer,2012,Casual,Spykar Women Black Top
38582,Men,Apparel,Bottomwear,Shorts,Black,Summer,2012,Casual,Nike Men Black Breakline Med Shorts
39450,Women,Apparel,Topwear,Kurtas,Orange,Summer,2012,Ethnic,Diva Women Orange Kurta
25833,Women,Apparel,Topwear,Kurtas,Pink,Summer,2012,Ethnic,Diva Women Printed Pink Kurta
41778,Women,Apparel,Topwear,Tops,Blue,Summer,2012,Casual,Remanika Women Blue Top
58655,Women,Apparel,Topwear,Kurtas,Pink,Summer,2012,Ethnic,ALayna Women Pink Kurta
22018,Women,Apparel,Topwear,Kurtas,Red,Fall,2011,Ethnic,Vishudh Women Printed Rust Red Kurta
28522,Women,Apparel,Bottomwear,Capris,Pink,Summer,2012,Sports,Nike Women Jersey Cuffed Pink Capris
50438,Men,Apparel,Innerwear,Briefs,Grey,Summer,2016,Casual,Chromozome Men Grey Pack of 2 Briefs
34941,Women,Apparel,Topwear,Dupatta,Off White,Summer,2012,Ethnic,Fabindia Off White Chanderi Dupatta
28146,Men,Apparel,Innerwear,Innerwear Vests,Grey Melange,Fall,2018,Casual,Jockey Men Grey Melange Self-Striped Innerwear Vest 9922
19601,Women,Apparel,Topwear,Tops,Peach,Fall,2011,Casual,United Colors of Benetton Women Printed Peach Top
46905,Men,Apparel,Bottomwear,Jeans,Navy Blue,Summer,2012,Casual,Peter England Men Navy Blue Jeans
13109,Men,Apparel,Bottomwear,Track Pants,Black,Fall,2011,Sports,ADIDAS Men Pant Climalite Black Track Pants
39808,Men,Apparel,Bottomwear,Trousers,Khaki,Spring,2013,Formal,Peter England Men Khaki Trousers
52539,Women,Apparel,Bottomwear,Jeans,Blue,Summer,2012,Casual,Pepe Jeans Women Blue Jeans
20119,Women,Apparel,Topwear,Tops,Blue,Fall,2011,Casual,Wrangler Women Lace Blue Top
15804,Men,Apparel,Innerwear,Briefs,Grey,Summer,2016,Casual,Facit Men Fusion Brie Grey Briefs
45748,Women,Apparel,Topwear,Kurtas,Lavender,Summer,2012,Casual,Folklore Women Purple Kurta
15038,Women,Apparel,Topwear,Sweaters,Grey,Fall,2011,Casual,ADIDAS Women Stripes Grey Sweaters
18727,Women,Apparel,Topwear,Sweaters,Navy Blue,Fall,2011,Casual,Arrow Woman Venetia Navy Blue Sweater
9142,Women,Apparel,Bottomwear,Jeans,Black,Summer,2013,Casual,Lee Women Black Eva Fit Jeans
59919,Women,Apparel,Topwear,Kurtas,Multi,Summer,2012,Ethnic,Diva Women Multi Colour Kurta
10778,Men,Apparel,Bottomwear,Shorts,Navy Blue,Summer,2011,Sports,Nike Men Training Navy Blue Shorts
3820,Girls,Apparel,Topwear,Tops,White,Summer,2011,Casual,Disney Kids Girl's Minnie Summer Time White Top
17905,Men,Apparel,Topwear,Sweatshirts,Black,Fall,2011,Casual,Nike Men Casual Black Sweatshirt
13599,Men,Apparel,Innerwear,Innerwear Vests,Red,Summer,2016,Casual,Hanes Men Half Sleeve Crew Pack of 3 Red Innerwear T-shirts
18171,Girls,Apparel,Topwear,Tops,Green,Fall,2011,Casual,Doodle Kids Girls Ballon Green Top
24129,Men,Apparel,Topwear,Sweatshirts,Black,Fall,2011,Casual,ADIDAS Men Printed Black Sweatshirt
38576,Men,Apparel,Bottomwear,Track Pants,Black,Spring,2013,Casual,Nike Men Black Breakline Track Pants
1579,Men,Apparel,Topwear,Jackets,Grey,Fall,2010,Sports,Domyos Men Grey Second Skin Jacket
12679,Men,Apparel,Bottomwear,Trousers,Black,Fall,2011,Casual,Probase Men Solid Black Trousers
30529,Women,Apparel,Innerwear,Bra,Skin,Spring,2013,Casual,Lovable Cotton Essensuals Skin Coloured Bra
41771,Women,Apparel,Topwear,Tops,Green,Summer,2012,Casual,Remanika Women Striped Green Top
1584,Unisex,Apparel,Topwear,Jackets,White,Summer,2011,Casual,Domyos Unisex Feather-light Jacket
52366,Women,Apparel,Loungewear and Nightwear,Nightdress,Lavender,Winter,2015,Casual,Red Rose Women Lavender Nightdress
34948,Women,Apparel,Topwear,Dupatta,Red,Summer,2012,Ethnic,Fabindia Red Hand Printed Chanderi Dupatta
50603,Men,Apparel,Innerwear,Trunk,Navy Blue,Summer,2016,Casual,Chromozome Men Navy Blue Trunks
28719,Women,Apparel,Topwear,Kurtas,White,Summer,2012,Ethnic,W Women Printed White Kurta
6593,Women,Apparel,Topwear,Tops,White,Summer,2011,Casual,Spykar Women's Sleeveles White Top
13564,Men,Apparel,Innerwear,Innerwear Vests,Grey,Summer,2016,Casual,Hanes Men Square Vest Neck Grey Innerwear Vests
39459,Women,Apparel,Topwear,Kurtas,White,Summer,2012,Ethnic,Diva Women White Kurta
11233,Women,Apparel,Bottomwear,Jeans,Black,Fall,2011,Casual,Flying Machine Women Low Rise Black Jeans
33163,Women,Apparel,Topwear,Tops,Yellow,Summer,2012,Casual,Sepia Women Yellow Top
52154,Women,Apparel,Topwear,Tops,Cream,Summer,2012,Casual,Femella Women Cream Top
43670,Women,Apparel,Topwear,Tops,Multi,Summer,2012,Casual,ONLY Women Multi Coloured Top
33507,Women,Apparel,Bottomwear,Capris,White,Summer,2012,Casual,Doodle Kids Girl  White Capris
5772,Women,Apparel,Topwear,Tops,Purple,Summer,2011,Casual,Jealous 21 Women's Purple Graphic Top
20110,Women,Apparel,Topwear,Kurtas,Brown,Fall,2011,Ethnic,Diva Women Printed Brown Kurta
41315,Women,Apparel,Bottomwear,Leggings,Navy Blue,Summer,2012,Ethnic,Aurelia Women Navy Blue Leggings
14117,Women,Apparel,Bottomwear,Jeans,Blue,Fall,2011,Casual,Flying Machine Women Washed Blue Jeans
44667,Women,Apparel,Bottomwear,Trousers,Black,Summer,2012,Casual,Wills Lifestyle Women Black Trousers
51187,Women,Apparel,Innerwear,Bra,Pink,Fall,2012,Casual,Enamor Pink Bra
31062,Women,Apparel,Topwear,Dupatta,Beige,Summer,2012,Ethnic,Fabindia Women Printed Beige Dupatta
19608,Women,Apparel,Topwear,Tops,Olive,Summer,2011,Casual,United Colors of Benetton Women Solid Olive Top
27107,Women,Apparel,Topwear,Kurtas,Black,Summer,2012,Ethnic,Aneri Women Khajana Black Kurta
24544,Women,Apparel,Topwear,Tops,Red,Fall,2011,Ethnic,Mother Earth Women Red Printed Top
59910,Women,Apparel,Topwear,Kurtas,White,Summer,2012,Ethnic,Diva Women White Kurta
53416,Women,Apparel,Topwear,Kurtas,Navy Blue,Fall,2012,Ethnic,Alma Women Navy Blue Printed Kurta
38329,Girls,Apparel,Topwear,Tops,Off White,Summer,2012,Casual,Hannah Montana Girls Off White Tops
44693,Women,Apparel,Topwear,Tops,White,Summer,2012,Casual,Wills Lifestyle Women White & Blue Top
15031,Women,Apparel,Topwear,Sweaters,Pink,Fall,2011,Casual,ADIDAS Women Stripes Pink Sweaters
35436,Girls,Apparel,Bottomwear,Shorts,Blue,Summer,2012,Casual,Doodle Girls Washed Blue Shorts
47016,Women,Apparel,Topwear,Kurtas,Beige,Summer,2012,Ethnic,Shree Women Beige Printed Kurta
42564,Women,Apparel,Topwear,Tops,Pink,Summer,2012,Casual,Mother Earth Women Pink Top
12214,Men,Apparel,Bottomwear,Trousers,Black,Fall,2011,Formal,Basics Men Black Trousers
41785,Women,Apparel,Topwear,Tops,Purple,Summer,2012,Casual,Remanika Women Purple Top
40657,Women,Apparel,Topwear,Kurtas,Green,Summer,2012,Ethnic,Span Women Green Kurta
24312,Men,Apparel,Bottomwear,Shorts,Navy Blue,Fall,2011,Casual,ADIDAS Men Navy Blue Shorts
52392,Women,Apparel,Loungewear and Nightwear,Nightdress,Peach,Winter,2015,Casual,Red Rose Women Peach Nightdress
21660,Women,Apparel,Innerwear,Bra,Lavender,Summer,2014,Casual,Enamor Women Smooth Lavender Bra
23137,Men,Apparel,Topwear,Sweatshirts,Beige,Fall,2011,Casual,Quechua Men Warm Fleece Beige Sweatshirt
7687,Men,Apparel,Bottomwear,Shorts,White,Fall,2011,Sports,Puma Men's Long Logo Bermuda White Short
35052,Women,Apparel,Topwear,Kurtis,Beige,Summer,2012,Ethnic,Fabindia Women Printed Beige Kurtis
12670,Men,Apparel,Bottomwear,Shorts,White,Fall,2011,Casual,Probase Men Check White Shorts
23305,Women,Apparel,Topwear,Kurtas,Green,Fall,2011,Ethnic,W Women Green Printed Kurta
35260,Women,Apparel,Topwear,Tops,Blue,Summer,2012,Casual,Lee Women Jennifer Blue Top
18178,Girls,Apparel,Topwear,Tops,Black,Fall,2011,Casual,Doodle Kids Girls Black Layer Top
13590,Men,Apparel,Innerwear,Innerwear Vests,Green,Summer,2016,Casual,Hanes Men Half Sleeve Pack of 3 Innerwear T-shirts
33197,Women,Apparel,Topwear,Tunics,Cream,Summer,2012,Casual,Sepia Women Cream Tunic
27904,Women,Apparel,Bottomwear,Trousers,Grey,Summer,2012,Formal,Scullers For Her Grey Trousers
19637,Women,Apparel,Topwear,Tops,Grey,Summer,2011,Casual,United Colors of Benetton Women Solid Grey Top
27138,Women,Apparel,Innerwear,Bra,Cream,Summer,2017,Casual,Miss-T Cream Bra
48095,Women,Apparel,Topwear,Tops,White,Summer,2012,Casual,French Connection Women White Top
39230,Women,Apparel,Topwear,Tops,Green,Summer,2012,Casual,Femella Women Green Top
14128,Women,Apparel,Bottomwear,Jeans,Blue,Fall,2011,Casual,Flying Machine Women Washed Blue Jeans
36278,Women,Apparel,Loungewear and Nightwear,Night suits,Lavender,Summer,2017,Casual,SDL by Sweet Dreams Women Lavender Night suits
33538,Women,Apparel,Bottomwear,Jeans,Black,Summer,2012,Casual,Wrangler Women Black Giselle Jeans
20913,Men,Apparel,Bottomwear,Jeans,Blue,Fall,2011,Casual,Deni Yo Men Washed Blue Jeans
39466,Women,Apparel,Topwear,Kurtas,Pink,Summer,2012,Ethnic,Diva Women Pink Kurta
25039,Men,Apparel,Bottomwear,Shorts,Black,Summer,2011,Sports,Nike Men T90 Black Shorts
33960,Women,Apparel,Bottomwear,Leggings,Pink,Summer,2012,Casual,Femella Women Pink Leggings
28726,Women,Apparel,Topwear,Kurtas,Beige,Summer,2012,Ethnic,W Women Printed Beige Kurta
19061,Women,Apparel,Topwear,Kurtis,Red,Fall,2011,Ethnic,Aurelia Women Printed Red Kurti
8436,Women,Apparel,Topwear,Tops,Pink,Fall,2011,Casual,Jealous 21 Women Jealous Gaius Pink Top Pink Tops
28514,Men,Apparel,Bottomwear,Shorts,Black,Summer,2012,Sports,Nike Men Black Shorts
31439,Men,Apparel,Bottomwear,Trousers,Olive,Summer,2012,Casual,HIghlander Men Olive Trousers
11802,Women,Apparel,Topwear,Kurtas,White,Fall,2011,Ethnic,Vishudh Women Cambric White Kurtas
52359,Women,Apparel,Loungewear and Nightwear,Nightdress,Blue,Winter,2015,Casual,Red Rose Women Blue Nightdress
58663,Women,Apparel,Topwear,Kurtas,Red,Summer,2012,Ethnic,ALayna Women Red Kurta
24923,Women,Apparel,Topwear,Tops,Pink,Summer,2012,Casual,United Colors of Benetton Women Pink Top
9510,Men,Apparel,Bottomwear,Shorts,White,Fall,2011,Casual,Puma Men Ess woven White Shorts
19095,Women,Apparel,Topwear,Kurtas,Orange,Fall,2011,Ethnic,Mother Earth Women Printed Orange Kurta
18375,Men,Apparel,Innerwear,Trunk,White,Summer,2016,Casual,Undercolors of Benetton Men White Boxer Trunks
59745,Women,Apparel,Loungewear and Nightwear,Nightdress,Cream,Summer,2014,Casual,Avirate Cream Babydoll Nightdress
29056,Women,Apparel,Bottomwear,Track Pants,Grey,Summer,2012,Sports,ADIDAS Women Grey Track Pants
26822,Men,Apparel,Bottomwear,Trousers,Olive,Summer,2012,Casual,Highlander Men Olive Trousers
47029,Women,Apparel,Topwear,Kurtas,Maroon,Fall,2012,Ethnic,Shree Women Maroon Printed Kurta
30947,Women,Apparel,Topwear,Tops,Green,Summer,2012,Ethnic,Fabindia Women Green Cambric  Top
18711,Women,Apparel,Bottomwear,Skirts,Brown,Fall,2011,Casual,Arrow Woman Printed Brown Skirt
43489,Men,Apparel,Bottomwear,Jeans,Black,Summer,2012,Casual,French Connection Men Black Jeans
9346,Men,Apparel,Bottomwear,Shorts,Navy Blue,Fall,2011,Casual,Puma Men Checks Navy Blue Shorts
15832,Women,Apparel,Topwear,Kurtas,Pink,Fall,2011,Ethnic,Visudh Pink Printed Ethnic Kurta
57089,Women,Apparel,Bottomwear,Skirts,Navy Blue,Summer,2012,Casual,Elle Women Blue Skirt
53429,Women,Apparel,Topwear,Kurtas,Red,Fall,2012,Ethnic,Alma Women Red Printed Kurta
9174,Men,Apparel,Bottomwear,Jeans,Blue,Fall,2011,Casual,Locomotive Men Balin Blue Jeans
18523,Men,Apparel,Topwear,Jackets,Black,Fall,2011,Casual,C Vox Men Control Freak Black Jacket
23302,Women,Apparel,Bottomwear,Leggings,Brown,Fall,2011,Ethnic,W Women Brown Leggings
35267,Women,Apparel,Topwear,Tops,Black,Summer,2012,Casual,Lee Women Pepper Black Top
33190,Women,Apparel,Topwear,Tunics,Grey,Summer,2012,Casual,Sepia Women Printed Grey Tunic
53849,Women,Apparel,Topwear,Kurtas,Black,Summer,2012,Ethnic,Vishudh Women Black Printed Kurta
41782,Women,Apparel,Topwear,Tunics,Black,Summer,2012,Casual,Remanika Women Black Tunic
32270,Women,Apparel,Topwear,Kurtas,Grey,Summer,2012,Ethnic,Vishudh Women Printed Grey Kurta
40650,Women,Apparel,Topwear,Kurtas,Maroon,Summer,2012,Ethnic,Span Women Maroon & Black Kurta
52395,Women,Apparel,Loungewear and Nightwear,Nightdress,Grey,Winter,2015,Casual,Red Rose Women Grey Nightdress
30527,Women,Apparel,Innerwear,Bra,Blue,Spring,2013,Casual,Lovable Cotton Essensuals Blue Bra
12677,Men,Apparel,Bottomwear,Trousers,Grey,Fall,2011,Casual,Probase Men Check Grey Trousers
15036,Women,Apparel,Topwear,Sweaters,Blue,Fall,2011,Casual,ADIDAS Women Stripes Blue Sweaters
4461,Men,Apparel,Topwear,Jackets,Black,Summer,2011,Sports,Nike Men Manu Show Time Black Jacket
47011,Women,Apparel,Topwear,Kurtas,Rust,Fall,2012,Ethnic,Shree Women Rust Printed Kurta
12213,Men,Apparel,Bottomwear,Trousers,Grey,Fall,2011,Casual,Basics Men Grey New Improved Fit Trousers
29852,Men,Apparel,Bottomwear,Trousers,Brown,Summer,2012,Formal,Basics Men Dark Brown Trousers
42563,Women,Apparel,Topwear,Kurtis,Brown,Summer,2012,Ethnic,Mother Earth Women Brown Kurti
18729,Women,Apparel,Topwear,Sweaters,Magenta,Fall,2011,Casual,Arrow Woman Keisha Magenta Sweater
9970,Men,Apparel,Topwear,Sweatshirts,Black,Fall,2011,Sports,Nike Men As Squad Ft C Black Sweatshirts
43683,Girls,Apparel,Topwear,Tops,Blue,Summer,2012,Casual,Doodle Girls Printed Blue Top
24543,Women,Apparel,Topwear,Tops,Beige,Fall,2011,Ethnic,Mother Earth Women Beige Printed Top
59917,Women,Apparel,Topwear,Kurtas,Pink,Summer,2012,Ethnic,Diva Women Pink Kurta
32426,Men,Apparel,Bottomwear,Shorts,White,Summer,2012,Sports,ADIDAS Men White Shorts
53411,Women,Apparel,Topwear,Kurtas,Green,Fall,2012,Ethnic,Alma Women Green Kurta
41312,Girls,Apparel,Bottomwear,Capris,Pink,Summer,2012,Casual,Gini and Jony Girls Fixed Weast Pink Capris
14110,Men,Apparel,Topwear,Sweatshirts,Navy Blue,Fall,2011,Casual,Flying Machine Men Printed Navy Blue Sweatshirts
20325,Women,Apparel,Topwear,Kurtas,Red,Summer,2011,Ethnic,Mother Earth Women Printed Red Kurta
36240,Women,Apparel,Topwear,Tops,Tan,Summer,2012,Ethnic,W Women Tan Kurti
49943,Men,Apparel,Innerwear,Innerwear Vests,Grey,Summer,2016,Casual,Hanes Men Grey Innerwear Vest
28148,Men,Apparel,Innerwear,Innerwear Vests,Black,Summer,2016,Casual,Jockey SPORT Men Black Innerwear Vest 9924
31065,Women,Apparel,Topwear,Dupatta,Lavender,Summer,2012,Ethnic,Fabindia Women Kota Silk Lavender Dupatta
27100,Women,Apparel,Topwear,Kurtas,Blue,Summer,2012,Ethnic,Aneri Women Tamanna Blue Kurta
13335,Women,Apparel,Topwear,Tops,Pink,Fall,2011,Casual,Gini and Jony Kids Girls Printed Pink Tops
3482,Men,Apparel,Bottomwear,Track Pants,Blue,Summer,2011,Sports,ADIDAS Men's Light Blue Track Pant
14322,Men,Apparel,Topwear,Jackets,Black,Fall,2011,Sports,ADIDAS Men Solid Black Jackets
20117,Women,Apparel,Topwear,Kurtas,Pink,Fall,2011,Ethnic,Diva Women Printed Pink Kurta
5775,Women,Apparel,Topwear,Tops,White,Summer,2011,Casual,Jealous 21 Women White Paris Top
39806,Men,Apparel,Bottomwear,Trousers,Black,Spring,2013,Formal,Peter England Men Black Trousers
6594,Women,Apparel,Topwear,Tops,White,Summer,2011,Casual,Spykar Women Day Beach White Top
50604,Men,Apparel,Innerwear,Trunk,Red,Summer,2016,Casual,Chromozome Men Red Trunks
19059,Women,Apparel,Topwear,Kurtas,Black,Fall,2011,Ethnic,Aurelia Women Solid Black Kurta
11234,Women,Apparel,Bottomwear,Jeans,Black,Fall,2011,Casual,Flying Machine Women Lowrise Black Jeans
40496,Women,Apparel,Topwear,Tops,Olive,Fall,2012,Casual,Femella Women Olive Spaghetti Top
52153,Women,Apparel,Topwear,Tops,Sea Green,Summer,2012,Casual,Femella Women Green Top
33958,Women,Apparel,Bottomwear,Leggings,Blue,Summer,2012,Casual,Femella Women Blue Leggings
41776,Women,Apparel,Topwear,Tops,Green,Summer,2012,Casual,Remanika Women Green Top
52361,Women,Apparel,Loungewear and Nightwear,Nightdress,Off White,Winter,2015,Casual,Red Rose Women Off White Nightdress
50436,Men,Apparel,Innerwear,Briefs,Black,Summer,2016,Casual,Chromozome Men Black Briefs
22016,Women,Apparel,Topwear,Kurtas,Black,Fall,2011,Ethnic,BIBA Women Sequin Black Kurta
2306,Women,Apparel,Bottomwear,Capris,Black,Fall,2010,Sports,Nike Women Cuffed Black Capris
59928,Women,Apparel,Topwear,Kurtas,White,Summer,2012,Ethnic,Diva Women White Kurta
32419,Men,Apparel,Bottomwear,Shorts,Grey,Summer,2012,Sports,ADIDAS Men Grey Shorts
51379,Men,Apparel,Bottomwear,Shorts,Grey,Summer,2012,Casual,Myntra Men Grey Shorts
18524,Women,Apparel,Topwear,Jackets,Black,Fall,2011,Casual,C Vox Women Solid 1351 Black Jacket
9173,Men,Apparel,Bottomwear,Jeans,Blue,Fall,2011,Casual,Locomotive Men Bao Blue Jeans
26825,Men,Apparel,Bottomwear,Trousers,Beige,Summer,2012,Casual,Highlander Men Beige Trousers
30940,Women,Apparel,Topwear,Kurtis,Off White,Summer,2012,Ethnic,Fabindia Women Printed Off White Kurti
48066,Men,Apparel,Bottomwear,Jeans,Black,Summer,2012,Casual,French Connection Men Black Jeans
18716,Women,Apparel,Topwear,Tops,Black,Fall,2011,Casual,Arrow Woman Shanna Black Top
15835,Women,Apparel,Topwear,Kurtas,Blue,Fall,2011,Ethnic,Visudh Blue Printed Ethnic Kurta
15009,Men,Apparel,Topwear,Jackets,Blue,Fall,2011,Sports,ADIDAS Men Blue Jacket
45779,Women,Apparel,Topwear,Tops,Black,Summer,2012,Casual,Remanika Women Black Top
18372,Men,Apparel,Innerwear,Trunk,Black,Summer,2016,Casual,Undercolors of Benetton Men Pack of 2 Black Boxer Trunks
59742,Women,Apparel,Innerwear,Briefs,Black,Summer,2014,Casual,Avirate Women Black Brief
21658,Women,Apparel,Innerwear,Bra,White,Winter,2012,Casual,Enamor White Lift Bra
58690,Women,Apparel,Topwear,Kurtas,Green,Summer,2012,Ethnic,ALayna Women Green Kurta
24924,Women,Apparel,Topwear,Tops,Blue,Summer,2012,Casual,United Colors of Benetton Women Blue Top
47678,Women,Apparel,Topwear,Tops,Black,Summer,2012,Casual,Femella Women Black Leopard Print Top
17934,Men,Apparel,Bottomwear,Shorts,Black,Fall,2011,Sports,Puma Men Solid Black Shorts
19092,Women,Apparel,Topwear,Kurtas,Pink,Fall,2011,Ethnic,W Women Gathered Design Pink Kurta
28513,Men,Apparel,Bottomwear,Shorts,Grey,Summer,2012,Sports,Nike Men Premier Knit Grey Shorts
22029,Women,Apparel,Topwear,Kurtas,Green,Fall,2011,Ethnic,Vishudh Women Printed Green Kurta
18386,Men,Apparel,Innerwear,Briefs,Blue,Summer,2016,Casual,Undercolors of Benetton Men Blue Tanga Brief
11805,Women,Apparel,Topwear,Kurtas,Green,Fall,2011,Ethnic,Vishudh Women Cotton Silk Green Kurtas
58664,Women,Apparel,Topwear,Kurtas,Black,Fall,2012,Ethnic,Alayna Women Black & Grey Kurta
39461,Women,Apparel,Topwear,Kurtis,Beige,Summer,2012,Ethnic,Diva Women Printed Beige Kurta
28721,Women,Apparel,Topwear,Kurtas,Beige,Summer,2012,Ethnic,W Women Printed Beige Kurta
19066,Women,Apparel,Topwear,Kurtas,Pink,Fall,2011,Ethnic,W Women Thread Work Pink Kurta
39005,Girls,Apparel,Topwear,Tops,Navy Blue,Summer,2012,Casual,Gini and Jony Girls Nautical Blues Navy Blue Top
9187,Men,Apparel,Bottomwear,Jeans,Blue,Fall,2011,Casual,Spykar Men Style Essentials Spykar Basic Attire Series 0428 Blue Jeans
27903,Women,Apparel,Bottomwear,Trousers,Beige,Summer,2012,Formal,Scullers For Her Beige Trousers
51983,Women,Apparel,Loungewear and Nightwear,Nightdress,Purple,Summer,2017,Casual,Inaya Women Grape Babydoll Nightdress
48092,Women,Apparel,Topwear,Tops,Rust,Summer,2012,Casual,French Connection Women Rust Top
39237,Women,Apparel,Topwear,Tops,Yellow,Summer,2012,Casual,Femella Women Yellow Top
57019,Men,Apparel,Innerwear,Briefs,Red,Summer,2016,Casual,Jockey ELANCE Men Red Briefs 1010
12089,Women,Apparel,Topwear,Kurtas,Brown,Fall,2011,Ethnic,W Women Brown Printed Kurta
28114,Men,Apparel,Innerwear,Trunk,Grey,Summer,2016,Casual,Jockey COMFORT PLUS Men Comfort Plus Grey Trunks 8015
27960,Men,Apparel,Innerwear,Trunk,Black,Summer,2018,Casual,Jockey SPORT PERFORMANCE Men Black Trunks SP08
19653,Women,Apparel,Topwear,Tops,Green,Fall,2011,Casual,United Colors of Benetton Women Printed Green Top
20379,Women,Apparel,Topwear,Sweatshirts,Grey,Fall,2011,Sports,Urban Yoga Women Printed Grey Sweatshirt
48495,Women,Apparel,Bottomwear,Trousers,Olive,Winter,2011,Casual,French Connection Women Olive Trousers
34913,Women,Apparel,Topwear,Dupatta,Black,Summer,2012,Ethnic,Fabindia Printed Beige and Black Dupatta
11268,Men,Apparel,Bottomwear,Trousers,Cream,Fall,2011,Formal,Indigo Nation Men Cream Trouser Cream Trousers
29690,Men,Apparel,Bottomwear,Shorts,Charcoal,Summer,2012,Casual,Indigo Nation Men Check Charcoal Shorts
2954,Women,Apparel,Bottomwear,Capris,Yellow,Fall,2010,Casual,DUSG Women Uttarkashi Organic Endive Capri
28742,Women,Apparel,Topwear,Tops,Brown,Summer,2012,Casual,W Women Printed Dark Brown Top
49775,Women,Apparel,Topwear,Kurtas,Maroon,Summer,2012,Ethnic,Alma Women Maroon Printed Kurta
8452,Women,Apparel,Topwear,Tops,Blue,Fall,2011,Casual,Jealous 21 Women Jealous Rain Blue Top Blue Tops
19005,Women,Apparel,Topwear,Sweatshirts,Grey,Summer,2011,Casual,ADIDAS Originals Women F Sleek Trf Grey Sweatshirt
18311,Men,Apparel,Topwear,Sweaters,Green,Summer,2011,Casual,Wills Lifestyle Men Striped Green Sweater
59721,Women,Apparel,Innerwear,Bra,Black,Summer,2017,Casual,Avirate Women Black Bra
53815,Women,Apparel,Topwear,Kurtas,White,Fall,2012,Ethnic,Ayaany Women White Printed Kurta
45970,Women,Apparel,Topwear,Tops,Grey Melange,Summer,2012,Casual,Tokyo Talkies Women Grey Melange Printed Top
24947,Girls,Apparel,Topwear,Tops,Red,Summer,2012,Casual,United Colors of Benetton Kids Girls Red Printed Top
49781,Women,Apparel,Loungewear and Nightwear,Night suits,Black,Summer,2012,Casual,Little Miss Intimates Black Pyjama Set
30749,Men,Apparel,Topwear,Kurtas,White,Summer,2012,Ethnic,Fabindia Men White Kurta
37934,Women,Apparel,Topwear,Tops,Purple,Summer,2012,Casual,Mineral Women Purple Top
30923,Women,Apparel,Bottomwear,Skirts,Mustard,Summer,2012,Ethnic,Fabindia Women Printed Mustard Skirt
27994,Men,Apparel,Innerwear,Briefs,Grey,Summer,2016,Casual,Jockey ZONE Men Zone Grey Brief US17
32648,Men,Apparel,Bottomwear,Shorts,Black,Winter,2015,Sports,Nike Black Legacy Woven     Training  Shorts
14984,Men,Apparel,Topwear,Sweatshirts,Black,Fall,2011,Sports,ADIDAS Men Real Madrid Black Sweatshirts
16072,Men,Apparel,Bottomwear,Trousers,Black,Fall,2011,Casual,Highlander Men Solid Black Trouser
7425,Women,Apparel,Topwear,Tops,Black,Spring,2011,Ethnic,W Women's Deep U Neck Sleeveless White Black Top
50667,Men,Apparel,Loungewear and Nightwear,Lounge Pants,Grey Melange,Summer,2018,Sports,Chromozome Men Grey Melange Fashion Lounge Pants S-5145
43270,Women,Apparel,Topwear,Kurtas,Red,Summer,2012,Ethnic,Aneri Women Red Kurta
30782,Men,Apparel,Topwear,Kurtas,White,Summer,2012,Ethnic,Fabindia Men White Mangalgiri Kurta
36475,Women,Apparel,Topwear,Kurtas,Purple,Summer,2012,Ethnic,Aurelia Women Dobby Purple Kurta
24382,Women,Apparel,Topwear,Kurtas,Maroon,Fall,2011,Ethnic,Folklore Women Maroon Printed Kurta
51587,Women,Apparel,Bottomwear,Jeans,Navy Blue,Summer,2012,Casual,Wrangler Women Navy Blue Molly Jeans
22075,Women,Apparel,Topwear,Kurtas,Off White,Fall,2011,Ethnic,Vishudh Women Self Printed Off White Kurta
50455,Men,Apparel,Innerwear,Briefs,Navy Blue,Summer,2016,Casual,Chromozome Men Navy Blue & Grey Pack of 2 Briefs
34110,Girls,Apparel,Topwear,Tops,Red,Summer,2012,Casual,Doodle Girls Printed Red Top
43042,Girls,Apparel,Topwear,Tops,Pink,Summer,2012,Casual,Gini and Jony Girls Pink Top
27507,Women,Apparel,Innerwear,Bra,White,Winter,2015,Casual,Jockey White T-shirt Bra SS14
57214,Women,Apparel,Bottomwear,Shorts,Blue,Fall,2012,Casual,Kraus Jeans Women Blue Shorts
33751,Women,Apparel,Topwear,Tops,White,Summer,2012,Casual,Vero Moda Women White & Pink Top
20346,Women,Apparel,Topwear,Sweaters,Pink,Fall,2011,Casual,Scullers For Her Women Solid Pink Sweater
50031,Men,Apparel,Loungewear and Nightwear,Lounge Pants,Grey,Summer,2016,Casual,Hanes Men Grey Relaxed Sports Pants
34574,Women,Apparel,Topwear,Tops,Black,Summer,2012,Casual,Tonga Women Printed Black Top
16624,Men,Apparel,Bottomwear,Trousers,Grey,Fall,2011,Casual,Probase Men Check Grey Trouser
2701,Girls,Apparel,Topwear,Tops,Yellow,Summer,2011,Casual,Disney Kids Girl's Yellow Daisy Kidswear
13958,Women,Apparel,Topwear,Tops,Grey,Summer,2011,Casual,United Colors of Benetton Women Solid Grey Tops
8835,Men,Apparel,Bottomwear,Trousers,Green,Summer,2011,Formal,Scullers Men Scul Green Trousers
43614,Women,Apparel,Topwear,Tunics,Pink,Summer,2012,Casual,Vero Moda Women Pink Tunic
57026,Men,Apparel,Innerwear,Briefs,Olive,Summer,2016,Casual,Jockey MC Men Olive Rio Briefs 8033
52554,Women,Apparel,Bottomwear,Jeans,Blue,Summer,2012,Casual,Pepe Jeans Women Blue Jeans
53486,Women,Apparel,Innerwear,Bra,Black,Winter,2015,Sports,Amante Black Sports Bra BCST11
45725,Women,Apparel,Topwear,Kurtas,Blue,Summer,2012,Ethnic,Folklore Women Blue Kurta
34580,Women,Apparel,Topwear,Tops,Black,Summer,2012,Casual,Tonga Women Black Top
26879,Women,Apparel,Topwear,Tops,Blue,Summer,2012,Casual,Jealous 21 Women Printed Blue Top
18578,Women,Apparel,Topwear,Sweatshirts,Black,Fall,2011,Casual,Puma Women Black Sweatshirt
7889,Men,Apparel,Bottomwear,Track Pants,Grey,Fall,2011,Casual,Proline Men Grey Track Pants
32445,Men,Apparel,Bottomwear,Shorts,Black,Winter,2014,Sports,Adidas Men Black Shorts
10715,Women,Apparel,Topwear,Tops,Black,Fall,2011,Casual,Nike Women Training sports bra Black Tops
24520,Women,Apparel,Topwear,Kurtas,Orange,Fall,2011,Ethnic,Mother Earth Women Orange  Kurta
50693,Men,Apparel,Innerwear,Trunk,Navy Blue,Summer,2016,Casual,Chromozome Men Navy Blue Trunks
17154,Men,Apparel,Topwear,Jackets,Navy Blue,Winter,2016,Casual,U.S. Polo Assn. Men Solid Navy Blue Jacket
8499,Women,Apparel,Bottomwear,Skirts,Pink,Fall,2011,Casual,Forever New Women Blossom  Pink Printed Skirt
30776,Men,Apparel,Topwear,Kurtis,Maroon,Summer,2012,Ethnic,Fabindia Men Maroon Ajrak Printed Kurti
10371,Men,Apparel,Topwear,Sweatshirts,Black,Fall,2011,Casual,United Colors of Benetton Men Printed Black Sweatshirt
15603,Men,Apparel,Topwear,Jackets,Black,Fall,2011,Sports,Nike Men Football Soccer Black Jackets
24376,Women,Apparel,Topwear,Kurtas,Brown,Fall,2011,Ethnic,Folklore Women Brown  Kurta
40633,Women,Apparel,Topwear,Kurtas,Purple,Summer,2012,Ethnic,Span Women Purple Kurta
22081,Women,Apparel,Topwear,Kurtas,Sea Green,Fall,2011,Ethnic,Vishudh Women Sea Green Floral Printed Kurta
9779,Men,Apparel,Bottomwear,Track Pants,Navy Blue,Fall,2011,Casual,ADIDAS Men Cress 3spespt Navy Blue Track Pants
30924,Women,Apparel,Bottomwear,Skirts,Beige,Summer,2012,Ethnic,Fabindia Women Printed Beige Ghera Skirt
42538,Women,Apparel,Topwear,Kurtas,Maroon,Summer,2012,Ethnic,Mother Earth Women Maroon Kurta
37933,Women,Apparel,Topwear,Tops,Pink,Summer,2012,Casual,Mineral Women Pink Top
24518,Women,Apparel,Topwear,Kurtas,Purple,Fall,2011,Ethnic,Mother Earth Women Purple Printed Kurta
13994,Men,Apparel,Topwear,Jackets,Black,Fall,2011,Sports,Nike Men Solid Black Jackets
19492,Men,Apparel,Innerwear,Trunk,Grey,Summer,2016,Casual,Levis Men Jazz Stripes Grey Trunks
45977,Women,Apparel,Topwear,Tops,Yellow,Summer,2012,Casual,Tokyo Talkies Women Yellow Printed Top
25892,Women,Apparel,Topwear,Tops,Black,Summer,2012,Casual,Femella Women Black Spaghetti Top
51779,Women,Apparel,Innerwear,Briefs,Green,Summer,2016,Casual,Bwitch Women Green Brief
49786,Women,Apparel,Loungewear and Nightwear,Night suits,Black,Summer,2012,Casual,Little Miss Intimates Black & White Pyjama Set
50499,Men,Apparel,Innerwear,Innerwear Vests,Grey Melange,Summer,2016,Casual,Chromozome Men Grey Melange Innerwear Vest
59726,Women,Apparel,Innerwear,Bra,Purple,Summer,2014,Casual,Avirate Purple & Black Bra
45983,Women,Apparel,Topwear,Tops,Blue,Summer,2012,Casual,Tokyo Talkies Women Blue Printed Top
52108,Women,Apparel,Topwear,Kurtas,White,Summer,2012,Ethnic,Myntra Women White Floral Printed Kurta
28745,Women,Apparel,Topwear,Kurtas,Orange,Summer,2012,Ethnic,Aurelia Women Printed Orange Kurta
2953,Women,Apparel,Bottomwear,Capris,Yellow,Fall,2010,Casual,DUSG Women Rishikesh Organic Wheat Capri
17198,Men,Apparel,Topwear,Sweaters,Black,Winter,2016,Casual,U.S. Polo Assn. Men Solid Black Sweater
8455,Women,Apparel,Topwear,Tops,Pink,Fall,2011,Casual,Jealous 21 Women Jealous Ran Pink Top Pink Tops
31668,Men,Apparel,Bottomwear,Jeans,Grey,Summer,2012,Casual,Spykar Men Grey Jeans
49772,Women,Apparel,Topwear,Kurtas,White,Summer,2012,Ethnic,Alma Women White Kurta
16278,Men,Apparel,Topwear,Sweatshirts,Grey,Fall,2011,Casual,Pink Floyd Men Pink Floyd Grey Sweatshirts
34914,Women,Apparel,Topwear,Dupatta,Olive,Summer,2012,Ethnic,Fabindia Printed Olive Dupatta
48492,Women,Apparel,Topwear,Tops,Beige,Winter,2011,Casual,French Connection Women Beige Top
4896,Women,Apparel,Topwear,Tops,Yellow,Summer,2011,Casual,Levis Kids Girl's Diane Yellow Teens Kidswear
27967,Men,Apparel,Innerwear,Innerwear Vests,Green,Summer,2016,Casual,Jockey SP-OW Men Green Innerwear Vest SP11
28113,Men,Apparel,Innerwear,Trunk,Charcoal,Summer,2016,Casual,Jockey COMFORT PLUS Men Comfort Plus Charcoal Trunks 8015
50009,Women,Apparel,Innerwear,Bra,Grey,Winter,2015,Sports,Hanes Women Grey Cotton Stretch Moulded Contour Bra
11439,Women,Apparel,Topwear,Tops,Navy Blue,Fall,2011,Casual,United Colors of Benetton Women Solid Navy Blue Top
41349,Men,Apparel,Bottomwear,Jeans,Blue,Spring,2013,Casual,Wrangler Men Blue Skanders Jeans
15099,Women,Apparel,Topwear,Kurtas,Green,Fall,2011,Ethnic,Mother Earth Women Printed Green Kurtas
36815,Women,Apparel,Topwear,Kurtas,Green,Summer,2012,Ethnic,Vishudh Women Olive Vishudh Kurta
13960,Women,Apparel,Topwear,Tops,Grey,Fall,2011,Casual,Jealous 21 Women Stripes Grey Tops
40634,Women,Apparel,Topwear,Kurtas,Red,Summer,2012,Ethnic,Span Women Red Kurta
24371,Women,Apparel,Topwear,Kurtas,Maroon,Fall,2011,Ethnic,Folklore Women Maroon Printed Kurta
11096,Women,Apparel,Topwear,Sweaters,Purple,Fall,2011,Casual,Scullers Women Stripes Purple Sweaters
32214,Women,Apparel,Topwear,Kurtas,Black,Summer,2012,Ethnic,Fabindia Women Printed Black Kurta
59719,Women,Apparel,Innerwear,Bra,Blue,Summer,2014,Casual,Avirate Blue Bra
48459,Men,Apparel,Bottomwear,Shorts,Blue,Summer,2012,Casual,French Connection Men Blue Striped Shorts
50694,Men,Apparel,Innerwear,Trunk,Blue,Summer,2016,Casual,Chromozome Men Blue Trunks
17153,Men,Apparel,Topwear,Jackets,Khaki,Fall,2011,Casual,U.S. Polo Assn. Men Solid Lt.khaki Jacket
6504,Men,Apparel,Topwear,Jackets,Blue,Summer,2011,Casual,ADIDAS Men Wind Sky Blue Jacket
30771,Men,Apparel,Topwear,Kurtas,Rust,Summer,2012,Ethnic,Fabindia Men Rust Tussar Silk Kurta
40406,Women,Apparel,Topwear,Tops,Black,Summer,2012,Casual,Tonga Women Black & Grey Top
21431,Women,Apparel,Bottomwear,Shorts,White,Winter,2012,Casual,Roxy Women White Shorts
38944,Girls,Apparel,Topwear,Tops,White,Summer,2012,Casual,Gini and Jony Girls Printed White Top
53475,Women,Apparel,Innerwear,Bra,Pink,Summer,2017,Casual,Amante Pink Full-Coverage Bra BCSB01
41382,Women,Apparel,Topwear,Tops,Pink,Summer,2012,Casual,Wrangler Women Blossom Pink Top
34587,Women,Apparel,Topwear,Tops,Pink,Summer,2012,Casual,Tonga Women Pink Printed Top
8832,Men,Apparel,Topwear,Sweaters,Grey,Fall,2011,Casual,Spykar Men Rts Grey White Pullover Grey Sweaters
41144,Women,Apparel,Topwear,Tops,Pink,Summer,2012,Casual,Allen Solly Woman Pink Top
57021,Men,Apparel,Innerwear,Briefs,Black,Summer,2016,Casual,Jockey MC Men Black Rio Briefs 8033
52553,Women,Apparel,Bottomwear,Jeans,Blue,Summer,2012,Casual,Pepe Jeans Women Blue Jeans
41376,Women,Apparel,Topwear,Tops,Blue,Summer,2012,Casual,Wrangler Women Kelly Blue Top
33756,Women,Apparel,Topwear,Tops,Black,Summer,2012,Casual,Vero Moda Women Black Top
20341,Men,Apparel,Topwear,Sweatshirts,Grey,Fall,2011,Casual,Proline Men Solid Grey Sweatshirt
34573,Women,Apparel,Topwear,Tops,White,Summer,2012,Casual,Tonga Women White Top
27958,Men,Apparel,Innerwear,Trunk,Green,Winter,2016,Casual,Jockey Sport Performance  Men Green Trunks SP04
50036,Women,Apparel,Innerwear,Bra,Skin,Winter,2015,Casual,Hanes Women Skin Coloured Ultimate Wirefree Bra 83Z9PG449-004-PL
16623,Men,Apparel,Bottomwear,Trousers,Brown,Fall,2011,Casual,Probase Men Solid Brown Trouser
13351,Women,Apparel,Bottomwear,Jeans,Black,Fall,2011,Casual,Spykar Women Washed Black Jeans
2706,Girls,Apparel,Topwear,Tops,Pink,Summer,2011,Casual,Disney Kids Girl's Pink Pooh Kidswear
28910,Women,Apparel,Topwear,Kurtas,White,Summer,2012,Ethnic,BIBA Women White Kurta
43421,Men,Apparel,Bottomwear,Jeans,Navy Blue,Summer,2012,Casual,Spykar Men Navy Blue Jeans
24385,Women,Apparel,Topwear,Kurtas,Off White,Fall,2011,Ethnic,Folklore Women Off White Printed Kurta
22072,Women,Apparel,Topwear,Kurtas,Green,Fall,2011,Ethnic,Vishudh Women Printed Green Kurta
34117,Girls,Apparel,Bottomwear,Shorts,Blue,Summer,2012,Casual,Doodle Girls Washed Blue Shorts
50452,Men,Apparel,Innerwear,Briefs,Blue,Summer,2016,Casual,Chromozome Men Blue & Green Pack of 2 Briefs
42197,Women,Apparel,Topwear,Tunics,Navy Blue,Summer,2012,Casual,Sepia Women Navy Blue Tunic
43045,Men,Apparel,Bottomwear,Shorts,Pink,Summer,2012,Casual,Nike Men Pink Shorts
7422,Women,Apparel,Topwear,Tops,White,Summer,2011,Ethnic,W Women Mandarin Neck Full Sleeve White Top
50660,Men,Apparel,Loungewear and Nightwear,Lounge Pants,Black,Summer,2016,Sports,Chromozome Men Black Lounge Pants
30785,Men,Apparel,Topwear,Kurtas,Blue,Summer,2012,Ethnic,Fabindia Men Printed Blue Kurta
10382,Women,Apparel,Topwear,Tops,Grey,Fall,2011,Casual,United Colors of Benetton Women Grey Top
36472,Women,Apparel,Topwear,Kurtas,Green,Summer,2012,Ethnic,Aurelia Women Dobby Green Kurta
30778,Men,Apparel,Topwear,Kurtas,Green,Summer,2012,Ethnic,Fabindia Men Khadi Green Kurta
8497,Women,Apparel,Bottomwear,Skirts,Cream,Fall,2011,Casual,Forever New Women Cameo Skirt Cream Skirts
45941,Women,Apparel,Topwear,Tops,Black,Summer,2012,Casual,Mumbai Slang Women Black Top
53824,Women,Apparel,Topwear,Tunics,Black,Fall,2012,Casual,Ayaanay_Women_New_2013_Tunics_Size_Chart.jpg
24976,Women,Apparel,Topwear,Tops,Peach,Summer,2012,Casual,United Colors of Benetton Women Peach Top
24378,Women,Apparel,Topwear,Kurtas,Red,Fall,2011,Ethnic,Folklore Women Red  Kurta
59710,Women,Apparel,Innerwear,Briefs,Orange,Summer,2014,Casual,Avirate Orange Brief
35038,Women,Apparel,Topwear,Kurtas,Pink,Summer,2012,Ethnic,Fabindia Women Printed Pink Kurta
9777,Men,Apparel,Bottomwear,Track Pants,Black,Fall,2011,Casual,ADIDAS Men Cress 3spespt Black Track Pants
38343,Girls,Apparel,Topwear,Tops,White,Summer,2012,Casual,Mr. Men Little Miss Girls White Tops
59374,Women,Apparel,Topwear,Kurtas,Green,Summer,2012,Ethnic,Vishudh Women Green Printed Kurta
26877,Women,Apparel,Topwear,Tops,Pink,Summer,2012,Casual,Jealous 21 Women Printed Pink Top
23539,Men,Apparel,Topwear,Sweatshirts,White,Fall,2011,Casual,Classic Polo Men White Sweatshirt
30912,Women,Apparel,Topwear,Kurtis,Blue,Summer,2012,Ethnic,Fabindia Women Blue Solid Kurti
46992,Women,Apparel,Topwear,Kurtas,Multi,Summer,2012,Ethnic,Shree Women Multi Coloured Kurta
27199,Women,Apparel,Bottomwear,Skirts,Grey,Summer,2012,Casual,Doodle Kids Girl Printed Grey Skirt
7887,Men,Apparel,Bottomwear,Track Pants,Blue,Fall,2011,Casual,Proline Men Blue Track Pants
14941,Men,Apparel,Bottomwear,Shorts,White,Fall,2011,Casual,Status Quo Men Solid White Shorts
20348,Women,Apparel,Topwear,Tunics,Purple,Fall,2011,Casual,Scullers For Her Women Solid Purple Tunic
59380,Women,Apparel,Topwear,Kurtas,Blue,Summer,2012,Ethnic,Vishudh Women Blue Printed Kurta
27951,Men,Apparel,Innerwear,Briefs,Black,Summer,2016,Casual,Jockey SP-IW Men Black Briefs SP01
28125,Men,Apparel,Innerwear,Briefs,Black,Summer,2016,Casual,Jockey MODERN CLASSIC Men Black Brief 8035
19662,Men,Apparel,Topwear,Sweatshirts,Blue,Fall,2011,Casual,United Colors of Benetton Men Printed Blue Sweatshirt
13956,Women,Apparel,Topwear,Tops,White,Summer,2011,Casual,United Colors of Benetton Women Solid White Tops
57028,Women,Apparel,Topwear,Tops,Red,Summer,2012,Casual,Forever New Women Red Top
21894,Women,Apparel,Topwear,Kurtas,Purple,Fall,2011,Ethnic,BIBA Women sequin Purple Kurta
53488,Women,Apparel,Innerwear,Bra,Black,Summer,2018,Sports,Amante Black Sports Bra BCST22
41971,Girls,Apparel,Topwear,Tops,Blue,Summer,2012,Casual,Gini and Jony Girls Summer Up Blue Top
28773,Women,Apparel,Topwear,Kurtis,Green,Summer,2012,Ethnic,Aurelia Women Printed Green Kurti
50669,Men,Apparel,Loungewear and Nightwear,Lounge Pants,Multi,Summer,2018,Casual,Chromozome Men Assorted Checked Pyjamas S-5264
17992,Women,Apparel,Loungewear and Nightwear,Lounge Pants,Black,Summer,2010,Sports,Puma Women Essential Skinny Black Track Pant
8463,Women,Apparel,Topwear,Tops,Pink,Fall,2011,Casual,Jealous 21 Women Jealous Paiva Pink Tops
25850,Women,Apparel,Topwear,Kurtis,Red,Summer,2012,Ethnic,Diva Women Printed Red Kurti
27509,Women,Apparel,Innerwear,Bra,Red,Fall,2015,Casual,Jockey Red T-shirt Bra SS15
34922,Women,Apparel,Topwear,Dupatta,Grey,Summer,2012,Ethnic,Fabindia Grey Dupatta
24511,Women,Apparel,Topwear,Kurtas,Pink,Fall,2011,Ethnic,Mother Earth Women Pink Printed Kurta
47271,Men,Apparel,Innerwear,Boxers,Green,Summer,2016,Casual,FCUK Underwear Green Printed Boxers
12073,Women,Apparel,Topwear,Kurtas,Black,Fall,2011,Ethnic,W Women Printed Black Kurtas
42531,Women,Apparel,Topwear,Kurtis,White,Summer,2012,Ethnic,Mother Earth Women White Kurti
56303,Women,Apparel,Innerwear,Briefs,Rose,Winter,2015,Casual,Biara Women Rose Briefs
20383,Men,Apparel,Topwear,Sweaters,White,Fall,2011,Casual,Spykar Men Solid White Sweater
50490,Men,Apparel,Innerwear,Trunk,Grey Melange,Winter,2016,Casual,Chromozome Men Grey Trunks
32222,Women,Apparel,Topwear,Kurtas,Green,Summer,2012,Ethnic,Fabindia Women Striped Green Kurta
40602,Women,Apparel,Topwear,Kurtas,Green,Summer,2012,Ethnic,Span Women Green Kurta
11292,Men,Apparel,Bottomwear,Jeans,Blue,Summer,2016,Casual,Wrangler Men Blue Millard Jeans
24175,Women,Apparel,Topwear,Kurtis,Olive,Fall,2011,Ethnic,Aurelia Women Olive Kurti
15632,Women,Apparel,Bottomwear,Track Pants,Black,Summer,2012,Sports,Nike Women AS Regular DF Cotton Black Track Pants
23350,Men,Apparel,Innerwear,Boxers,Multi,Summer,2016,Casual,Crusoe Men Elixir Boxer Assorted Short
6532,Women,Apparel,Bottomwear,Skirts,Pink,Summer,2011,Sports,Nike Women's Border Pink Skirt
30747,Men,Apparel,Topwear,Kurtas,Cream,Summer,2012,Ethnic,Fabindia Men Striped Cream Cambric Kurta
2192,Men,Apparel,Bottomwear,Shorts,White,Fall,2010,Sports,ADIDAS Men White Short
31695,Women,Apparel,Topwear,Kurtas,Purple,Summer,2012,Ethnic,Folklore Women Printed Purple Kurta
50464,Men,Apparel,Innerwear,Briefs,Navy Blue,Summer,2016,Casual,Chromozome Men Navy Blue & Grey Pack of 2 Briefs
22044,Women,Apparel,Topwear,Kurtas,Green,Fall,2011,Ethnic,Vishudh Women Printed Green Kurta
16271,Women,Apparel,Topwear,Tops,White,Fall,2011,Casual,Tokyo Talkies Women Printed White Top
5171,Women,Apparel,Topwear,Tops,Red,Summer,2011,Casual,Wrangler Women's Short Placket Red Tops
11266,Men,Apparel,Bottomwear,Trousers,Beige,Fall,2011,Casual,Indigo Nation Men Pv Plan(Mix & Max) Greyish Brown Trousers
52101,Women,Apparel,Topwear,Kurtas,White,Summer,2012,Ethnic,Myntra Women White Printed Kurta
14714,Men,Apparel,Bottomwear,Trousers,Navy Blue,Fall,2011,Formal,Genesis Men Solid Navy Blue Trousers
46733,Girls,Apparel,Bottomwear,Capris,Navy Blue,Summer,2012,Casual,Gini and Jony Girls Navy Blue Capris
7414,Women,Apparel,Topwear,Kurtas,Black,Summer,2011,Ethnic,W Women V Neck Sleeve Black Kurta
51784,Women,Apparel,Innerwear,Bra,Beige,Summer,2016,Casual,Bwitch Women Caramel Bra
57017,Men,Apparel,Innerwear,Briefs,Black,Summer,2016,Casual,Jockey ELANCE Men Black Briefs 1009
11602,Women,Apparel,Topwear,Kurtas,Grey,Summer,2011,Ethnic,W Women Solid Grey Kurtas
7070,Men,Apparel,Bottomwear,Track Pants,Cream,Summer,2011,Casual,Timberland Men's Cycling Pod Chino Khaki Pant
12087,Women,Apparel,Topwear,Kurtas,White,Fall,2011,Ethnic,W Women Printed White Kurtas
54692,Women,Apparel,Topwear,Kurtas,Multi,Fall,2012,Ethnic,Shree Women Multicoloured Printed Kurta
16615,Men,Apparel,Bottomwear,Trousers,Charcoal,Fall,2011,Formal,Genesis Men Solid Charcoal Trouser
50000,Women,Apparel,Innerwear,Bra,Black,Winter,2015,Sports,Hanes Women Black Cotton Stretch Racer Back Sports Bra
2730,Girls,Apparel,Topwear,Tops,Red,Summer,2011,Casual,Disney Kids Girl's Red Round Neck Kidswear
33760,Women,Apparel,Topwear,Tops,White,Summer,2012,Casual,Vero Moda Women Viva White Top
20377,Women,Apparel,Topwear,Jackets,Pink,Fall,2011,Casual,Urban Yoga Women Solid Pink Jacket
44632,Men,Apparel,Bottomwear,Track Pants,Grey,Summer,2012,Sports,Nike Men Grey AS Sideline Track Pants
36212,Girls,Apparel,Topwear,Tops,Black,Summer,2012,Casual,Gini Jony Girls Black Top
42199,Women,Apparel,Topwear,Tops,Blue,Summer,2012,Casual,Sepia Women Blue Checked Top
28774,Women,Apparel,Topwear,Kurtis,Red,Summer,2012,Ethnic,Aurelia Women Printed Red Kurti
17995,Women,Apparel,Bottomwear,Track Pants,Grey,Summer,2010,Sports,Puma Women Essential Skinny Grey Track Pant
24985,Girls,Apparel,Topwear,Tops,Pink,Summer,2012,Casual,United Colors of Benetton Kids Girls Pink Printed Top
21893,Women,Apparel,Topwear,Kurtas,Red,Fall,2011,Ethnic,BIBA Women Printed Red Kurta
41976,Girls,Apparel,Bottomwear,Capris,White,Summer,2012,Casual,Gini and Jony Girls White Pedal Pusher
33758,Women,Apparel,Topwear,Tops,Pink,Summer,2012,Casual,Vero Moda Women Polly Pink Top
41378,Women,Apparel,Topwear,Tops,Black,Summer,2012,Casual,Wrangler Women Maria Black Top
11408,Men,Apparel,Topwear,Sweatshirts,Black,Fall,2011,Casual,United Colors of Benetton Men Light Winter Black Sweatshirts
50038,Women,Apparel,Innerwear,Bra,Black,Winter,2015,Casual,Hanes Women Black Concealing Petals Wirefree Moulded Bra
28122,Men,Apparel,Innerwear,Briefs,Olive,Summer,2016,Casual,Jockey MC Men Pack Of 2 Briefs 8003
27956,Men,Apparel,Innerwear,Briefs,White,Fall,2018,Casual,Jockey Sport Performance  Men White Sport Performance Stretch Briefs SP 02
47249,Men,Apparel,Innerwear,Briefs,Black,Summer,2016,Casual,FCUK Underwear Men Black Brief
18571,Men,Apparel,Topwear,Sweaters,Grey,Fall,2011,Casual,Puma Men Solid Grey Sweater
59373,Women,Apparel,Topwear,Kurtas,Beige,Summer,2012,Ethnic,Vishudh Women Beige Printed Kurta
30915,Women,Apparel,Topwear,Kurtis,Orange,Summer,2012,Ethnic,Fabindia Women Orange Kurti
34589,Women,Apparel,Topwear,Tops,Magenta,Summer,2012,Casual,Tonga Women Printed Magenta Top
46995,Women,Apparel,Topwear,Kurtas,Pink,Fall,2012,Ethnic,Shree Women Pink & Blue Kurta
42509,Women,Apparel,Topwear,Kurtas,Beige,Summer,2012,Ethnic,Mother Earth Women Beige Kurta
18743,Women,Apparel,Topwear,Tops,Orange,Fall,2011,Casual,Arrow Woman Cameron Orange Top
11098,Women,Apparel,Bottomwear,Leggings,Purple,Fall,2011,Ethnic,Scullers Women Solid Purple Leggings
59717,Women,Apparel,Innerwear,Bra,Black,Summer,2014,Casual,Avirate Black Bra
48457,Men,Apparel,Bottomwear,Shorts,Multi,Summer,2012,Casual,French Connection Men Multi Coloured Cargo Shorts
28780,Women,Apparel,Innerwear,Briefs,White,Summer,2015,Casual,Enamor Women Pack of 2 Printed Briefs
8490,Women,Apparel,Topwear,Tops,White,Fall,2011,Casual,Forever New Women White Lace  Top
40408,Women,Apparel,Topwear,Tops,Brown,Summer,2012,Casual,Tonga Women Brown & Beige Top
53823,Women,Apparel,Topwear,Tunics,White,Fall,2012,Casual,Ayaanay Women White Printed Tunic
16612,Men,Apparel,Bottomwear,Trousers,Navy Blue,Fall,2011,Formal,Genesis Men Stripes Navy Blue Trouser
50007,Women,Apparel,Innerwear,Bra,Skin,Winter,2015,Sports,Hanes Women Beige Cotton Stretch Light Padded Bra
27969,Men,Apparel,Innerwear,Innerwear Vests,Black,Summer,2016,Casual,Jockey SP-OW Men Black Active Innerwear Vest SP12
2737,Girls,Apparel,Topwear,Tops,Red,Summer,2011,Casual,Disney Kids Girl's Red Kidswear
41347,Men,Apparel,Bottomwear,Jeans,NA,Fall,2016,Casual,Wrangler Men Black Texas Jeans
11437,Women,Apparel,Topwear,Tops,Purple,Fall,2011,Casual,United Colors of Benetton Women Light Winter Purple Tops
15097,Women,Apparel,Topwear,Kurtas,Pink,Fall,2011,Ethnic,Mother Earth Women Printed Pink Kurtas
36215,Girls,Apparel,Bottomwear,Shorts,Purple,Summer,2012,Casual,Gini and Jony Girls Core Purple Shorts
11605,Women,Apparel,Topwear,Kurtis,Blue,Summer,2011,Ethnic,W Women Solid Denim Blue Kurtis
32487,Men,Apparel,Bottomwear,Shorts,Grey Melange,Summer,2012,Sports,Proline Grey Melange Shorts
12080,Women,Apparel,Topwear,Kurtas,Yellow,Fall,2011,Ethnic,W Women Printed Yellow Kurtas
54695,Women,Apparel,Topwear,Kurtas,Pink,Fall,2012,Ethnic,Shree Women Pink Printed Kurta
43622,Women,Apparel,Topwear,Tops,Grey,Summer,2012,Casual,Vero Moda Women Grey Top
52106,Women,Apparel,Topwear,Kurtas,Grey,Summer,2012,Ethnic,Myntra Women Grey Printed Kurta
14713,Men,Apparel,Bottomwear,Trousers,Brown,Fall,2011,Formal,Genesis Men Solid Brown Trousers
17196,Men,Apparel,Topwear,Sweaters,Navy Blue,Winter,2016,Casual,U.S. Polo Assn. Men Stripes Navy Blue Sweater
7413,Women,Apparel,Topwear,Kurtas,Pink,Summer,2011,Ethnic,W Women Short Sleeve Pink Kurta
43246,Men,Apparel,Bottomwear,Jeans,Blue,Summer,2012,Casual,Denizen Men Blue Jeans
50463,Men,Apparel,Innerwear,Briefs,Navy Blue,Summer,2016,Casual,Chromozome Men Navy Blue Brief
16276,Men,Apparel,Topwear,Sweatshirts,Navy Blue,Fall,2011,Casual,Batman Men Batman Navy Blue Sweatshirts
22043,Women,Apparel,Topwear,Kurtas,Brown,Fall,2011,Ethnic,Vishudh Women Printed Brown Kurta
43074,Women,Apparel,Bottomwear,Capris,Black,Summer,2012,Sports,Nike Womens Black Capris
31454,Women,Apparel,Bottomwear,Skirts,Black,Summer,2012,Sports,Nike Women Tennis Black Skirt
4898,Women,Apparel,Topwear,Tops,Green,Summer,2011,Casual,Levis Kids Girl's Desiree Green Teens Kidswear
45979,Women,Apparel,Topwear,Tops,Peach,Summer,2012,Casual,Tokyo Talkies Women Peach Printed Top
11295,Men,Apparel,Bottomwear,Jeans,Blue,Fall,2011,Casual,Wrangler Men Blue Texas Jeans
40437,Women,Apparel,Topwear,Kurtas,Brown,Summer,2012,Ethnic,La-Emotio Women Brown Kurta
24172,Women,Apparel,Topwear,Kurtis,Red,Fall,2011,Ethnic,Aurelia Women Reddish Pink Printed Kurti
37565,Girls,Apparel,Innerwear,Innerwear Vests,Green,Summer,2012,Casual,Madagascar Girls Green Innerwear Vest
51777,Women,Apparel,Innerwear,Bra,Blue,Summer,2016,Casual,Bwitch Blue Bra
2195,Women,Apparel,Bottomwear,Capris,Black,Fall,2010,Sports,ADIDAS Women Black Capris
50497,Men,Apparel,Innerwear,Innerwear Vests,Black,Summer,2016,Casual,Chromozome Men Black Fashion Vest
16282,Men,Apparel,Topwear,Sweatshirts,White,Fall,2011,Casual,Superman Men White Sweatshirt
43080,Women,Apparel,Topwear,Tops,Green,Summer,2012,Sports,Nike Womens Moss Green Top
32225,Women,Apparel,Topwear,Kurtas,Red,Summer,2012,Ethnic,Fabindia Women Red Striped Kurta
40605,Women,Apparel,Topwear,Kurtas,Teal,Summer,2012,Ethnic,Span Women Teal Kurta
59728,Women,Apparel,Innerwear,Bra,Pink,Summer,2014,Casual,Avirate Pink Bra
42536,Women,Apparel,Topwear,Kurtas,Multi,Summer,2012,Ethnic,Mother Earth Women Multi Coloured Kurta
10511,Women,Apparel,Topwear,Tops,Black,Fall,2011,Casual,Flying Machine Women RN Black Tshirts
56304,Women,Apparel,Innerwear,Briefs,Orange,Winter,2015,Casual,Biara Women Orange Briefs
24516,Women,Apparel,Topwear,Kurtas,Black,Fall,2011,Ethnic,Mother Earth Women Black Printed Kurta
12848,Women,Apparel,Bottomwear,Skirts,Blue,Fall,2011,Casual,Ant Kids Check Blue Skirts
47276,Men,Apparel,Innerwear,Boxers,Black,Summer,2016,Casual,FCUK Underwear Black & White Boxers
12074,Women,Apparel,Topwear,Kurtas,White,Fall,2011,Ethnic,W Women Printed White Kurtas
3483,Women,Apparel,Bottomwear,Capris,Black,Fall,2012,Casual,ADIDAS Women Black Capri
13106,Men,Apparel,Topwear,Sweatshirts,Blue,Fall,2011,Casual,ADIDAS Men Sf Striped Hood Blue Sweatshirts
5774,Women,Apparel,Topwear,Tops,White,Summer,2011,Casual,Jealous 21 Women's White Sleeveless Graphic Top
14323,Women,Apparel,Topwear,Sweaters,White,Fall,2011,Casual,ADIDAS Women Stripes White Sweaters
20116,Women,Apparel,Topwear,Kurtis,Red,Fall,2011,Ethnic,Diva Women Printed Red Kurti
52536,Women,Apparel,Bottomwear,Jeans,Grey,Summer,2012,Casual,Pepe Jeans Women Grey Jeans
39807,Men,Apparel,Bottomwear,Trousers,Navy Blue,Spring,2013,Formal,Peter England Men Navy Blue Formal Trousers
33501,Women,Apparel,Bottomwear,Capris,Pink,Summer,2012,Casual,Doodle Kids Girl  Pink Capris
14111,Men,Apparel,Topwear,Sweatshirts,Navy Blue,Fall,2011,Casual,Flying Machine Men Printed Navy Blue Sweatshirts
20324,Women,Apparel,Topwear,Kurtas,White,Summer,2011,Ethnic,Mother Earth Women Printed White Kurta
41313,Women,Apparel,Bottomwear,Leggings,White,Summer,2012,Ethnic,Aurelia Women White Leggings
31064,Women,Apparel,Topwear,Dupatta,Off White,Summer,2012,Ethnic,Fabindia Women Printed Off White Dupatta
27101,Women,Apparel,Topwear,Kurtas,Yellow,Summer,2012,Ethnic,Aneri Women Madhuri Yellow Kurta
7211,Women,Apparel,Topwear,Tunics,Black,Fall,2011,Casual,Scullers For Her Women Layered Tunics Black Top
28149,Men,Apparel,Innerwear,Innerwear Vests,Grey Melange,Summer,2016,Casual,Jockey SPORT Men Grey Melange Innerwear Vest 9924
52360,Women,Apparel,Loungewear and Nightwear,Nightdress,Off White,Winter,2015,Casual,Red Rose Women Off White Nightdress
41777,Women,Apparel,Topwear,Tops,Pink,Summer,2012,Casual,Remanika Women Pink Top
43020,Men,Apparel,Innerwear,Briefs,White,Summer,2016,Casual,Calvin Klein Men White Briefs
50437,Men,Apparel,Innerwear,Briefs,Black,Summer,2016,Casual,Chromozome Men Black Briefs
16222,Men,Apparel,Bottomwear,Track Pants,Black,Fall,2011,Sports,Puma Men Heroes Black Track Pant
22017,Women,Apparel,Topwear,Kurtas,Pink,Fall,2011,Ethnic,Vishudh Women Printed Pink Kurta
19058,Women,Apparel,Topwear,Kurtas,Rust,Fall,2011,Ethnic,Aurelia Women Solid Rust Kurta
50605,Men,Apparel,Innerwear,Innerwear Vests,White,Winter,2016,Casual,Chromozome Men White Pack of 2 Innerwear Vests
6595,Women,Apparel,Topwear,Tops,Black,Summer,2011,Casual,Spykar Women's Black Top
33959,Women,Apparel,Bottomwear,Leggings,Grey,Summer,2012,Casual,Femella Women Grey Leggings
25000,Women,Apparel,Bottomwear,Capris,Black,Summer,2012,Casual,United Colors of Benetton Women Black Capris
11235,Women,Apparel,Bottomwear,Jeans,Blue,Fall,2011,Casual,Flying Machine Women Midrise Blue Jeans
33165,Women,Apparel,Topwear,Tops,Blue,Summer,2012,Casual,Sepia Women Blue Top
52394,Women,Apparel,Loungewear and Nightwear,Nightdress,Grey,Winter,2015,Casual,Red Rose Women Grey Nightdress
14581,Men,Apparel,Topwear,Sweatshirts,Brown,Fall,2011,Casual,United Colors of Benetton Men Solid Brown Sweatshirts
41783,Women,Apparel,Topwear,Tunics,Purple,Summer,2012,Casual,Remanika Women Purple Tunic
32271,Women,Apparel,Topwear,Kurtas,Green,Summer,2012,Ethnic,Vishudh Women Printed Green Kurta
40651,Women,Apparel,Topwear,Kurtas,Olive,Summer,2012,Ethnic,Span Women Olive Green Kurta
30526,Women,Apparel,Innerwear,Bra,Pink,Summer,2014,Casual,Lovable Cotton Essensuals Pink Bra
12676,Men,Apparel,Bottomwear,Trousers,Brown,Fall,2011,Casual,Probase Men Solid Brown Trousers
9529,Men,Apparel,Bottomwear,Shorts,Grey,Summer,2012,Casual,Puma Men's Ess Woven Grey Shorts
13596,Men,Apparel,Innerwear,Innerwear Vests,Black,Summer,2016,Casual,Hanes Men Black Crew Pack Of 3 Innerwear T-Shirts
23303,Women,Apparel,Bottomwear,Leggings,Maroon,Fall,2011,Ethnic,W Women Solid Maroon Leggings
35266,Women,Apparel,Topwear,Tops,Navy Blue,Summer,2012,Casual,Lee Women Kylie Navy Blue Top
33191,Women,Apparel,Topwear,Tunics,Pink,Summer,2012,Casual,Sepia Women Printed Pink Tunic
9971,Men,Apparel,Topwear,Sweatshirts,Blue,Fall,2011,Sports,Nike Men As Squad Ft C Blue Sweatshirts
5780,Women,Apparel,Topwear,Tops,Purple,Summer,2011,Casual,Jealous 21 Women. Graphic Purple Top
53410,Women,Apparel,Topwear,Kurtas,Blue,Fall,2012,Ethnic,Alma Women Blue & Green Printed Kurta
10777,Women,Apparel,Topwear,Jackets,Purple,Summer,2011,Sports,Nike Women Hooded Purple Jacket
24542,Women,Apparel,Topwear,Tops,Black,Fall,2011,Ethnic,Mother Earth Women Black Printed Top
32427,Men,Apparel,Bottomwear,Shorts,Black,Summer,2010,Casual,ADIDAS Men Black 3/4 Length Pants
59916,Women,Apparel,Topwear,Kurtas,Brown,Summer,2012,Ethnic,Diva Women Brown Kurta
44695,Women,Apparel,Topwear,Tunics,Red,Fall,2012,Casual,Wills Lifestyle Women Pink & Blue Striped Lina Tunic
15037,Women,Apparel,Topwear,Sweaters,Black,Fall,2011,Casual,ADIDAS Women Check Black Sweaters
42562,Women,Apparel,Topwear,Tops,Olive,Summer,2012,Casual,Mother Earth Women Olive Top
12212,Men,Apparel,Bottomwear,Trousers,Brown,Summer,2013,Formal,Basics Men Brown Trousers
18728,Women,Apparel,Topwear,Sweaters,Grey,Fall,2011,Casual,Arrow Woman Keisha Grey Sweater
47010,Women,Apparel,Topwear,Kurtas,Green,Summer,2012,Ethnic,Shree Women Green Kurta
33966,Women,Apparel,Topwear,Tops,Black,Summer,2012,Casual,Femella Women Black Top
39460,Women,Apparel,Topwear,Kurtas,White,Summer,2012,Ethnic,Diva Women White Printed Kurta
19067,Women,Apparel,Topwear,Kurtas,Green,Fall,2011,Ethnic,W Women Block Print Green Kurta
28720,Women,Apparel,Topwear,Kurtas,White,Summer,2012,Ethnic,W Women White Printed Kurta
18387,Men,Apparel,Innerwear,Briefs,Red,Summer,2016,Casual,Undercolors of Benetton Men Red Tanga Brief
22814,Men,Apparel,Bottomwear,Shorts,Navy Blue,Summer,2012,Casual,Manchester United Men Navy Blue Shorts
54894,Men,Apparel,Loungewear and Nightwear,Lounge Pants,Green,Summer,2016,Casual,Do U Speak Green Men Green Lounge Pants
28512,Men,Apparel,Bottomwear,Shorts,Black,Summer,2012,Sports,Nike Men Premier Knit Black Shorts
11804,Women,Apparel,Topwear,Kurtas,Red,Fall,2011,Ethnic,Vishudh Women Pigment Print Red Kurtas
11038,Women,Apparel,Topwear,Tops,Brown,Fall,2011,Casual,Jealous 21 Women Check Brown Tops
51982,Women,Apparel,Loungewear and Nightwear,Nightdress,Pink,Summer,2012,Casual,Inaya Women Bright Pink Nightdress
27902,Women,Apparel,Bottomwear,Trousers,Black,Summer,2012,Casual,Scullers For Her Women Black Trousers
39236,Women,Apparel,Topwear,Tops,Pink,Summer,2012,Casual,Femella Women Pink Layered Frilly Chiffon Top
24589,Women,Apparel,Topwear,Kurtas,Brown,Fall,2011,Ethnic,Vishudh Women Brown Printed Kurta
20915,Men,Apparel,Bottomwear,Jeans,Blue,Fall,2011,Casual,Deni Yo Men Washed Blue Jeans
9186,Men,Apparel,Bottomwear,Jeans,Blue,Fall,2011,Casual,Spykar Men Free Wheeler Spirit Denim Blue Jeans
43649,Women,Apparel,Topwear,Tunics,Blue,Summer,2012,Casual,ONLY Women Blue Tunic
51976,Women,Apparel,Loungewear and Nightwear,Lounge Pants,Pink,Summer,2017,Casual,Inaya Women Pink Lounge Pants
18717,Women,Apparel,Topwear,Tops,Black,Fall,2011,Casual,Arrow Woman Victoria Black Top
9340,Women,Apparel,Topwear,Tops,Black,Fall,2011,Casual,Puma Women blink blink Black Tops
26824,Men,Apparel,Bottomwear,Trousers,Brown,Summer,2012,Casual,Highlander Men Brown Trousers
30941,Women,Apparel,Topwear,Tunics,Rust,Summer,2012,Ethnic,Fabindia Women Rust Printed Tunic
45778,Women,Apparel,Topwear,Tunics,Pink,Summer,2012,Casual,Remanika Women Pink Tunic
15008,Men,Apparel,Topwear,Jackets,White,Fall,2011,Sports,ADIDAS Men White Jacket
15834,Women,Apparel,Topwear,Kurtas,Cream,Fall,2011,Ethnic,Visudh Cream Printed Ethnic Kurta
59115,Men,Apparel,Topwear,Jackets,Navy Blue,Summer,2012,Casual,Just Natural Men Navy Blue Jacket
38122,Men,Apparel,Bottomwear,Trousers,Khaki,Spring,2013,Smart Casual,Allen Solly Men Khaki Chino Trousers
59929,Women,Apparel,Topwear,Kurtas,Multi,Summer,2012,Ethnic,Diva Women Multi Coloured Kurta
51378,Men,Apparel,Bottomwear,Shorts,Brown,Summer,2012,Casual,Myntra Men Brown Shorts
24925,Women,Apparel,Topwear,Tops,Navy Blue,Summer,2012,Casual,United Colors of Benetton Women Navy Blue Top
19093,Women,Apparel,Topwear,Kurtis,Sea Green,Fall,2011,Ethnic,W Women Solid Sea Green Kurti
47679,Men,Apparel,Innerwear,Boxers,Blue,Summer,2016,Casual,Probase Blue Printed Boxers
59743,Women,Apparel,Innerwear,Briefs,Pink,Summer,2014,Casual,Avirate Pink Brief
21659,Women,Apparel,Innerwear,Bra,Black,Summer,2014,Casual,Enamor Women Smooth Black Bra
58691,Women,Apparel,Topwear,Kurtas,Green,Summer,2012,Ethnic,ALayna Women Green Kurta
44692,Women,Apparel,Topwear,Tunics,White,Summer,2012,Casual,Wills Lifestyle Women White Tunic
15030,Women,Apparel,Topwear,Sweaters,Pink,Fall,2011,Casual,ADIDAS Women Stripes Pink Sweaters
38328,Girls,Apparel,Topwear,Tops,Pink,Summer,2012,Casual,Hannah Montana Girls Pink Top
12215,Men,Apparel,Bottomwear,Trousers,Navy Blue,Summer,2013,Formal,Basics Men Navy Trousers
42565,Women,Apparel,Topwear,Tops,Green,Summer,2012,Casual,Mother Earth Women Green Top
35437,Girls,Apparel,Bottomwear,Shorts,Black,Summer,2012,Casual,Doodle Girls Washed Black Shorts
47017,Women,Apparel,Topwear,Kurtas,Red,Summer,2012,Ethnic,Shree Women Red Chevron Stripe Kurta
9976,Men,Apparel,Topwear,Sweatshirts,Black,Fall,2011,Sports,Nike Men Manu Core Black Sweatshirts
53417,Women,Apparel,Topwear,Kurtas,Teal,Fall,2012,Ethnic,Alma Women Teal Kurta
24545,Women,Apparel,Topwear,Tops,Red,Fall,2011,Ethnic,Mother Earth Women Red Printed Top
59911,Women,Apparel,Topwear,Kurtas,Cream,Summer,2012,Ethnic,Diva Women Cream Kurta
32420,Men,Apparel,Bottomwear,Shorts,Black,Summer,2012,Sports,ADIDAS Men Black Shorts
18179,Girls,Apparel,Topwear,Tops,Black,Fall,2011,Casual,Doodle Kids Girls Black Layer Top
6566,Men,Apparel,Bottomwear,Shorts,Green,Summer,2011,Sports,Nike Men's Green Shorts
23304,Women,Apparel,Topwear,Kurtas,Blue,Fall,2011,Ethnic,W Women Blue Printed Kurta
35261,Women,Apparel,Topwear,Tops,White,Summer,2012,Casual,Lee Women Jennifer White Top
32878,Women,Apparel,Topwear,Tops,Orange,Summer,2012,Casual,Allen Solly Woman Striped Orange Top
33196,Women,Apparel,Topwear,Tunics,Purple,Summer,2012,Casual,Sepia WomenPurple Printed Tunic
52393,Women,Apparel,Loungewear and Nightwear,Nightdress,Grey,Winter,2015,Casual,Red Rose Women Grey Nightdress
21661,Women,Apparel,Innerwear,Bra,Red,Summer,2014,Casual,Enamor Women Smooth Red Bra
32276,Women,Apparel,Topwear,Kurtas,Olive,Summer,2012,Ethnic,Vishudh Women Printed Olive Kurta
40656,Women,Apparel,Topwear,Kurtas,Magenta,Summer,2012,Ethnic,Span Women Magenta Kurta
12671,Men,Apparel,Bottomwear,Shorts,Red,Fall,2011,Casual,Probase Men Check Red Shorts
23136,Women,Apparel,Topwear,Sweatshirts,Blue,Fall,2011,Casual,Quechua Women Fleece  Blue Sweatshirt
7686,Men,Apparel,Topwear,Jackets,Red,Fall,2011,Sports,Puma Men Alonso Track Red Ferrari Jacket
13565,Men,Apparel,Innerwear,Innerwear Vests,White,Summer,2016,Casual,Hanes Men Racer Back White Innerwear Vests
50602,Men,Apparel,Innerwear,Trunk,Navy Blue,Summer,2016,Casual,Chromozome Men Navy Blue Trunks
28718,Women,Apparel,Topwear,Kurtas,White,Summer,2012,Ethnic,W Women Printed White Kurta
39458,Women,Apparel,Topwear,Kurtas,White,Summer,2012,Ethnic,Diva Women White Kurta
33162,Women,Apparel,Topwear,Tunics,Purple,Summer,2012,Casual,Sepia Women Purple Tunic
52367,Women,Apparel,Loungewear and Nightwear,Nightdress,Green,Winter,2015,Casual,Red Rose Women Green Nightdress
54090,Women,Apparel,Topwear,Kurtis,White,Summer,2012,Ethnic,Mumbai Slang Women White Kurti
31407,Men,Apparel,Innerwear,Briefs,White,Summer,2016,Casual,Spykar Men White Pandro Brief
16225,Women,Apparel,Bottomwear,Capris,Black,Fall,2011,Ethnic,Puma Women Capri Sweat Black Capris
44666,Women,Apparel,Bottomwear,Trousers,Brown,Summer,2012,Casual,Wills Lifestyle Women Brown Trousers
20323,Women,Apparel,Topwear,Kurtas,Black,Summer,2011,Ethnic,Mother Earth Women Printed Black Kurta
14116,Men,Apparel,Bottomwear,Jeans,Blue,Fall,2011,Casual,Flying Machine Men Blue Jeans
41314,Women,Apparel,Bottomwear,Leggings,Black,Fall,2012,Casual,Aurelia Women Black Leggings
19609,Women,Apparel,Topwear,Tops,Purple,Summer,2011,Casual,United Colors of Benetton Women Purple Top
31063,Women,Apparel,Topwear,Dupatta,Pink,Summer,2012,Ethnic,Fabindia Women Pink Silk Dupatta
27106,Women,Apparel,Topwear,Kurtas,Yellow,Summer,2012,Ethnic,Aneri Women Shruti Yellow Kurta
3484,Women,Apparel,Bottomwear,Capris,Brown,Fall,2010,Sports,ADIDAS Women Darkcinde Brown Capri
20111,Women,Apparel,Topwear,Kurtas,White,Fall,2011,Ethnic,Diva Women Printed White Kurta
14324,Women,Apparel,Topwear,Sweaters,Pink,Fall,2011,Casual,ADIDAS Women Stripes Pink Sweaters
5773,Women,Apparel,Bottomwear,Shorts,Black,Summer,2011,Casual,Jealous 21 Women's Black Short
33506,Women,Apparel,Bottomwear,Capris,Green,Summer,2012,Casual,Doodle Kids Girl  Green Capris
18374,Men,Apparel,Innerwear,Trunk,White,Summer,2016,Casual,Undercolors of Benetton Men Pack of 2 White Boxer Trunks
59744,Women,Apparel,Loungewear and Nightwear,Nightdress,Black,Summer,2012,Casual,Avirate Black Babydoll Nightdress
58696,Women,Apparel,Topwear,Kurtas,Mustard,Summer,2012,Ethnic,ALayna Women Mustard Kurta
33995,Women,Apparel,Topwear,Tops,Black,Summer,2012,Casual,Femella Women Black Top
24922,Women,Apparel,Topwear,Tops,White,Summer,2012,Casual,United Colors of Benetton Women White Top
19094,Women,Apparel,Topwear,Kurtas,Blue,Fall,2011,Ethnic,Mother Earth Women Printed Blue Kurta
53428,Women,Apparel,Topwear,Kurtas,Beige,Fall,2012,Ethnic,Alma Women Beige Printed Kurta
59112,Men,Apparel,Topwear,Jackets,Olive,Summer,2012,Casual,Just Natural Men Olive Jacket
57088,Women,Apparel,Bottomwear,Skirts,Teal,Summer,2012,Casual,Elle Women Teal Skirt
18522,Men,Apparel,Topwear,Jackets,Black,Summer,2015,Casual,C Vox Men Solid 1349 Black Jacket
9175,Men,Apparel,Bottomwear,Jeans,Blue,Fall,2011,Casual,Locomotive Men Banks Blue Jeans
18710,Women,Apparel,Bottomwear,Skirts,Tan,Fall,2011,Casual,Arrow Woman Printed Tan Skirt
26823,Men,Apparel,Bottomwear,Trousers,Grey,Summer,2012,Casual,Highlander Men Grey Trousers
30946,Women,Apparel,Topwear,Tops,Blue,Summer,2012,Ethnic,Fabindia Women Blue Cambric Top
47028,Women,Apparel,Topwear,Kurtas,Navy Blue,Fall,2012,Ethnic,Shree Women Navy Blue Printed Kurta
15833,Women,Apparel,Topwear,Kurtas,White,Fall,2011,Ethnic,Visudh White Printed Ethnic Kurta
37199,Boys,Apparel,Bottomwear,Shorts,Blue,Summer,2012,Casual,United Colors of Benetton Boys Check Blue Shorts
33539,Women,Apparel,Topwear,Tops,Black,Summer,2012,Casual,Wrangler Women Maddy Black Top
19636,Women,Apparel,Topwear,Tops,Grey,Summer,2011,Casual,United Colors of Benetton Women Solid Grey Top
48094,Women,Apparel,Topwear,Tops,Purple,Summer,2012,Casual,French Connection Women Violet Top
27139,Women,Apparel,Innerwear,Bra,White,Summer,2012,Casual,Miss-T White Bra
27905,Women,Apparel,Bottomwear,Trousers,Black,Summer,2012,Casual,Scullers For Her Black Trousers
14129,Men,Apparel,Bottomwear,Jeans,Blue,Fall,2011,Casual,Flying Machine Men Washed Blue Jeans
36279,Women,Apparel,Loungewear and Nightwear,Night suits,Pink,Summer,2017,Casual,SDL by Sweet Dreams Women Pink Night suits
39231,Women,Apparel,Topwear,Tops,Peach,Summer,2012,Casual,Femella Women Peach Top
28515,Men,Apparel,Bottomwear,Shorts,White,Summer,2012,Sports,Nike Men Woven White Shorts
52358,Women,Apparel,Loungewear and Nightwear,Nightdress,Pink,Winter,2015,Casual,Red Rose Women Pink Nightdress
11803,Women,Apparel,Topwear,Kurtas,Black,Fall,2011,Ethnic,Vishudh Women Cambric Black Kurtas
58662,Women,Apparel,Topwear,Kurtas,Pink,Summer,2012,Ethnic,ALayna Women Dark Pink Kurta
33961,Women,Apparel,Bottomwear,Leggings,Red,Summer,2012,Casual,Femella Women Red Leggings
39467,Women,Apparel,Topwear,Kurtis,White,Summer,2012,Ethnic,Diva Women White Printed Kurti
8437,Women,Apparel,Topwear,Tops,Grey,Fall,2011,Casual,Jealous 21 Women Jealous Gale Coral Top Grey Tops
19060,Women,Apparel,Topwear,Kurtas,Red,Fall,2011,Ethnic,Aurelia Women Solid Red Kurta
28727,Women,Apparel,Topwear,Kurtas,Cream,Summer,2012,Ethnic,W Women Printed Cream Kurta
21465,Women,Apparel,Topwear,Sweaters,Red,Winter,2012,Casual,Roxy Women Red Sweater
47677,Women,Apparel,Bottomwear,Trousers,Black,Summer,2012,Casual,Femella Women Black Animal Print Trousers
23332,Women,Apparel,Topwear,Tunics,Maroon,Fall,2011,Casual,W Women Maroon Tunic
30517,Women,Apparel,Innerwear,Bra,Blue,Summer,2017,Casual,Lovable Women Spice Blue Bra
54052,Women,Apparel,Bottomwear,Leggings,Navy Blue,Summer,2012,Casual,Myntra Women Navy Blue Leggings
20785,Men,Apparel,Topwear,Sweatshirts,White,Fall,2011,Casual,Classic Polo Men Striped White Sweatshirt
15462,Men,Apparel,Topwear,Jackets,Black,Fall,2011,Casual,Puma Men Heroes Wind Black Jackets
21657,Women,Apparel,Innerwear,Bra,Black,Fall,2012,Casual,Enamor Women Lift Black Bra
40660,Women,Apparel,Topwear,Kurtas,Pink,Summer,2012,Ethnic,Span Women Multi Coloured Kurta
32240,Women,Apparel,Topwear,Kurtas,Blue,Summer,2012,Ethnic,Fabindia Women Blue Kurta
56705,Women,Apparel,Topwear,Kurtas,Black,Fall,2012,Ethnic,Folklore Women Black & Red Kurta
4809,Men,Apparel,Bottomwear,Shorts,Navy Blue,Summer,2011,Sports,ADIDAS Men's Prophecy Navy Blue Short
18719,Women,Apparel,Topwear,Tops,Grey,Fall,2011,Casual,Arrow Women Zebra Grey Top
12223,Men,Apparel,Bottomwear,Trousers,Grey,Summer,2013,Formal,Basics Men Solid Grey Trousers
42553,Women,Apparel,Topwear,Kurtas,Grey,Summer,2012,Ethnic,Mother Earth Women Grey Kurta
51978,Women,Apparel,Loungewear and Nightwear,Lounge Pants,Black,Summer,2017,Casual,Inaya Women Black Lounge Pants
15006,Men,Apparel,Topwear,Jackets,White,Fall,2011,Sports,ADIDAS Men Solid White Jackets
36284,Women,Apparel,Loungewear and Nightwear,Night suits,Pink,Summer,2017,Casual,SDL by Sweet Dreams Women Pink & Purple Night suits
45776,Women,Apparel,Topwear,Tops,Red,Summer,2012,Casual,Remanika Women Red Top
25693,Women,Apparel,Topwear,Kurtis,Magenta,Summer,2012,Ethnic,Mumbai Slang Women Printed Magenta Kurti
53421,Women,Apparel,Topwear,Kurtas,Green,Fall,2012,Ethnic,Alma Women Green Kurta
37164,Women,Apparel,Topwear,Tops,Black,Summer,2012,Casual,United Colors of Benetton Women Black Top
59927,Women,Apparel,Topwear,Kurtas,White,Summer,2012,Ethnic,Diva Women White Kurta
54604,Men,Apparel,Innerwear,Briefs,Red,Summer,2016,Casual,Jockey ELANCE Men Red Briefs 1004
31293,Women,Apparel,Topwear,Tops,Green,Summer,2012,Casual,Puma Women Script Green Top
8892,Men,Apparel,Bottomwear,Trousers,Navy Blue,Fall,2011,Formal,Scullers Men Navy Blue Trousers
28944,Women,Apparel,Bottomwear,Leggings,Pink,Summer,2012,Casual,BIBA OUTLET Women Pink Leggings
13305,Women,Apparel,Bottomwear,Skirts,Red,Fall,2011,Casual,Gini and Jony Kids Girls Solid Red Skirts
49973,Men,Apparel,Innerwear,Innerwear Vests,White,Summer,2016,Casual,Hanes Men White Assorted Innerwear Vest
31869,Women,Apparel,Topwear,Dupatta,Blue,Fall,2012,Ethnic,Fabindia Women Blue Dupatta
36270,Women,Apparel,Loungewear and Nightwear,Night suits,Grey,Summer,2017,Casual,SDL by Sweet Dreams Women Grey Night suits
14120,Women,Apparel,Topwear,Tops,Grey,Fall,2011,Casual,Flying Machine Women Solid Grey Tops
39238,Women,Apparel,Loungewear and Nightwear,Nightdress,Pink,Summer,2017,Casual,Femella Women Pink Nightdress
41322,Women,Apparel,Bottomwear,Leggings,Orange,Summer,2012,Ethnic,Aurelia Women Orange Leggings
39836,Girls,Apparel,Topwear,Tops,Peach,Summer,2012,Casual,Gini and Jony Girls Printed Peach Top
20127,Women,Apparel,Topwear,Tops,Red,Fall,2011,Casual,Wrangler Women Shadow Red Top
37190,Women,Apparel,Topwear,Tops,Black,Summer,2012,Casual,United Colors of Benetton Women Black Top
57075,Women,Apparel,Bottomwear,Jeans,Blue,Summer,2012,Casual,Elle Blue Jeans
27302,Women,Apparel,Topwear,Kurtas,Black,Fall,2011,Ethnic,Mother Earth Women Printed Black Kurta
43647,Women,Apparel,Topwear,Tops,Blue,Summer,2012,Casual,ONLY Women Blue Top
16445,Men,Apparel,Topwear,Sweatshirts,Grey,Fall,2011,Casual,Levis Men Solid Grey Sweatshirts
51382,Men,Apparel,Bottomwear,Shorts,Beige,Summer,2012,Casual,Myntra Men Beige Shorts
52163,Women,Apparel,Topwear,Tops,Pink,Summer,2012,Casual,Femella Women Pink Top
57411,Women,Apparel,Innerwear,Briefs,Black,Winter,2015,Casual,Amante Women Black & Brown Net Bikini Briefs PGSS01
25031,Men,Apparel,Topwear,Jackets,Black,Fall,2011,Sports,Nike Men Black Puffer Jacket
19069,Women,Apparel,Topwear,Kurtis,Green,Fall,2011,Ethnic,W Women Gathered Design Green Kurti
43223,Women,Apparel,Bottomwear,Trousers,Black,Fall,2012,Formal,United Colors of Benetton Women Black Trouser
16021,Men,Apparel,Bottomwear,Trousers,Black,Fall,2011,Casual,Turtle Solid Men Black Trouser
19855,Men,Apparel,Topwear,Jackets,Navy Blue,Winter,2016,Casual,U.S. Polo Assn. Men Solid Navy Blue Jackets
50634,Men,Apparel,Innerwear,Innerwear Vests,Black,Winter,2016,Casual,Chromozome Men Black Innerwear Vest
2938,Women,Apparel,Topwear,Tops,Multi,Fall,2010,Casual,DUSG Women Crane Bamboo Top
43011,Men,Apparel,Innerwear,Boxers,Blue,Summer,2016,Casual,Probase Blue Printed Boxers
18389,Men,Apparel,Innerwear,Briefs,Black,Summer,2016,Casual,Undercolors of Benetton Men Black Pack of 2 Brief
22026,Women,Apparel,Topwear,Kurtas,White,Fall,2011,Ethnic,Vishudh Women White Floral Printed Kurta
14544,Women,Apparel,Topwear,Kurtis,Navy Blue,Fall,2011,Ethnic,Vishudh Women Flower Print Navy Blue Kurtis
52351,Women,Apparel,Loungewear and Nightwear,Nightdress,Peach,Winter,2015,Casual,Red Rose Women Peach Nightdress
11036,Women,Apparel,Topwear,Tops,Black,Fall,2011,Casual,Jealous 21 Women Solid Black Tops
9143,Women,Apparel,Bottomwear,Jeans,Blue,Summer,2013,Casual,Lee Women Blue Skinny Fit Stretchable Jeans
12812,Men,Apparel,Bottomwear,Shorts,Black,Summer,2012,Sports,Nike Men Football/Soccer Black Shorts
59124,Men,Apparel,Topwear,Jackets,Olive,Summer,2012,Casual,Just Natural Men Olive Jacket
32429,Men,Apparel,Bottomwear,Shorts,Black,Summer,2012,Sports,ADIDAS Men Training Black Shorts
59918,Women,Apparel,Topwear,Kurtas,Multi,Summer,2012,Ethnic,Diva Women Multi Coloured Kurta
40009,Men,Apparel,Topwear,Tunics,Green,Fall,2012,Casual,Park Avenue Men Black & Green Frame Sunglasses
15039,Women,Apparel,Topwear,Jackets,Pink,Fall,2011,Casual,ADIDAS Women Stripes Pink Jackets
15805,Men,Apparel,Innerwear,Briefs,Navy Blue,Summer,2016,Casual,Facit Men Stringz Navy Blue Briefs
18726,Women,Apparel,Topwear,Sweaters,Brown,Fall,2011,Casual,Arrow Woman Venetia Brown Sweater
53248,Men,Apparel,Bottomwear,Trousers,Charcoal,Summer,2012,Formal,Mark Taylor Men Charcoal Black Striped Trousers
12678,Men,Apparel,Bottomwear,Trousers,Black,Fall,2011,Casual,Probase Men Check Black Trousers
30528,Women,Apparel,Innerwear,Bra,Black,Summer,2014,Casual,Lovable Cotton Essensuals Black Bra
29405,Men,Apparel,Bottomwear,Trousers,Charcoal,Summer,2012,Formal,Genesis Men Charcoal Trousers
18170,Boys,Apparel,Topwear,Sweatshirts,Green,Fall,2011,Casual,Doodle Kids-Boys Be Born Green Sweatshirt
17904,Men,Apparel,Topwear,Jackets,Navy Blue,Fall,2011,Sports,Nike Men Football Soccer Navy Blue Jacket
35268,Women,Apparel,Topwear,Tops,Black,Summer,2012,Casual,Lee Women Amanda Black Top
38577,Men,Apparel,Bottomwear,Track Pants,Navy Blue,Summer,2012,Sports,Nike Men Breakline Navy Blue Track Pants
58654,Women,Apparel,Topwear,Kurtas,Red,Summer,2012,Ethnic,ALayna Women Red Kurta
41779,Women,Apparel,Topwear,Tops,Navy Blue,Summer,2012,Casual,Remanika Women Navy Blue Top
22019,Women,Apparel,Topwear,Kurtas,Brown,Fall,2011,Ethnic,Vishudh Women Printed Brown Kurta
50439,Men,Apparel,Innerwear,Briefs,Grey,Summer,2016,Casual,Chromozome Men Grey Briefs
19056,Women,Apparel,Topwear,Kurtas,Green,Fall,2011,Ethnic,Aurelia Women Solid Green Kurta
28711,Women,Apparel,Topwear,Kurtas,White,Summer,2012,Ethnic,W Women Printed White Kurta
33957,Women,Apparel,Bottomwear,Leggings,Black,Spring,2012,Casual,Femella Women Black Leggings
25832,Women,Apparel,Topwear,Kurtas,Cream,Summer,2012,Ethnic,Diva Women Printed Cream Kurta
39451,Women,Apparel,Topwear,Kurtas,Brown,Summer,2012,Ethnic,Diva Women Brown Printed Kurta
13108,Men,Apparel,Bottomwear,Track Pants,Blue,Fall,2011,Sports,ADIDAS Men Pant Climalite Blue Track Pants
39809,Men,Apparel,Bottomwear,Trousers,Brown,Summer,2012,Formal,Peter England Men Brown Trousers
20118,Women,Apparel,Topwear,Kurtas,Orange,Fall,2011,Ethnic,Diva Women Printed Orange Kurta
36841,Women,Apparel,Bottomwear,Jeans,Navy Blue,Summer,2012,Casual,Spykar Women Renegade Navy Blue Jeans
19600,Women,Apparel,Topwear,Tops,Black,Fall,2011,Casual,United Colors of Benetton Women Black Printed Top
28147,Men,Apparel,Innerwear,Innerwear Vests,White,Fall,2018,Casual,Jockey 24 x 7 Men White Innerwear Vest 9922
16214,Men,Apparel,Bottomwear,Track Pants,Navy Blue,Fall,2011,Sports,Puma Men Heroes Navy Blue Track Pant
22021,Women,Apparel,Topwear,Kurtas,Pink,Fall,2011,Ethnic,Vishudh Women Printed Pink Kurta
14543,Women,Apparel,Topwear,Kurtas,Orange,Fall,2011,Ethnic,Vishudh Women Circle Print Orange Kurtas
52356,Women,Apparel,Loungewear and Nightwear,Nightdress,White,Winter,2015,Casual,Red Rose Women White Nightdress
11031,Women,Apparel,Topwear,Tops,Blue,Fall,2011,Casual,Jealous 21 Women Check Blue Tops
52164,Women,Apparel,Topwear,Tops,Purple,Summer,2012,Casual,Femella Women Purple Top
57416,Women,Apparel,Loungewear and Nightwear,Nightdress,Black,Winter,2015,Casual,Amante Women Black Lounge Set SGLL01
33153,Girls,Apparel,Topwear,Tops,White,Summer,2012,Casual,Gini and Jony Girls Printed White Top
39469,Women,Apparel,Topwear,Kurtas,White,Summer,2012,Ethnic,Diva Women White Kurta
25036,Women,Apparel,Bottomwear,Leggings,Grey,Fall,2011,Casual,Nike Women Depth Long Grey Leggings
8439,Women,Apparel,Topwear,Tops,Purple,Fall,2011,Casual,Jealous 21 Women Jealous Macrae Purple Top
43224,Women,Apparel,Bottomwear,Trousers,Black,Fall,2012,Formal,United Colors of Benetton Women Black Trouser
28729,Women,Apparel,Topwear,Kurtas,Cream,Summer,2012,Ethnic,W Women Printed Cream Kurta
50633,Men,Apparel,Innerwear,Trunk,Navy Blue,Summer,2016,Casual,Chromozome Men Navy Blue & Red Trunks
39831,Girls,Apparel,Bottomwear,Shorts,Magenta,Summer,2012,Casual,Gini and Jony Girls Core Magenta Shorts
37197,Women,Apparel,Bottomwear,Jeans,Navy Blue,Summer,2012,Casual,United Colors of Benetton Women Navy Blue Jeans
20120,Women,Apparel,Topwear,Tops,Purple,Fall,2011,Casual,Wrangler Women Lace Detail Purple Top
57072,Women,Apparel,Bottomwear,Jeans,Blue,Summer,2012,Casual,Elle Women Blue Jeans
43640,Women,Apparel,Topwear,Tops,White,Summer,2012,Casual,Vero Moda Women White Top
16442,Men,Apparel,Topwear,Sweatshirts,Black,Fall,2011,Casual,Levis Men Printed Black Sweatshirts
51385,Men,Apparel,Innerwear,Boxers,Navy Blue,Summer,2012,Casual,Myntra Navy Blue Printed Boxers
13302,Men,Apparel,Bottomwear,Shorts,Beige,Fall,2011,Casual,Gini and Jony Kids Boys Solid Beige Shorts
28943,Women,Apparel,Bottomwear,Leggings,Green,Summer,2012,Casual,BIBA OUTLET Women Green Leggings
43472,Women,Apparel,Loungewear and Nightwear,Night suits,Pink,Summer,2017,Casual,SDL by Sweet Dreams Women Pink Night suits
19638,Women,Apparel,Topwear,Sweatshirts,Blue,Fall,2011,Casual,United Colors of Benetton Women Solid Blue Sweatshirt
49974,Men,Apparel,Innerwear,Innerwear Vests,Black,Summer,2016,Casual,Hanes Men Black Innerwear Vest
36277,Women,Apparel,Loungewear and Nightwear,Night suits,Grey,Summer,2017,Casual,SDL by Sweet Dreams Women Grey & Black Night suits
14127,Men,Apparel,Bottomwear,Jeans,Blue,Winter,2016,Casual,Flying Machine Men Washed Blue Jeans
53426,Women,Apparel,Topwear,Kurtas,Green,Fall,2012,Ethnic,Alma Women Green Kurta
59920,Women,Apparel,Topwear,Kurtas,Multi,Summer,2012,Ethnic,Diva Women Multi Colour Kurta
57086,Women,Apparel,Bottomwear,Skirts,Pink,Summer,2012,Casual,Elle Women Pink Vintage Skirt
54603,Men,Apparel,Innerwear,Briefs,Grey,Summer,2016,Casual,Jockey ELANCE Men Grey Briefs 1004
9947,Men,Apparel,Topwear,Jackets,Blue,Fall,2011,Sports,ADIDAS Men Torment Blue Jackets
42554,Women,Apparel,Topwear,Kurtas,White,Summer,2012,Ethnic,Mother Earth Women White & Black Kurta
12224,Men,Apparel,Bottomwear,Trousers,Brown,Fall,2011,Formal,Basics Men Solid Brown Trousers
47026,Women,Apparel,Topwear,Kurtas,Black,Summer,2012,Ethnic,Shree Women Black & White Kurta
30948,Women,Apparel,Topwear,Tops,Red,Summer,2012,Ethnic,Fabindia Women Red Cambric Top
49980,Men,Apparel,Innerwear,Innerwear Vests,Khaki,Summer,2016,Casual,Hanes Men Khaki Innerwear Vest
36283,Women,Apparel,Loungewear and Nightwear,Night suits,Grey,Summer,2017,Casual,SDL by Sweet Dreams Women Grey & Blue Night suits
40203,Women,Apparel,Topwear,Kurtas,Green,Summer,2012,Ethnic,Mumbai Slang Women Green Kurta
54055,Women,Apparel,Bottomwear,Leggings,Rust,Summer,2012,Casual,Myntra Women Rust Leggings
30510,Women,Apparel,Innerwear,Bra,White,Summer,2014,Casual,Lovable Women Spice White Bra
58698,Women,Apparel,Topwear,Kurtas,Pink,Fall,2012,Ethnic,Alayna Women Pink Kurta
21650,Women,Apparel,Innerwear,Bra,Black,Fall,2012,Casual,Enamor Women Classique Black Bra
15465,Men,Apparel,Topwear,Jackets,Green,Fall,2011,Casual,Puma Men Rime Down Vest Green Jackets
40667,Women,Apparel,Topwear,Tops,Red,Summer,2012,Casual,Lee Women Red Top
56702,Men,Apparel,Topwear,Kurtas,Blue,Summer,2012,Ethnic,Fabindia Men Blue Kurta
32075,Men,Apparel,Innerwear,Briefs,Black,Summer,2016,Casual,Playboy Men Black Brief
30722,Boys,Apparel,Topwear,Kurtas,Maroon,Summer,2012,Ethnic,Fabindia Boys Printed Maroon Kurta
23335,Women,Apparel,Topwear,Tunics,Brown,Fall,2011,Casual,W Women Brown Tunic
14118,Men,Apparel,Bottomwear,Jeans,Blue,Fall,2011,Casual,Flying Machine Men Blue Jeans
14924,Men,Apparel,Topwear,Sweatshirts,Green,Fall,2011,Casual,Mr. Men Green Sweatshirt
27108,Women,Apparel,Topwear,Kurtas,Blue,Summer,2012,Ethnic,Aneri Women Priya Blue Kurta
46903,Men,Apparel,Bottomwear,Jeans,Blue,Summer,2012,Casual,Peter England Men Blue Jeans
19607,Women,Apparel,Topwear,Tops,Red,Summer,2011,Casual,United Colors of Benetton Women Solid Red Top
28140,Men,Apparel,Bottomwear,Shorts,Navy Blue,Summer,2016,Casual,Jockey SPORT Men Navy Blue Shorts 9411
51188,Women,Apparel,Innerwear,Bra,White,Fall,2012,Casual,Enamor White Bra
2558,Women,Apparel,Bottomwear,Track Pants,Black,Summer,2011,Casual,Domyos Women Trompette Track Pant
58005,Women,Apparel,Topwear,Tops,Black,Fall,2012,Casual,Latin Quarters Women Black & White Top
33508,Women,Apparel,Bottomwear,Skirts,Blue,Summer,2012,Casual,Doodle Kids Girl Washed Blue Skirt
8406,Men,Apparel,Bottomwear,Shorts,White,Fall,2011,Sports,ADIDAS Men M Rsp Short Sleeve White Shorts
16019,Men,Apparel,Bottomwear,Trousers,Grey,Fall,2011,Casual,Turtle Check Men Grey Trouser
28716,Women,Apparel,Topwear,Kurtas,Beige,Summer,2012,Ethnic,W Women Printed Beige Kurta
25835,Women,Apparel,Topwear,Kurtas,Multi,Summer,2012,Ethnic,Diva Women Printed Multi Coloured Kurta
39456,Women,Apparel,Topwear,Kurtas,White,Summer,2012,Ethnic,Diva Women White Printed Kurta
58653,Women,Apparel,Topwear,Kurtas,Pink,Summer,2012,Ethnic,ALayna Women Pink Kurta
52369,Women,Apparel,Loungewear and Nightwear,Nightdress,Yellow,Winter,2015,Casual,Red Rose Women Yellow Nightdress
34947,Women,Apparel,Topwear,Dupatta,Red,Summer,2012,Ethnic,Fabindia Women Printed Red Dupatta
17903,Women,Apparel,Bottomwear,Track Pants,Grey,Fall,2011,Sports,Nike Women Trainng Grey Track Pant
58495,Women,Apparel,Topwear,Tops,White,Summer,2012,Casual,Tonga Women Printed White Top
33198,Women,Apparel,Topwear,Tunics,Red,Summer,2012,Casual,Sepia Women Printed Red Tunic
53841,Women,Apparel,Topwear,Kurtas,Red,Summer,2012,Ethnic,Vishudh Women Red Kurta
38570,Women,Apparel,Bottomwear,Capris,Black,Summer,2012,Sports,Nike Womens Black Capris
40658,Women,Apparel,Topwear,Kurtas,Multi,Summer,2012,Ethnic,Span Women Multi Coloured Kurta
4831,Men,Apparel,Bottomwear,Track Pants,Black,Summer,2011,Sports,ADIDAS Men's Black White Stripes Track Pant
27598,Men,Apparel,Bottomwear,Trousers,Grey,Summer,2012,Casual,Scullers Men Check Grey Trousers
29402,Men,Apparel,Bottomwear,Trousers,Black,Summer,2012,Formal,Genesis Men Black Trousers
7688,Men,Apparel,Bottomwear,Shorts,Grey,Fall,2011,Sports,Puma Men's Logo Bermuda Grey Short
23138,Men,Apparel,Topwear,Sweatshirts,Blue,Fall,2011,Casual,Quechua Men  Fleece Blue Sweatshirt
15802,Men,Apparel,Innerwear,Briefs,Black,Summer,2016,Casual,Facit Men Trophy BKN Black Briefs
38326,Girls,Apparel,Topwear,Tops,Pink,Summer,2012,Casual,Hannah Montana Girls Pink Printed Top
18721,Women,Apparel,Topwear,Tops,Pink,Fall,2011,Casual,Arrow Women Deerie Pink Top
47019,Women,Apparel,Topwear,Kurtas,Green,Summer,2012,Ethnic,Shree Women Green & Red Kurta
9144,Women,Apparel,Bottomwear,Jeans,Blue,Summer,2013,Casual,Lee Women Scraped Blue Roxy Fit Jeans
59123,Men,Apparel,Topwear,Jackets,Black,Summer,2012,Casual,Just Natural Men Black Jacket
5789,Women,Apparel,Bottomwear,Shorts,White,Summer,2011,Casual,Jealous 21 Women's Blue White Checkered Short
53419,Women,Apparel,Topwear,Kurtas,Blue,Fall,2012,Ethnic,Alma Women Blue Printed Kurta
5109,Women,Apparel,Topwear,Tops,Black,Summer,2011,Casual,Wrangler Women Long Polka White Red Top
18393,Men,Apparel,Innerwear,Briefs,Blue,Summer,2016,Casual,Undercolors of Benetton Men Blue V-Brief
19241,Men,Apparel,Topwear,Jackets,Black,Fall,2010,Casual,Puma Men Lifestyle Track Black Jacket
28506,Men,Apparel,Bottomwear,Shorts,Black,Summer,2012,Sports,Nike Men Woven Black Shorts
34159,Girls,Apparel,Topwear,Tops,White,Summer,2012,Casual,Gini and Jony Girls Printed White Top
39474,Women,Apparel,Topwear,Kurtis,Beige,Summer,2012,Ethnic,Diva Women Beige Kurti
51398,Men,Apparel,Bottomwear,Shorts,White,Summer,2012,Casual,Myntra Men Green Check Shorts
14308,Men,Apparel,Topwear,Jackets,Black,Fall,2011,Casual,ADIDAS Men Solid Black Jackets
39010,Girls,Apparel,Topwear,Tops,Pink,Summer,2012,Casual,Gini and Jony Girls Kitch Peachy Pink Top
39222,Women,Apparel,Topwear,Tops,Black,Summer,2012,Casual,Femella Women Front Ruffle Black Top
11448,Women,Apparel,Topwear,Tops,Pink,Fall,2011,Casual,United Colors of Benetton Women Light Winter Pink Tops
19625,Women,Apparel,Topwear,Tops,Red,Summer,2011,Casual,United Colors of Benetton Women Solid Red Top
50844,Women,Apparel,Topwear,Dupatta,Cream,Summer,2012,Ethnic,Fabindia Women Printed Cream Dupatta
31873,Women,Apparel,Topwear,Dupatta,Orange,Summer,2012,Ethnic,Fabindia Women Orange Chanderi Dupatta
22458,Women,Apparel,Bottomwear,Leggings,Pink,Fall,2011,Casual,Myntra Women Pink Leggings
49969,Men,Apparel,Innerwear,Innerwear Vests,Grey,Summer,2016,Casual,Hanes Men Grey Innerwear Vest
27916,Women,Apparel,Bottomwear,Trousers,Grey,Summer,2012,Formal,Scullers For Her Grey Trousers
9166,Men,Apparel,Bottomwear,Jeans,Blue,Fall,2011,Casual,Locomotive Men Rafe Blue Jeans
29276,Women,Apparel,Topwear,Tops,Blue,Summer,2012,Casual,Wrangler Women Star Blue Top
17579,Men,Apparel,Bottomwear,Trousers,Grey,Fall,2011,Casual,Mark Taylor Men Solid Grey Trouser
59101,Women,Apparel,Innerwear,Briefs,Purple,Summer,2017,Casual,Peri Peri Women Purple Brief
15820,Men,Apparel,Innerwear,Innerwear Vests,White,Summer,2016,Casual,Facit Men Basic White Innerwear Vest
18703,Men,Apparel,Innerwear,Briefs,Grey,Summer,2016,Casual,Hanes Men Grey Hip Duo Dry Cotton Stretch Hip Briefs
30955,Women,Apparel,Topwear,Tops,Charcoal,Summer,2012,Ethnic,Fabindia Women Charcoal Grey Tussar Top
18367,Men,Apparel,Innerwear,Innerwear Vests,Grey,Summer,2016,Casual,Undercolors of Benetton Men Pack of 2 Vests
18969,Men,Apparel,Topwear,Sweaters,Blue,Fall,2011,Casual,United Colors of Benetton Men Solid Blue Sweater
39480,Women,Apparel,Topwear,Kurtis,Pink,Summer,2012,Ethnic,Diva Women Pink Kurti
31070,Women,Apparel,Topwear,Dupatta,Green,Summer,2012,Ethnic,Fabindia Women Green Silk Dupatta
27115,Women,Apparel,Innerwear,Bra,Beige,Summer,2017,Casual,Miss-T Beige Bra
7205,Women,Apparel,Topwear,Tops,Black,Fall,2011,Casual,Jealous 21 Women Shimmery Patch Black Top
49956,Men,Apparel,Bottomwear,Shorts,Black,Summer,2016,Casual,Hanes Men Black Panelled 3/4th Pants
50047,Women,Apparel,Innerwear,Bra,Skin,Winter,2015,Casual,Hanes Women Beige Moulded Tee Shirt Bra
27929,Women,Apparel,Bottomwear,Trousers,Brown,Summer,2012,Casual,Scullers For Her Brown Trousers
36255,Men,Apparel,Loungewear and Nightwear,Night suits,Grey,Summer,2016,Casual,SDL by Sweet Dreams Men Grey & Red Pyjama Set
14939,Men,Apparel,Bottomwear,Shorts,Beige,Fall,2011,Casual,Status Quo Men Solid Beige Shorts
41307,Girls,Apparel,Topwear,Tops,Black,Summer,2012,Casual,Gini and Jony Girls Black Top
5760,Women,Apparel,Topwear,Tops,Black,Summer,2011,Casual,Jealous 21 Women's Black Sequined Top
52522,Women,Apparel,Bottomwear,Jeans,Blue,Summer,2012,Casual,Pepe Jeans Women Blue Jeans
13112,Men,Apparel,Bottomwear,Shorts,Black,Fall,2011,Sports,ADIDAS Men Rsp Ds 7in Black Shorts
43662,Women,Apparel,Topwear,Tops,Purple,Summer,2012,Casual,ONLY Women Purple Top
8843,Men,Apparel,Bottomwear,Trousers,Beige,Summer,2011,Casual,Scullers Men Scul Beige Trousers
15681,Men,Apparel,Bottomwear,Trousers,Khaki,Fall,2011,Casual,Highlander Men Classic Chinos Khaki Trousers
33171,Women,Apparel,Topwear,Tops,Purple,Summer,2012,Casual,Sepia Women Purple Top
13576,Men,Apparel,Innerwear,Innerwear Vests,White,Summer,2016,Casual,Hanes Men Jersey VestPack Of 2 White Innerwear Vests
50611,Men,Apparel,Innerwear,Briefs,Black,Summer,2016,Casual,Chromozome Men Black Briefs
16004,Men,Apparel,Topwear,Sweaters,Grey,Fall,2011,Casual,Turtle Stripes Men Grey Sweaters
54083,Women,Apparel,Topwear,Kurtis,Teal,Summer,2012,Ethnic,Mumbai Slang Women Teal Kurti
34166,Girls,Apparel,Topwear,Tops,Magenta,Summer,2012,Casual,Gini and Jony Girls Purple Top
52374,Women,Apparel,Loungewear and Nightwear,Nightdress,Blue,Winter,2015,Casual,Red Rose Women Blue Nightdress
5136,Women,Apparel,Topwear,Tops,Pink,Summer,2011,Casual,Wrangler Women Yoke Tucks Checks Pink White Top
41763,Women,Apparel,Topwear,Tops,Beige,Summer,2012,Casual,Remanika Women Beige Top
11013,Women,Apparel,Topwear,Tops,Multi,Fall,2011,Casual,Wrangler Women Frill Check Multi Tops
15675,Men,Apparel,Bottomwear,Jeans,Blue,Fall,2011,Casual,Highlander Men High Original Blue Jeans
33185,Women,Apparel,Topwear,Tops,White,Summer,2012,Casual,Sepia Women White Top
13582,Men,Apparel,Innerwear,Innerwear Vests,White,Summer,2016,Casual,Hanes Men Pack of 2 Half Contrast Piping Ringer T-shirts
35272,Women,Apparel,Topwear,Tops,Red,Summer,2012,Casual,Lee Women Sherry Red Top
7695,Women,Apparel,Bottomwear,Track Pants,Red,Fall,2011,Casual,Urban Yoga Women's Bij Red Track Pant
51505,Women,Apparel,Bottomwear,Jeans,Blue,Summer,2012,Casual,Denizen Women Blue Jeans
52380,Women,Apparel,Loungewear and Nightwear,Nightdress,Blue,Winter,2015,Casual,Red Rose Women Blue Nightdress
53252,Men,Apparel,Bottomwear,Jeans,Blue,Summer,2012,Casual,Locomotive Men Blue Jeans
41797,Women,Apparel,Topwear,Tunics,Pink,Summer,2012,Casual,Remanika Women Printed Pink Tunic
32601,Women,Apparel,Topwear,Tops,Yellow,Summer,2012,Casual,ONLY Women Live Love Yellow Tube Top
38935,Girls,Apparel,Bottomwear,Leggings,Black,Summer,2012,Casual,Gini and Jony Girls Black Leggings
57898,Women,Apparel,Topwear,Tops,Orange,Fall,2012,Casual,Femella Women Multi Coloured Top
5794,Women,Apparel,Topwear,Tops,Black,Summer,2011,Casual,Jealous 21 Women Party Black Top
45561,Women,Apparel,Topwear,Tops,Pink,Winter,2012,Casual,Fila Women Pink Printed Top
51353,Women,Apparel,Bottomwear,Jeans,Navy Blue,Summer,2012,Casual,Spykar Women Blue Jeans
12808,Men,Apparel,Topwear,Jackets,Blue,Fall,2011,Sports,Nike Men Zip Pocket Blue Jackets
17926,Women,Apparel,Bottomwear,Capris,Grey,Fall,2011,Casual,Nike Women Casual Grey Capri
59750,Women,Apparel,Innerwear,Briefs,Cream,Summer,2014,Casual,Avirate Cream Brief
38767,Girls,Apparel,Bottomwear,Shorts,Pink,Summer,2012,Casual,Gini and Jony Girls Pink Shorts
10569,Women,Apparel,Topwear,Tops,White,Fall,2011,Casual,Puma Women Ess White Polo Tshirts
15827,Men,Apparel,Innerwear,Innerwear Vests,Navy Blue,Summer,2016,Casual,Facit Men Sportz Navy Blue Innerwear Vest
18704,Men,Apparel,Innerwear,Briefs,Blue,Summer,2016,Casual,Hanes Men Blue Ultimate Duo Dry Cotton Stretch Hip Briefs
26837,Men,Apparel,Bottomwear,Trousers,Khaki,Summer,2012,Casual,Highlander Men Khaki Trousers
30952,Women,Apparel,Topwear,Tops,Peach,Summer,2012,Ethnic,Fabindia Women Printed Peach Top
9161,Men,Apparel,Bottomwear,Jeans,Blue,Fall,2011,Casual,Locomotive Men Cairo Blue Jeans
59106,Men,Apparel,Topwear,Jackets,Black,Winter,2018,Casual,Just Natural Men Black Jacket
37945,Women,Apparel,Topwear,Tunics,White,Summer,2012,Casual,Mineral Women Soild White Tunic
20308,Women,Apparel,Topwear,Sweaters,Black,Fall,2011,Casual,Jealous 21 Women Solid Black Sweater
39225,Women,Apparel,Bottomwear,Trousers,Brown,Summer,2012,Casual,Femella Women Heart Print  Brown Trousers
19622,Women,Apparel,Topwear,Tops,Green,Summer,2011,Casual,United Colors of Benetton Women Solid Green Top
50843,Women,Apparel,Topwear,Dupatta,Purple,Summer,2012,Ethnic,Fabindia Women Purple Dupatta
43468,Women,Apparel,Loungewear and Nightwear,Night suits,Pink,Summer,2017,Casual,SDL by Sweet Dreams Women Pink Night suits
31874,Women,Apparel,Topwear,Dupatta,Blue,Fall,2012,Ethnic,Fabindia Women Blue Dupatta
27911,Women,Apparel,Bottomwear,Trousers,Black,Summer,2012,Formal,Scullers For Her Women Black Trousers
9195,Men,Apparel,Bottomwear,Jeans,Blue,Fall,2011,Casual,Spykar Men Style Essentials Kns 0542 Blue Jeans
5758,Women,Apparel,Topwear,Tops,White,Summer,2011,Casual,Jealous 21 Women's Multi Color Floral Top
57068,Women,Apparel,Topwear,Jackets,Blue,Summer,2012,Casual,Elle Women Navy Blue Jacket
16800,Men,Apparel,Bottomwear,Trousers,Black,Fall,2011,Casual,Highlander Men Solid Black Trouser
50629,Men,Apparel,Innerwear,Trunk,Black,Winter,2016,Casual,Chromozome Men Black Trunks
33975,Women,Apparel,Topwear,Tops,Brown,Summer,2012,Casual,Femella Women Brown Top
39473,Women,Apparel,Topwear,Kurtis,Black,Summer,2012,Ethnic,Diva Women Black Kurti
33149,Girls,Apparel,Bottomwear,Leggings,Pink,Summer,2012,Casual,Gini and Jony Girls Pink Leggings
18394,Men,Apparel,Innerwear,Briefs,Red,Summer,2016,Casual,Undercolors of Benetton Men Red V-Brief
19246,Men,Apparel,Topwear,Jackets,Blue,Fall,2011,Casual,Puma Men Foundation Padded Blue Jacket
28501,Men,Apparel,Bottomwear,Track Pants,Navy Blue,Summer,2012,Sports,Urban Yoga Men Navy Blue Track Pants
38932,Girls,Apparel,Bottomwear,Leggings,Pink,Summer,2012,Casual,Gini and Jony Girls Pink Leggings
43691,Girls,Apparel,Topwear,Tops,Yellow,Summer,2012,Casual,Doodle Girls Printed Yellow Top
18509,Men,Apparel,Topwear,Jackets,Black,Fall,2011,Casual,C Vox Men Bubble 1344 Black Jacket
51354,Women,Apparel,Bottomwear,Jeans,Blue,Summer,2012,Casual,Spykar Women Light Blue Jeans
26808,Men,Apparel,Bottomwear,Trousers,Grey,Summer,2013,Formal,Arrow Men Grey Striped Trousers
53631,Women,Apparel,Innerwear,Bra,Purple,Summer,2017,Casual,Amante Purple Bra-BGDR01
44686,Women,Apparel,Bottomwear,Leggings,Magenta,Summer,2012,Casual,Wills Lifestyle Women Magenta Leggings
15818,Men,Apparel,Innerwear,Innerwear Vests,White,Summer,2016,Casual,Facit Men Rib White Innerwear Vest
30535,Women,Apparel,Innerwear,Bra,Skin,Summer,2014,Casual,Lovable Skin Coloured Bra CES 421
42115,Men,Apparel,Bottomwear,Shorts,Black,Fall,2013,Casual,ADIDAS Men Black Shorts
51502,Women,Apparel,Bottomwear,Jeans,Blue,Summer,2012,Casual,Denizen Women Greenish Blue Jeans
52387,Women,Apparel,Loungewear and Nightwear,Nightdress,Lavender,Winter,2015,Casual,Red Rose Women Lavender  Nightdress
41790,Women,Apparel,Topwear,Tops,Magenta,Summer,2012,Casual,Remanika Women Magenta Top
32262,Women,Apparel,Topwear,Tunics,Green,Summer,2012,Ethnic,Fabindia Women Printed Green Tunic
24307,Men,Apparel,Topwear,Sweatshirts,Grey,Fall,2011,Casual,ADIDAS Men Grey Printed Sweatshirt
15672,Men,Apparel,Bottomwear,Jeans,Blue,Fall,2011,Casual,Highlander Men High Original Blue Jeans
37522,Boys,Apparel,Bottomwear,Shorts,White,Summer,2012,Casual,Madagascar3 Infant Boys White Shorts
24135,Men,Apparel,Topwear,Jackets,Black,Fall,2011,Casual,ADIDAS Men Black Jacket
33182,Women,Apparel,Topwear,Tops,Blue,Summer,2012,Casual,Sepia Women Blue Top
54084,Women,Apparel,Topwear,Tops,Blue,Summer,2012,Casual,Mumbai Slang Women Blue Top
31413,Men,Apparel,Innerwear,Innerwear Vests,Grey,Summer,2016,Casual,Spykar Men Grey Sporty Innerwear Vest
34161,Girls,Apparel,Topwear,Tops,Black,Summer,2012,Casual,Gini and Jony Girls Black Top
16231,Men,Apparel,Topwear,Sweatshirts,Black,Fall,2011,Casual,Puma Men Ess Hooded Black Sweatshirt
52373,Women,Apparel,Loungewear and Nightwear,Nightdress,Pink,Summer,2017,Casual,Red Rose Women Pink Nightdress
41764,Women,Apparel,Topwear,Tops,Red,Summer,2012,Casual,Remanika Women Red Top
1591,Men,Apparel,Bottomwear,Shorts,Red,Fall,2010,Sports,Kipsta Men Red Shorts
15686,Men,Apparel,Bottomwear,Trousers,Khaki,Fall,2011,Casual,Highlander Men Classic Chinos Khaki Trousers
18199,Women,Apparel,Topwear,Sweaters,Purple,Fall,2011,Casual,Jealous 21 Women Stripes Purple Sweater
13571,Men,Apparel,Innerwear,Innerwear Vests,Red,Summer,2016,Casual,Hanes Men Racer Back Red Innerwear Vests
50616,Men,Apparel,Innerwear,Briefs,Grey Melange,Summer,2016,Casual,Chromozome Men Grey Melange Brief
16003,Men,Apparel,Topwear,Sweaters,Grey,Fall,2011,Casual,Turtle Solid Men Grey Sweaters
5767,Women,Apparel,Topwear,Tops,Black,Summer,2011,Casual,Jealous 21 Women Sleevless Black V Nech Top
43665,Women,Apparel,Topwear,Tunics,Purple,Summer,2012,Casual,ONLY Women Purple Tunic
8844,Men,Apparel,Bottomwear,Trousers,Brown,Summer,2011,Casual,Scullers Men Scul Brown Trousers
9996,Women,Apparel,Topwear,Tops,Blue,Summer,2011,Casual,Palm Tree Girls Sp Jelly Top Blue Tops
43457,Women,Apparel,Topwear,Kurtis,Blue,Summer,2012,Ethnic,Global Desi Women Blue Tunic
49951,Men,Apparel,Loungewear and Nightwear,Lounge Pants,Black,Summer,2016,Casual,Hanes Men Black Knitted Lounge Pants
7202,Women,Apparel,Topwear,Tops,Blue,Fall,2011,Casual,Jealous 21 Women Band With Blue Top
50040,Women,Apparel,Innerwear,Bra,White,Winter,2015,Casual,Hanes Women White Concealing Petals Underwire Moulded Bra
14102,Women,Apparel,Topwear,Tops,Brown,Fall,2011,Casual,Flying Machine Women Solid Brown Tops
20337,Men,Apparel,Topwear,Sweatshirts,Red,Fall,2011,Sports,Nike Men Solid Red Sweatshirt
36252,Men,Apparel,Loungewear and Nightwear,Night suits,Black,Summer,2016,Casual,SDL by Sweet Dreams Men Black & Red Pyjama Set
33720,Women,Apparel,Bottomwear,Leggings,Green,Fall,2012,Casual,Pieces Women Green Leggings
18732,Women,Apparel,Topwear,Tops,Off White,Fall,2011,Casual,Arrow Woman Ann Off White Top
29849,Men,Apparel,Bottomwear,Trousers,Brown,Summer,2012,Casual,Basics Men Brown Trousers
15811,Men,Apparel,Innerwear,Briefs,Black,Summer,2016,Casual,Facit Men Trophy BF Black Briefs
38335,Girls,Apparel,Topwear,Tops,Red,Summer,2012,Casual,Mr. Men Little Miss Girls Red Printed Top
59130,Men,Apparel,Topwear,Jackets,Black,Summer,2012,Casual,Just Natural Men Black Jacket
57896,Women,Apparel,Bottomwear,Shorts,Off White,Summer,2012,Casual,Femella Women Off White Shorts
12806,Men,Apparel,Topwear,Sweatshirts,Grey,Fall,2011,Sports,Nike Men Zip Grey Sweatshirts
38563,Men,Apparel,Bottomwear,Shorts,Orange,Summer,2012,Casual,Nike Men Orange & Charcoal Shorts
17910,Men,Apparel,Topwear,Sweatshirts,Black,Fall,2011,Sports,Nike Men Sptcas Black Sweatshirt
18958,Men,Apparel,Topwear,Sweaters,Blue,Fall,2011,Casual,United Colors of Benetton Men Stripes Blue Sweater
54079,Women,Apparel,Topwear,Kurtis,Black,Summer,2012,Ethnic,Mumbai Slang Women Black Kurti
41799,Women,Apparel,Topwear,Tops,Yellow,Summer,2012,Casual,Remanika Women Yellow Top
44811,Women,Apparel,Topwear,Tops,Pink,Summer,2012,Casual,Spykar Women Pink Top
13578,Men,Apparel,Innerwear,Innerwear Vests,Red,Summer,2016,Casual,Hanes Men Pack of 2 Half Contrast Piping Ringer T-shirts
46910,Men,Apparel,Bottomwear,Jeans,Black,Summer,2012,Casual,Peter England Men Black Jeans
28153,Men,Apparel,Innerwear,Innerwear Vests,White,Summer,2016,Casual,Jockey SPORT Men White Innerwear Vest 9925
49958,Men,Apparel,Bottomwear,Shorts,Black,Summer,2016,Casual,Hanes Men Black Athletic 3/4th Pants
11479,Women,Apparel,Topwear,Tops,Purple,Fall,2011,Casual,United Colors of Benetton Women Light Winter Purple Tops
41309,Girls,Apparel,Topwear,Tops,Peach,Summer,2012,Casual,Gini and Jony Girls Woven Peach Top
14937,Men,Apparel,Bottomwear,Shorts,Olive,Fall,2011,Casual,Status Quo Men Solid Olive Shorts
20791,Men,Apparel,Topwear,Jackets,Black,Fall,2011,Casual,Basics Men Black Blazer Jacket
21643,Women,Apparel,Innerwear,Bra,Skin,Summer,2014,Casual,Enamor Women Smooth Skin Bra
40674,Women,Apparel,Topwear,Tops,Blue,Summer,2012,Casual,Lee Women Blue Top
24331,Women,Apparel,Bottomwear,Track Pants,Grey,Fall,2011,Sports,ADIDAS Women Grey Track Pants
32254,Women,Apparel,Topwear,Kurtis,White,Summer,2012,Ethnic,Fabindia Women Printed White Kurti
13781,Men,Apparel,Bottomwear,Trousers,Grey,Fall,2011,Formal,Belmonte Men Solid Grey Trousers
18369,Men,Apparel,Innerwear,Innerwear Vests,White,Summer,2016,Casual,Undercolors of Benetton Men Pack of 2 Innerwear Vests
37514,Boys,Apparel,Bottomwear,Leggings,Yellow,Summer,2012,Casual,Madagascar3 Infant Boys Lemon Yellow Leggings
15644,Men,Apparel,Bottomwear,Shorts,Navy Blue,Winter,2014,Sports,Nike Men As Df Crckt Navy Blue Shorts
10336,Women,Apparel,Topwear,Tops,Black,Fall,2011,Casual,United Colors of Benetton Women Stripes Black Tops
32066,Men,Apparel,Innerwear,Briefs,Navy Blue,Summer,2016,Casual,Playboy Men Navy Blue Brief
9168,Men,Apparel,Bottomwear,Jeans,Blue,Fall,2011,Casual,Locomotive Men Radley Blue Jeans
2580,Women,Apparel,Bottomwear,Capris,Black,Summer,2011,Sports,Domyos Women Black Capri
54610,Men,Apparel,Innerwear,Briefs,Navy Blue,Summer,2016,Casual,Jockey ELANCE Men Navy Briefs 1009
31287,Men,Apparel,Bottomwear,Shorts,Black,Summer,2012,Casual,Puma Men Dazzle Black Shorts
17577,Men,Apparel,Bottomwear,Trousers,Grey,Fall,2011,Casual,Mark Taylor Men Solid Grey Trouser
12839,Women,Apparel,Bottomwear,Skirts,Black,Fall,2011,Casual,Ant Kids Pleated Black Skirts
51362,Women,Apparel,Bottomwear,Jeans,Blue,Summer,2012,Casual,Spykar Women Blue Jeans
53435,Men,Apparel,Topwear,Jackets,Black,Summer,2012,Sports,ADIDAS Men Black Jacket
32402,Women,Apparel,Topwear,Tops,Pink,Summer,2012,Casual,Arrow Woman Printed Multi Coloured Top
57095,Women,Apparel,Bottomwear,Shorts,Black,Summer,2012,Casual,Elle Women Black Culottes
36290,Women,Apparel,Loungewear and Nightwear,Night suits,Grey,Summer,2017,Casual,SDL by Sweet Dreams Women Grey & Green Night suits
15012,Men,Apparel,Topwear,Jackets,Blue,Fall,2011,Sports,ADIDAS Men Solid Blue Jackets
24755,Men,Apparel,Bottomwear,Jeans,Blue,Summer,2011,Casual,Spykar Men Blue Jeans
6312,Women,Apparel,Topwear,Tops,White,Summer,2011,Casual,UCB Women's Basic Racerback White Top
2574,Women,Apparel,Bottomwear,Shorts,Grey,Summer,2011,Casual,Domyos Women's Grey Short
19419,Men,Apparel,Bottomwear,Shorts,Black,Fall,2011,Casual,Quiksilver Men Black Printed Shorts
51396,Men,Apparel,Bottomwear,Shorts,Navy Blue,Summer,2012,Casual,Myntra Men Navy Blue Check Shorts
14306,Men,Apparel,Topwear,Sweatshirts,Navy Blue,Fall,2011,Casual,ADIDAS Men Printed Navy Blue Sweatshirts
20133,Women,Apparel,Topwear,Tops,Red,Fall,2011,Casual,Wrangler Women Ribbed Red Top
36264,Women,Apparel,Loungewear and Nightwear,Night suits,Pink,Summer,2017,Casual,SDL by Sweet Dreams Women Pink Playsuit
14134,Women,Apparel,Bottomwear,Track Pants,Grey,Fall,2011,Sports,Nike Women Solid Grey Track Pants
20301,Women,Apparel,Topwear,Sweaters,Magenta,Fall,2011,Casual,Jealous 21 Women Solid Magenta Sweater
44644,Women,Apparel,Topwear,Tops,Black,Summer,2012,Casual,Arrow Woman Black Top
43461,Women,Apparel,Loungewear and Nightwear,Night suits,Black,Summer,2017,Casual,SDL by Sweet Dreams Women Black Jumpsuit
28950,Women,Apparel,Topwear,Kurtis,Pink,Summer,2012,Ethnic,BIBA OUTLET Women Pink Kurti
27918,Women,Apparel,Bottomwear,Trousers,Grey,Summer,2012,Formal,Scullers For Her Women Grey Trousers
22456,Women,Apparel,Bottomwear,Leggings,Blue,Fall,2011,Casual,Myntra Women Blue Leggings
49967,Men,Apparel,Innerwear,Briefs,White,Summer,2016,Casual,Hanes Men White Pack of Two Premium Bikini Briefs
15482,Women,Apparel,Bottomwear,Capris,Black,Fall,2011,Casual,Puma Women TP Cuffed Black Capris
52345,Women,Apparel,Loungewear and Nightwear,Nightdress,Blue,Winter,2015,Casual,Red Rose Women Blue Nightdress
31425,Men,Apparel,Bottomwear,Trousers,Grey,Summer,2012,Casual,Highlander Men Grey Trousers
16207,Men,Apparel,Topwear,Sweatshirts,Grey,Fall,2011,Casual,Puma Men Cheveron Wording Grey SweatShirt
2110,Women,Apparel,Bottomwear,Track Pants,Tan,Fall,2010,Sports,ADIDAS Women Very Berry Lycra Track Pants
46745,Men,Apparel,Bottomwear,Track Pants,Charcoal,Summer,2012,Sports,Nike Men Black Track Pants
50620,Men,Apparel,Innerwear,Briefs,Navy Blue,Summer,2016,Casual,Chromozome Men Navy Blue Brief
57405,Women,Apparel,Innerwear,Briefs,Red,Winter,2015,Casual,Amante Women Red Briefs PGPT01
25025,Women,Apparel,Topwear,Jackets,Purple,Fall,2011,Sports,Nike Women Vapor Purple Jacket
27920,Women,Apparel,Bottomwear,Trousers,Black,Summer,2012,Formal,Scullers For Her Black Trousers
15688,Men,Apparel,Bottomwear,Trousers,Beige,Fall,2011,Casual,Highlander Men Classic Chinos Beige Trousers
44816,Women,Apparel,Bottomwear,Jeans,Blue,Summer,2012,Casual,Spykar Women Blue Jeans
18197,Men,Apparel,Bottomwear,Trousers,Navy Blue,Fall,2011,Casual,Highlander Men Solid Navy Blue Trouser
6588,Women,Apparel,Bottomwear,Track Pants,Grey,Summer,2011,Sports,Nike Women's Bold Nylon Grey Track Pant
50618,Men,Apparel,Innerwear,Briefs,Grey,Summer,2016,Casual,Chromozome Men Grey Brief
24309,Men,Apparel,Bottomwear,Shorts,Grey,Fall,2011,Casual,ADIDAS Men Grey Shorts
4825,Men,Apparel,Bottomwear,Track Pants,Grey,Summer,2011,Sports,ADIDAS Men's Woven Lead White Track Pant
17917,Men,Apparel,Topwear,Sweatshirts,Purple,Fall,2011,Sports,Nike Men Purple Sweatshirt
9150,Women,Apparel,Bottomwear,Jeans,Black,Summer,2013,Casual,Lee Black Maxi Super-Skinny Jeans
26806,Men,Apparel,Bottomwear,Trousers,Charcoal,Summer,2013,Formal,Arrow Men Charcoal Flat Front Trousers
15816,Men,Apparel,Innerwear,Briefs,Maroon,Summer,2016,Casual,Facit Men Trophy BKN Maroon Briefs
2117,Men,Apparel,Bottomwear,Shorts,Grey,Fall,2010,Sports,ADIDAS Men Grey  Capris
46742,Women,Apparel,Bottomwear,Track Pants,Grey,Summer,2012,Sports,Nike Women Grey Track Pants
50627,Men,Apparel,Innerwear,Briefs,Navy Blue,Winter,2016,Casual,Chromozome Men Navy Blue Briefs
33147,Girls,Apparel,Bottomwear,Jeans,Blue,Summer,2012,Casual,Gini and Jony Girls Blue Jeans
57402,Women,Apparel,Innerwear,Briefs,Maroon,Winter,2015,Casual,Amante Women Maroon Briefs PGDI03
15485,Women,Apparel,Bottomwear,Track Pants,Black,Fall,2011,Sports,Puma Women TP Funky Workout Black Track Pants
52342,Women,Apparel,Loungewear and Nightwear,Nightdress,Pink,Winter,2015,Casual,Red Rose Women Pink Nightdress
31422,Men,Apparel,Bottomwear,Shorts,White,Summer,2012,Sports,Nike Men White Shorts
6785,Men,Apparel,Topwear,Jackets,Red,Summer,2011,Casual,Timberland Men Falmouth Cycling Jac Red Jacket
54889,Men,Apparel,Topwear,Sweatshirts,Olive,Summer,2012,Casual,Do u speak green Men Olive Sweatshirt
36263,Men,Apparel,Loungewear and Nightwear,Night suits,Navy Blue,Summer,2016,Casual,SDL by Sweet Dreams Men Navy Blue Pyjama Set
20306,Women,Apparel,Topwear,Sweaters,Blue,Fall,2011,Casual,Jealous 21 Women Solid Blue Sweater
41331,Women,Apparel,Topwear,Dupatta,Burgundy,Fall,2012,Ethnic,Aurelia Women Wine Dupatta
43466,Women,Apparel,Loungewear and Nightwear,Night suits,Pink,Summer,2017,Casual,SDL by Sweet Dreams Women Pink Night suits
16664,Men,Apparel,Topwear,Sweatshirts,Black,Fall,2011,Casual,Fila Men Squid Black Sweater
51391,Men,Apparel,Innerwear,Boxers,Blue,Summer,2012,Casual,Myntra Men Blue Boxer
57066,Women,Apparel,Topwear,Jackets,Pink,Summer,2012,Casual,Elle Women Pink Jacket
15015,Men,Apparel,Topwear,Sweatshirts,Black,Fall,2011,Sports,ADIDAS Men Printed Black Sweatshirts
32637,Women,Apparel,Bottomwear,Capris,Blue,Summer,2012,Sports,Nike Women Legend Tight Blue Capris
54617,Men,Apparel,Innerwear,Briefs,White,Winter,2016,Casual,Jockey ELANCE Men White Brief 1010
8881,Men,Apparel,Bottomwear,Trousers,Navy Blue,Summer,2011,Casual,Scullers Men Scul Navy Blue Trousers
51365,Women,Apparel,Bottomwear,Jeans,Blue,Summer,2012,Casual,Spykar  Women Blue Jeans
32405,Women,Apparel,Bottomwear,Trousers,Navy Blue,Fall,2012,Formal,Arrow Woman Navy Blue Trousers
40025,Men,Apparel,Bottomwear,Track Pants,Black,Summer,2012,Casual,ADIDAS Men Black Track Pants
57092,Women,Apparel,Bottomwear,Skirts,Off White,Summer,2012,Casual,Elle Women Off White Skirt
17928,Men,Apparel,Bottomwear,Track Pants,Black,Fall,2011,Sports,Nike Men Casual Black Track Pant
7491,Women,Apparel,Bottomwear,Shorts,Pink,Summer,2011,Sports,Nike Women's EM Tempo 3.5" Pink Short
18960,Women,Apparel,Topwear,Sweatshirts,Blue,Fall,2011,Casual,United Colors of Benetton Women Solid Blue Sweatshirt
15643,Men,Apparel,Bottomwear,Track Pants,Black,Fall,2011,Sports,Nike Men AS Team Woven Black Track Pants
21476,Women,Apparel,Topwear,Sweatshirts,Grey,Winter,2012,Casual,Roxy Women Grey Printed Sweatshirt
21644,Women,Apparel,Innerwear,Bra,White,Fall,2012,Casual,Enamor Women Smooth White Bra
32253,Women,Apparel,Topwear,Kurtis,White,Summer,2012,Ethnic,Fabindia Women Printed White Kurti
13786,Men,Apparel,Topwear,Sweaters,Grey,Fall,2011,Casual,Proline Grey Sweater with Knitted Stripes
50441,Men,Apparel,Innerwear,Briefs,Grey Melange,Summer,2016,Casual,Chromozome Men Briefs
31476,Men,Apparel,Bottomwear,Trousers,Charcoal,Summer,2012,Casual,Black Coffee Men Striped Charcoal Trousers
34938,Women,Apparel,Topwear,Dupatta,Blue,Summer,2012,Ethnic,Fabindia Off White Chanderi Dupatta
27513,Women,Apparel,Innerwear,Briefs,Skin,Winter,2015,Casual,Jockey Lace Stretch Skin Bikini Brief
41701,Men,Apparel,Bottomwear,Shorts,Navy Blue,Summer,2012,Casual,DC Comics Men Navy Blue Printed Shorts
11243,Women,Apparel,Bottomwear,Jeans,Blue,Fall,2011,Casual,Flying Machine Women Lowrise Blue Jeans
19812,Men,Apparel,Topwear,Sweatshirts,Navy Blue,Fall,2011,Casual,U.S. Polo Assn. Men Solid Navy Blue Sweatshirt
16066,Men,Apparel,Bottomwear,Trousers,Black,Fall,2011,Casual,Highlander Men Solid Black Trouser
50673,Men,Apparel,Innerwear,Trunk,Black,Summer,2016,Casual,Chromozome Men Black Trunks
28769,Women,Apparel,Topwear,Kurtis,White,Summer,2012,Ethnic,Aurelia Women Printed White & Red Kurti
13514,Women,Apparel,Bottomwear,Skirts,Blue,Fall,2011,Casual,Palm Tree Women Washed Blue Skirts
40085,Men,Apparel,Bottomwear,Shorts,White,Winter,2014,Casual,ADIDAS Men White Chelsea Shorts
53492,Women,Apparel,Innerwear,Bra,White,Winter,2015,Casual,Amante White Push-Up Bra BFCV11
50025,Women,Apparel,Bottomwear,Leggings,Nude,Winter,2015,Casual,Hanes Women Nude ComfortSoft Waistband Cotton Stretch Full Leggings
54485,Men,Apparel,Innerwear,Briefs,Black,Summer,2016,Casual,Hanes Men Pack of Two Premium Bikini Briefs
13342,Women,Apparel,Bottomwear,Capris,Purple,Fall,2011,Casual,Gini and Jony Kids Girls Solid Purple Capris
43432,Women,Apparel,Topwear,Tunics,Mustard,Summer,2012,Casual,Global Desi Women Mustard Tunic
28903,Women,Apparel,Innerwear,Briefs,Blue,Summer,2012,Casual,Enamor Women Blue Brief
12290,Men,Apparel,Bottomwear,Trousers,Black,Fall,2011,Formal,Genesis Men Solid Black Trousers
57200,Women,Apparel,Topwear,Tunics,Off White,Summer,2012,Casual,Elle Women Off White Tunic
20194,Men,Apparel,Topwear,Sweatshirts,White,Fall,2011,Casual,Wrangler Men Seattle Embro White Sweatshirt
53466,Women,Apparel,Innerwear,Bra,Maroon,Summer,2018,Casual,Amante Maroon Full-Coverage Lace Bra BCLC12
47254,Men,Apparel,Innerwear,Briefs,Burgundy,Summer,2016,Casual,FCUK Underwear Men Burgundy Brief
55791,Women,Apparel,Loungewear and Nightwear,Night suits,Black,Summer,2017,Casual,SDL by Sweet Dreams Women Black & Grey Night Suit 314771
27183,Men,Apparel,Bottomwear,Trousers,Charcoal,Summer,2012,Formal,Mark Taylor Men Striped Charcoal Trousers
42514,Women,Apparel,Topwear,Kurtis,Blue,Summer,2012,Ethnic,Mother Earth Women Blue Kurti
15041,Men,Apparel,Topwear,Sweatshirts,Grey,Fall,2011,Casual,ADIDAS Men Printed Grey Sweatshirts
23147,Women,Apparel,Topwear,Sweatshirts,Black,Fall,2011,Casual,Quechua Women Fleece Black Sweatshirt
21610,Women,Apparel,Innerwear,Bra,Black,Summer,2014,Casual,Enamor Women Smooth Black Bra
39240,Women,Apparel,Loungewear and Nightwear,Nightdress,Brown,Summer,2017,Casual,Femella Women Brown Nightdress
36208,Boys,Apparel,Topwear,Jackets,Black,Summer,2012,Casual,Gini Jony Boys Black Jacket
27974,Men,Apparel,Innerwear,Innerwear Vests,White,Summer,2016,Casual,Jockey SP-OW Men White Innerwear T-shirt SP12
28100,Men,Apparel,Innerwear,Briefs,Black,Summer,2016,Casual,Jockey COMFPLUS Men Black Y Front Briefs 8004
22608,Men,Apparel,Topwear,Jackets,Navy Blue,Fall,2011,Sports,Nike Men Solid Navy Blue Jacket
19475,Men,Apparel,Topwear,Sweatshirts,Navy Blue,Summer,2012,Casual,Quiksilver Men Navy Blue Nautical Sweatshirt
8022,Men,Apparel,Bottomwear,Track Pants,Navy Blue,Fall,2011,Sports,Fila Men's Single Tipped Woven Navy White Track Pant
16059,Men,Apparel,Bottomwear,Trousers,Olive,Fall,2011,Casual,Highlander Men Solid Olive Trouser
29684,Men,Apparel,Bottomwear,Trousers,Charcoal,Summer,2012,Formal,Indigo Nation Men Charcoal Trousers
19011,Women,Apparel,Bottomwear,Track Pants,Purple,Summer,2011,Casual,ADIDAS Originals Women Flock Purple Track Pants
49761,Women,Apparel,Bottomwear,Leggings,White,Summer,2012,Casual,Vishudh White Leggings
31449,Men,Apparel,Bottomwear,Shorts,Black,Summer,2012,Sports,Nike Men Training Black Shorts
34907,Women,Apparel,Topwear,Dupatta,Red,Summer,2012,Ethnic,Fabindia Red Hand Printed Kota Dupatta
11288,Men,Apparel,Bottomwear,Jeans,NA,Fall,2016,Casual,Wrangler Men Blue Texas Jeans
15628,Men,Apparel,Topwear,Sweatshirts,Black,Fall,2011,Casual,Nike Men AS Squad FT FZ Hoody Black Sweatshirt
59735,Women,Apparel,Innerwear,Briefs,Pink,Summer,2017,Casual,Avirate Pink & Black Brief
14990,Men,Apparel,Topwear,Sweaters,Black,Fall,2011,Casual,ADIDAS Men Solid Black Sweaters
27980,Men,Apparel,Innerwear,Briefs,Black,Summer,2016,Casual,Jockey ZONE Men Zone Black Brief US14
30937,Women,Apparel,Topwear,Kurtis,Green,Summer,2012,Ethnic,Fabindia Women Printed Green Kurti
19481,Men,Apparel,Bottomwear,Shorts,Black,Summer,2012,Casual,Quiksilver Men Striped Black Shorts
38154,Men,Apparel,Topwear,Jackets,Black,Summer,2012,Casual,Wildcraft Men Black Husky Jacket
15610,Men,Apparel,Bottomwear,Shorts,Black,Fall,2011,Sports,Nike Men Trainng Black Shorts
50680,Men,Apparel,Innerwear,Trunk,White,Summer,2016,Casual,Chromozome Men White Trunks
23140,Women,Apparel,Topwear,Sweatshirts,Grey,Fall,2011,Casual,Quechua Women  Fleece Grey Sweatshirt
4849,Women,Apparel,Bottomwear,Capris,Black,Summer,2011,Sports,ADIDAS Women Tight Black Capri
21617,Women,Apparel,Innerwear,Bra,Skin,Summer,2014,Casual,Enamor Women Smooth Skin Bra
27184,Men,Apparel,Bottomwear,Trousers,Black,Summer,2012,Formal,Mark Taylor Men Striped Black Trousers
42513,Women,Apparel,Topwear,Kurtis,Red,Summer,2012,Ethnic,Mother Earth Women Red Kurti
15046,Boys,Apparel,Topwear,Sweatshirts,Red,Fall,2011,Casual,ADIDAS Kids Boys Solid Red Sweatshirts
32456,Men,Apparel,Bottomwear,Track Pants,Black,Spring,2013,Sports,ADIDAS Men Black Track Pants
53461,Women,Apparel,Innerwear,Bra,Black,Winter,2015,Casual,Amante Black T-Shirt Bra
20193,Men,Apparel,Topwear,Sweatshirts,Grey,Fall,2011,Casual,Wrangler Men Seattle Embro Grey Sweatshirt
47253,Men,Apparel,Innerwear,Briefs,Blue,Summer,2016,Casual,FCUK Underwear Men Blue Brief
9900,Men,Apparel,Bottomwear,Jeans,Blue,Fall,2011,Casual,Spykar Men Actif Fit Low Waist Blue Jeans
55796,Women,Apparel,Loungewear and Nightwear,Night suits,Black,Summer,2017,Casual,SDL by Sweet Dreams Women Black Printed Night Suit 319371
28138,Men,Apparel,Bottomwear,Shorts,Black,Summer,2016,Casual,Jockey SPORT Men Black Knit Sport Shorts 9411
50022,Women,Apparel,Bottomwear,Leggings,Grey Melange,Winter,2015,Casual,Hanes Women Pink Comfortsoft Waistband Cotton - Stretch Lace Capri Leggings
49933,Men,Apparel,Innerwear,Briefs,Black,Summer,2016,Casual,Hanes Men Black Pack of 2 Hip Briefs 83C002-002
28904,Women,Apparel,Innerwear,Briefs,Blue,Summer,2012,Casual,Enamor Women Blue Boy-Shorts Bikini Brief
54482,Men,Apparel,Innerwear,Briefs,Olive,Summer,2016,Casual,Hanes Men Pack of Two Premium Bikini Briefs
13345,Women,Apparel,Bottomwear,Capris,White,Fall,2011,Casual,Gini and Jony Kids Girls Solid White Capris
57207,Women,Apparel,Bottomwear,Capris,Blue,Fall,2012,Casual,Kraus Jeans Women Blue Capris
40082,Men,Apparel,Bottomwear,Shorts,Navy Blue,Winter,2014,Casual,ADIDAS Men Navy Blue Short
52547,Women,Apparel,Bottomwear,Jeans,Blue,Summer,2012,Casual,Pepe Jeans Women Blue Jeans
11244,Women,Apparel,Bottomwear,Jeans,Blue,Fall,2011,Casual,Flying Machine Women Lowrise Blue Jeans
16061,Men,Apparel,Bottomwear,Trousers,Olive,Fall,2011,Casual,Highlander Men Solid Olive Trouser
19815,Men,Apparel,Topwear,Sweatshirts,Green,Fall,2011,Casual,U.S. Polo Assn. Men Solid Green Sweatshirt
50674,Men,Apparel,Innerwear,Trunk,Black,Summer,2016,Casual,Chromozome Men Pack of Two Black Trunks
49759,Women,Apparel,Bottomwear,Leggings,Red,Summer,2012,Casual,Vishudh Red Leggings
50446,Men,Apparel,Innerwear,Briefs,Black,Summer,2016,Casual,Chromozome Men Pack of Two Briefs
43051,Men,Apparel,Bottomwear,Shorts,White,Summer,2012,Sports,Nike Men White FFF Shorts
27514,Women,Apparel,Innerwear,Briefs,White,Winter,2015,Casual,Jockey Lace Stretch White Bikini Brief
11076,Men,Apparel,Topwear,Sweaters,Black,Fall,2011,Casual,Scullers Men Stripes Black Sweaters
6977,Men,Apparel,Bottomwear,Shorts,Green,Summer,2011,Casual,s.Oliver Men Pin Striped Olive Green Cargo Shorts
19486,Men,Apparel,Innerwear,Briefs,Blue,Summer,2016,Casual,Levis Men Jazz Stripes Blue Brief
37927,Women,Apparel,Topwear,Tunics,Pink,Summer,2012,Casual,Mineral Women Pink Tunic
14997,Men,Apparel,Topwear,Sweaters,Navy Blue,Fall,2011,Casual,ADIDAS Men Solid Navy Blue Sweaters
15079,Women,Apparel,Topwear,Tunics,Green,Fall,2011,Ethnic,Mother Earth Women Printed Green Tunics
27987,Men,Apparel,Innerwear,Briefs,White,Fall,2016,Casual,Jockey ZONE Men Zone White Brief US14
9331,Men,Apparel,Bottomwear,Shorts,Blue,Fall,2011,Casual,Puma Men Chino Blue Shorts
21628,Women,Apparel,Innerwear,Bra,Pink,Fall,2012,Casual,Enamor Women Lift Pink Bra
18302,Women,Apparel,Topwear,Kurtis,Green,Fall,2011,Ethnic,Aneri Women Kavita Green Kurti
29677,Men,Apparel,Bottomwear,Trousers,Olive,Summer,2012,Casual,Indigo Nation Men Olive Trousers
24168,Women,Apparel,Topwear,Kurtis,Orange,Fall,2011,Ethnic,Aurelia Women Orange Striped Kurti
42980,Men,Apparel,Innerwear,Boxers,Red,Summer,2016,Casual,FCUK Red & White Boxers
34900,Women,Apparel,Topwear,Dupatta,Green,Summer,2012,Ethnic,Fabindia Women Printed Green Dupatta
29683,Men,Apparel,Bottomwear,Trousers,Black,Summer,2012,Casual,Indigo Nation Men Black Trouser
51799,Women,Apparel,Loungewear and Nightwear,Nightdress,Blue,Summer,2016,Casual,Bwitch Blue Nightdress
19472,Men,Apparel,Topwear,Sweatshirts,Blue,Summer,2012,Casual,Quiksilver Men Blue Sweatshirt
28107,Men,Apparel,Innerwear,Trunk,Grey Melange,Summer,2016,Casual,Jockey MODERN CLASSIC Men Grey Melange Trunks 8009
27973,Men,Apparel,Innerwear,Innerwear Vests,Green,Summer,2016,Casual,Jockey SP-OW Men Green Innerwear Vest SP12
19640,Women,Apparel,Topwear,Sweatshirts,Purple,Fall,2011,Casual,United Colors of Benetton Women Solid Purple Sweatshirt
30939,Women,Apparel,Topwear,Kurtis,Beige,Summer,2012,Ethnic,Fabindia Women Printed Beige Kurti
47265,Men,Apparel,Innerwear,Briefs,Black,Summer,2016,Casual,FCUK Underwear Men Black Striped Brief
17515,Women,Apparel,Topwear,Sweaters,Pink,Fall,2011,Casual,Jealous 21 Women Solid Pink Sweater
26252,Men,Apparel,Bottomwear,Track Pants,Grey Melange,Summer,2012,Casual,Proline Men Grey Melange Track Pants
6526,Women,Apparel,Bottomwear,Track Pants,Black,Summer,2011,Sports,Nike Women's Strong Poly Black Track Pant
11286,Men,Apparel,Bottomwear,Jeans,Black,Summer,2016,Casual,Wrangler Men Black Millard Jeans
15626,Men,Apparel,Topwear,Jackets,Red,Fall,2011,Sports,Nike Men AS Manu Auth CL N98 Red Jackets
21621,Women,Apparel,Innerwear,Bra,Lavender,Summer,2014,Casual,Enamor Women Lavender Bra
50484,Men,Apparel,Innerwear,Briefs,Red,Summer,2016,Casual,Chromozome Men Dark Red Briefs
50642,Men,Apparel,Innerwear,Innerwear Vests,Red,Winter,2016,Casual,Chromozome Men Red Innerwear Vest
16057,Men,Apparel,Bottomwear,Trousers,Brown,Fall,2011,Casual,Highlander Men Solid Brown Trouser
13525,Women,Apparel,Topwear,Tunics,White,Fall,2011,Casual,Scullers For Her Women Instyle White Tunics
14700,Men,Apparel,Bottomwear,Trousers,Khaki,Fall,2011,Casual,Basics Men Khaki Trousers
37582,Girls,Apparel,Bottomwear,Shorts,White,Summer,2012,Casual,Madagascar3 Girls White Shorts
50470,Men,Apparel,Innerwear,Trunk,Navy Blue,Winter,2016,Casual,Chromozome Men Navy Blue Trunks
30595,Men,Apparel,Bottomwear,Shorts,Grey,Summer,2012,Sports,Nike Men Woven Grey Shorts
34909,Women,Apparel,Topwear,Dupatta,Brown,Summer,2012,Ethnic,Fabindia Printed Brown Cotton Silk Dupatta
31447,Men,Apparel,Bottomwear,Shorts,Navy Blue,Summer,2012,Sports,Nike Men Running Navy Blue Shorts
41354,Women,Apparel,Bottomwear,Jeans,Black,Summer,2012,Casual,Wrangler Women Black Giselle Jeans
50014,Men,Apparel,Innerwear,Innerwear Vests,Grey,Summer,2016,Casual,Hanes Men Grey Duo Dry Cotton Stretch Muscle T-shirt
38992,Boys,Apparel,Topwear,Jackets,Blue,Summer,2012,Casual,Gini and Jony Boys Rodeo Blue Jacket
23149,Men,Apparel,Topwear,Jackets,Black,Fall,2011,Casual,Quechua Men Warm Fleece Black Jacket
59704,Women,Apparel,Innerwear,Briefs,Red,Summer,2014,Casual,Avirate Red & White Brief
44289,Men,Apparel,Bottomwear,Trousers,Beige,Summer,2012,Formal,Indian Terrain Men Beige Trousers
38501,Girls,Apparel,Bottomwear,Jeans,Navy Blue,Summer,2012,Casual,Gini and Jony Woven Navy Blue Jeans
15619,Men,Apparel,Topwear,Sweatshirts,Grey,Fall,2011,Casual,Nike Men AS Squad FT FZ Hoody Grey Sweatshirts
6519,Men,Apparel,Bottomwear,Track Pants,Blue,Summer,2011,Sports,Nike Men Soccer Liga Black Track Pant
50689,Men,Apparel,Innerwear,Trunk,Black,Summer,2016,Casual,Chromozome Men Black Trunks
53468,Women,Apparel,Innerwear,Bra,Nude,Summer,2018,Casual,Amante Confidence Nude-Coloured Balconette Bra BCMW11
26863,Women,Apparel,Bottomwear,Skirts,Navy Blue,Summer,2012,Casual,Jealous 21 Women Navy Blue Skirts
30906,Women,Apparel,Topwear,Jackets,Maroon,Summer,2012,Ethnic,Fabindia Women Reversible Jacket
19682,Women,Apparel,Topwear,Sweatshirts,Purple,Summer,2011,Casual,United Colors of Benetton Women Purple Sweatshirt
41159,Women,Apparel,Bottomwear,Shorts,Black,Summer,2012,Casual,Allen Solly Woman Black Shorts
28131,Men,Apparel,Innerwear,Briefs,Grey,Summer,2016,Casual,Jockey MODERN CLASSIC Mens Grey Briefs 8035
27945,Men,Apparel,Innerwear,Briefs,White,Summer,2016,Casual,Jockey Men Comfort Stretch White Bikini Brief
34936,Women,Apparel,Topwear,Dupatta,White,Summer,2012,Ethnic,Fabindia Women White Dupatta
25844,Women,Apparel,Topwear,Kurtis,Cream,Summer,2012,Ethnic,Diva Women Printed Cream Kurti
24996,Men,Apparel,Bottomwear,Jeans,Blue,Summer,2012,Casual,United Colors of Benetton Men Blue Washed Jeans
16068,Men,Apparel,Bottomwear,Trousers,Olive,Fall,2011,Casual,Highlander Men Solid Olive Trouser
8477,Women,Apparel,Topwear,Jackets,Blue,Fall,2011,Casual,Forever New Women Washed Blue Jacket
46344,Men,Apparel,Bottomwear,Jeans,Blue,Summer,2012,Casual,Locomotive  Men Blue Jeans
41161,Women,Apparel,Bottomwear,Trousers,Khaki,Summer,2012,Casual,Allen Solly Woman Khaki Trousers
38995,Boys,Apparel,Bottomwear,Jeans,Blue,Summer,2012,Casual,Gini and Jony Boys Comics Blue Jeans
40281,Men,Apparel,Bottomwear,Trousers,Beige,Summer,2012,Casual,Scullers Men Beige Trousers
41353,Women,Apparel,Bottomwear,Jeans,Black,Summer,2012,Casual,Wrangler Women Black Giselle Jeans
50013,Women,Apparel,Innerwear,Bra,Skin,Winter,2015,Sports,Hanes Women Beige Cotton Stretch Moulded Cup Bra
28109,Men,Apparel,Innerwear,Trunk,Navy Blue,Summer,2016,Casual,Jockey MODERN CLASSIC Men Navy Blue Trunks 8009
27141,Women,Apparel,Innerwear,Bra,Beige,Summer,2012,Casual,Miss-T Beige Bra
50477,Men,Apparel,Innerwear,Briefs,Black,Winter,2016,Casual,Chromozone Men Black Briefs
7635,Men,Apparel,Bottomwear,Track Pants,Black,Fall,2011,Sports,Puma Men Black Track Pant
27525,Men,Apparel,Topwear,Jackets,Olive,Summer,2012,Casual,Scullers Men Olive Jacket
31440,Men,Apparel,Bottomwear,Trousers,Grey,Summer,2012,Casual,HIghlander Men Grey Trousers
34300,Women,Apparel,Topwear,Dupatta,Green,Summer,2012,Ethnic,Fabindia Women Green Tussar Dupatta
51797,Women,Apparel,Loungewear and Nightwear,Nightdress,Turquoise Blue,Summer,2016,Casual,Bwitch Turquiose Blue Nightdress
31672,Men,Apparel,Bottomwear,Jeans,Blue,Summer,2012,Casual,Spykar Men Blue Jeans
11275,Men,Apparel,Bottomwear,Track Pants,Black,Fall,2011,Sports,Nike Men Crickt Black Track Pants
52112,Women,Apparel,Topwear,Kurtis,Multi,Summer,2012,Ethnic,Myntra Women Multi Coloured Kurti
21626,Women,Apparel,Innerwear,Bra,White,Summer,2014,Casual,Enamor Women Smooth White Bra
50483,Men,Apparel,Innerwear,Briefs,Charcoal,Summer,2016,Casual,Chromozome Men Charcoal Melange Briefs
6521,Men,Apparel,Bottomwear,Shorts,Navy Blue,Summer,2011,Sports,Nike Men's Football Navy Blue Short
11281,Men,Apparel,Bottomwear,Jeans,Blue,Summer,2016,Casual,Wrangler Men Blue Texas Jeans
24166,Women,Apparel,Topwear,Kurtis,Navy Blue,Fall,2011,Ethnic,Aurelia Women Navy Blue Kurti
15621,Men,Apparel,Topwear,Sweatshirts,White,Fall,2011,Sports,Nike Men AS EM BE True Cricket Crew White Sweatshirts
47262,Men,Apparel,Innerwear,Briefs,White,Summer,2016,Casual,FCUK Underwear Men White & Black Brief
26255,Men,Apparel,Bottomwear,Track Pants,Navy Blue,Summer,2012,Casual,Proline Men Navy Track Pants
19488,Men,Apparel,Innerwear,Trunk,Maroon,Summer,2016,Casual,Levis Men Jazz Stripes Maroon Trunks
40275,Men,Apparel,Bottomwear,Trousers,Beige,Summer,2012,Casual,Scullers Men Beige Trousers
56310,Women,Apparel,Innerwear,Bra,Pink,Summer,2017,Casual,Biara Women Pink Bra
32655,Women,Apparel,Bottomwear,Capris,Black,Summer,2012,Sports,Nike Women Tech Black Capris
27989,Men,Apparel,Innerwear,Briefs,Blue,Summer,2016,Casual,Jockey ZONE Men Zone Blue Brief US17
30102,Men,Apparel,Bottomwear,Jeans,Blue,Summer,2012,Casual,Flying Machine Men Blue Jeans
8470,Women,Apparel,Topwear,Tunics,Black,Fall,2011,Casual,Scullers For Her Women Viscose Tunics Purple Tops
49757,Women,Apparel,Bottomwear,Leggings,Maroon,Summer,2012,Casual,Vishudh Maroon Leggings
50448,Men,Apparel,Innerwear,Briefs,Grey,Summer,2016,Casual,Chromozome Men Grey & Orange Pack of 2 Briefs
34931,Women,Apparel,Topwear,Dupatta,Mustard,Summer,2012,Ethnic,Fabindia Mustard Dupatta
11078,Men,Apparel,Topwear,Sweaters,Grey,Fall,2011,Casual,Scullers Men Stripes Grey Sweaters
27942,Men,Apparel,Innerwear,Briefs,Blue,Summer,2016,Casual,Jockey Men Comfort Stretch Blue Bikini Brief
28136,Men,Apparel,Innerwear,Briefs,Navy Blue,Summer,2016,Casual,Jockey COMFORT PLUS Men Navy Blue Brief 8044
57209,Women,Apparel,Bottomwear,Jeans,Blue,Fall,2012,Casual,Kraus Jeans Women Blue Jeans
41962,Boys,Apparel,Bottomwear,Jeans,Navy Blue,Summer,2012,Casual,Gini and Jony Raw Wash Navy Blue Jeans
31229,Women,Apparel,Bottomwear,Capris,Pink,Summer,2012,Casual,Puma Women Pink Capris
54478,Men,Apparel,Innerwear,Briefs,Grey Melange,Summer,2016,Casual,Hanes Men Grey Premium String Bikini Briefs
15048,Women,Apparel,Topwear,Sweaters,Grey,Fall,2011,Casual,ADIDAS Women Solid Grey Sweaters
55798,Women,Apparel,Loungewear and Nightwear,Nightdress,White,Summer,2017,Casual,SDL by Sweet Dreams Women White Nightdress
38506,Girls,Apparel,Bottomwear,Capris,Pink,Summer,2012,Casual,Gini and Jony Girls Woven Pink Pedal Pusher
28794,Men,Apparel,Bottomwear,Jeans,Blue,Summer,2012,Casual,Denizen Men Blue Jeans
12609,Women,Apparel,Topwear,Sweaters,Blue,Fall,2011,Casual,Jealous 21 Women Solid Blue Sweaters
4847,Men,Apparel,Topwear,Jackets,Black,Summer,2011,Casual,ADIDAS Men Revo Black Jacket
59703,Women,Apparel,Innerwear,Briefs,Black,Summer,2014,Casual,Avirate Black & White Brief
1758,Men,Apparel,Topwear,Jackets,White,Fall,2010,Sports,Lotto Men White Collared Jacket
17916,Men,Apparel,Topwear,Sweatshirts,Grey,Fall,2011,Sports,Nike Men Grey Sweatshirt
24308,Men,Apparel,Bottomwear,Shorts,White,Fall,2011,Casual,ADIDAS Men White Shorts
26807,Men,Apparel,Bottomwear,Trousers,Grey,Summer,2013,Formal,Arrow Men Grey Striped Trousers
15817,Men,Apparel,Innerwear,Innerwear Vests,Olive,Summer,2016,Casual,Facit Men Bicep Tee Olive Innerwear Vest
27921,Women,Apparel,Bottomwear,Trousers,Beige,Summer,2012,Formal,Scullers For Her Beige Trousers
14931,Men,Apparel,Bottomwear,Shorts,Navy Blue,Fall,2011,Casual,Status Quo Men Check Navy Blue Shorts
58222,Women,Apparel,Bottomwear,Jeans,Blue,Summer,2012,Casual,Vero Moda Women Blue Denim Jeans
5768,Women,Apparel,Bottomwear,Jeans,Blue,Summer,2011,Casual,Jealous 21 Women Dark Blue Jeggning
19420,Men,Apparel,Bottomwear,Shorts,Blue,Summer,2012,Casual,Quiksilver Men Ocean Walk Reversible Blue Shorts
50619,Men,Apparel,Innerwear,Briefs,Navy Blue,Summer,2016,Casual,Chromozome Men Navy Blue Briefs
18196,Men,Apparel,Bottomwear,Trousers,Brown,Fall,2011,Casual,Highlander Men Solid Brown Trouser
59794,Women,Apparel,Topwear,Tunics,Blue,Fall,2012,Casual,United Colors of Benetton Women Blue Tunic
51364,Women,Apparel,Bottomwear,Jeans,Blue,Summer,2012,Casual,Spykar Women Blue Jeans
8880,Men,Apparel,Bottomwear,Trousers,Brown,Summer,2011,Casual,Scullers Men Scul Brown Trousers
54616,Men,Apparel,Innerwear,Briefs,Navy Blue,Summer,2016,Casual,Jockey ELANCE Men Navy Blue Briefs 1010
32404,Women,Apparel,Bottomwear,Trousers,Black,Summer,2012,Formal,Arrow Woman Black Trousers
57093,Women,Apparel,Bottomwear,Shorts,Blue,Summer,2012,Casual,Elle Women Blue Shorts
15828,Men,Apparel,Innerwear,Innerwear Vests,Red,Summer,2016,Casual,Facit Men Square Neck Red Innerwear Vest
24753,Women,Apparel,Bottomwear,Jeans,Blue,Fall,2012,Casual,Spykar Women Blue Slim Fit Jeans
15014,Men,Apparel,Topwear,Jackets,Black,Fall,2011,Sports,ADIDAS Men Solid Black Jackets
16691,Men,Apparel,Topwear,Sweaters,Red,Fall,2011,Casual,Fila Men Blanc Red Sweater
26838,Men,Apparel,Bottomwear,Trousers,Grey,Fall,2011,Casual,Highlander Men Light Grey Trousers
32252,Women,Apparel,Bottomwear,Skirts,Red,Summer,2012,Ethnic,Fabindia Women Red Skirts
21645,Women,Apparel,Innerwear,Bra,Black,Summer,2018,Casual,Enamor Black Smooth Bra
30505,Women,Apparel,Innerwear,Bra,White,Summer,2015,Casual,Lovable Women Momeez White Bra
7490,Women,Apparel,Bottomwear,Capris,Grey,Summer,2011,Sports,Nike Women Be Bold Grey Capri
18961,Women,Apparel,Topwear,Jackets,Grey,Fall,2011,Casual,United Colors of Benetton Women Solid Grey Jacket
17929,Women,Apparel,Bottomwear,Track Pants,Grey,Fall,2011,Casual,Nike Women Casual Grey Track Pant
15642,Men,Apparel,Bottomwear,Track Pants,Black,Winter,2014,Sports,Nike Black Dri-fit Cotton     Cricket  Track Pants
15484,Women,Apparel,Bottomwear,Capris,Black,Fall,2011,Casual,Puma Women TP  Black Capris
52343,Women,Apparel,Loungewear and Nightwear,Nightdress,Pink,Winter,2015,Casual,Red Rose Women Pink Nightdress
46743,Men,Apparel,Bottomwear,Track Pants,Black,Summer,2012,Sports,Nike Men Black Track Pants
50626,Men,Apparel,Innerwear,Briefs,Grey,Winter,2016,Casual,Chromozome Men Grey Briefs
2116,Men,Apparel,Bottomwear,Track Pants,Black,Fall,2010,Sports,ADIDAS Men Smooth Striped Track Pants
57403,Women,Apparel,Innerwear,Briefs,Taupe,Winter,2015,Casual,Amante Women Taupe Briefs PGEN01
33146,Boys,Apparel,Bottomwear,Shorts,Blue,Summer,2012,Casual,Gini and Jony Boys Blue Shorts
51390,Men,Apparel,Innerwear,Boxers,Navy Blue,Summer,2012,Casual,Myntra Navy Blue Printed Boxers
2572,Women,Apparel,Bottomwear,Track Pants,Navy Blue,Summer,2011,Casual,Domyos Women Navy Blue Track Pants
57067,Women,Apparel,Topwear,Jackets,Green,Summer,2012,Casual,Elle Women Green Retro Jacket
41330,Women,Apparel,Topwear,Dupatta,Magenta,Fall,2012,Ethnic,Aurelia Women Magenta Dupatta
36262,Men,Apparel,Loungewear and Nightwear,Night suits,White,Summer,2016,Casual,SDL by Sweet Dreams Men White & Black Pyjama Set
20307,Women,Apparel,Topwear,Sweaters,White,Fall,2011,Casual,Jealous 21 Women Solid White Sweater
13317,Men,Apparel,Topwear,Sweatshirts,Grey,Fall,2011,Casual,Gini and Jony Kids Boys Printed Grey Sweatshirts
43467,Women,Apparel,Loungewear and Nightwear,Night suits,Blue,Summer,2017,Casual,SDL by Sweet Dreams Women Blue Night suits
28152,Men,Apparel,Innerwear,Innerwear Vests,Grey Melange,Fall,2018,Casual,Jockey SPORT Men Grey Melange Innerwear Vest 9925
27926,Women,Apparel,Bottomwear,Jeans,Blue,Summer,2012,Casual,Scullers For Her Women Blue Jeans
49959,Men,Apparel,Bottomwear,Shorts,Red,Summer,2016,Casual,Hanes Men Red Athletic 3/4th Pants
14936,Men,Apparel,Bottomwear,Shorts,Khaki,Fall,2011,Casual,Status Quo Men Solid Khaki Shorts
59131,Men,Apparel,Topwear,Jackets,Brown,Summer,2012,Casual,Just Natural Men Brown Jacket
12807,Women,Apparel,Topwear,Jackets,Pink,Fall,2011,Sports,Nike Women Hood Pink Jackets
29848,Men,Apparel,Bottomwear,Trousers,Black,Summer,2012,Casual,Basics Men Black Trousers
15810,Men,Apparel,Innerwear,Briefs,Black,Summer,2016,Casual,Facit Men Fusion Brie Black Briefs
38562,Men,Apparel,Bottomwear,Shorts,Black,Summer,2012,Sports,Nike Men Varsity Black Shorts
18959,Women,Apparel,Topwear,Sweaters,Blue,Fall,2011,Casual,United Colors of Benetton Women Solid Blue Sweater
17911,Women,Apparel,Topwear,Jackets,Black,Fall,2011,Casual,Nike Women Sptcas Black Jacket
9532,Men,Apparel,Topwear,Jackets,Orange,Fall,2011,Sports,Nike Men Summerized Wind Runner Orange Jackets
11447,Women,Apparel,Topwear,Sweaters,White,Fall,2011,Casual,United Colors of Benetton Women Light Winter White Sweater
33717,Women,Apparel,Bottomwear,Leggings,Turquoise Blue,Summer,2012,Casual,Pieces Women Turquoise Blue Leggings
36265,Women,Apparel,Loungewear and Nightwear,Night suits,Blue,Summer,2017,Casual,SDL by Sweet Dreams Women Blue Playsuit
20300,Women,Apparel,Topwear,Sweaters,Maroon,Fall,2011,Casual,Jealous 21 Women Solid Maroon Sweater
27919,Women,Apparel,Bottomwear,Trousers,Brown,Summer,2012,Formal,Scullers For Her Light Brown Trousers
49966,Men,Apparel,Innerwear,Briefs,White,Summer,2016,Casual,Hanes Men White Premium String Bikini Briefs
22457,Women,Apparel,Bottomwear,Leggings,Cream,Fall,2011,Casual,Myntra Women Cream Leggings
28951,Women,Apparel,Topwear,Kurtis,Pink,Summer,2012,Ethnic,BIBA OUTLET Women Fushsia Pink Kurti
43460,Women,Apparel,Loungewear and Nightwear,Night suits,Grey Melange,Summer,2017,Casual,SDL by Sweet Dreams Women Grey Melange Jumpsuit
51999,Women,Apparel,Loungewear and Nightwear,Nightdress,Blue,Summer,2017,Casual,Inaya Women Blue Nightdress
51397,Men,Apparel,Bottomwear,Shorts,White,Summer,2012,Casual,Myntra Men Blue Check Shorts
14307,Men,Apparel,Topwear,Sweatshirts,White,Fall,2011,Casual,ADIDAS Men Printed White Sweatshirts
46744,Women,Apparel,Bottomwear,Capris,Black,Summer,2012,Sports,Nike Women Black Capris
50621,Men,Apparel,Innerwear,Briefs,White,Summer,2016,Casual,Chromozome Men White Briefs
2111,Women,Apparel,Bottomwear,Track Pants,Black,Fall,2010,Sports,ADIDAS Women's Sunset Lycra Fit Track Pants
57404,Women,Apparel,Innerwear,Briefs,Blue,Winter,2015,Casual,Amante Women Blue Lace Bikini Briefs PGFL01
25024,Men,Apparel,Bottomwear,Shorts,Navy Blue,Fall,2011,Sports,Nike Men Tempo Navy Blue Shorts
53296,Men,Apparel,Bottomwear,Jeans,Blue,Summer,2012,Casual,Locomotive Men Blue Jeans
52344,Women,Apparel,Loungewear and Nightwear,Nightdress,Pink,Winter,2015,Casual,Red Rose Women Pink Nightdress
6783,Men,Apparel,Topwear,Jackets,Blue,Summer,2011,Casual,Timberland Men Cargo Stratham Hood Blue Jacket
7497,Women,Apparel,Bottomwear,Shorts,Purple,Summer,2011,Sports,Nike Women's EM Tempo 3.5" Purple Short
18966,Men,Apparel,Topwear,Sweaters,Green,Summer,2011,Casual,United Colors of Benetton Men Printed Green Sweater
37515,Boys,Apparel,Bottomwear,Leggings,Blue,Summer,2012,Casual,Madagascar3 Infant Boys Blue Leggings
15645,Men,Apparel,Bottomwear,Shorts,Black,Winter,2014,Sports,Nike Black Dri-fit Cotton     Cricket  Shorts
32255,Women,Apparel,Topwear,Kurtis,Blue,Summer,2012,Ethnic,Fabindia Women Blue Printed Kurti
20790,Men,Apparel,Topwear,Jackets,Blue,Fall,2011,Casual,Basics Men Blue Washed Jacket
21642,Women,Apparel,Innerwear,Bra,White,Summer,2018,Casual,Enamor Women Lift White Bra
42122,Men,Apparel,Bottomwear,Shorts,Navy Blue,Summer,2012,Casual,ADIDAS Men Navy Blue Shorts
18368,Men,Apparel,Innerwear,Innerwear Vests,White,Summer,2016,Casual,Undercolors of Benetton Men Basic Pack of 2 Innerwear Vests
13780,Men,Apparel,Bottomwear,Trousers,Cream,Fall,2011,Formal,Belmonte Men Solid Cream Trousers
24754,Women,Apparel,Bottomwear,Jeans,Blue,Summer,2012,Casual,Spykar Women Blue Jeans
15013,Men,Apparel,Topwear,Jackets,Black,Fall,2011,Sports,ADIDAS Men Solid Black Jackets
51363,Women,Apparel,Bottomwear,Jeans,Blue,Summer,2012,Casual,Spykar  Women Jeans
54611,Men,Apparel,Innerwear,Briefs,Red,Summer,2016,Casual,Jockey ELANCE Men Red Briefs 1009
9169,Men,Apparel,Bottomwear,Jeans,Blue,Fall,2011,Casual,Locomotive Men Ian Blue Jeans
57094,Women,Apparel,Bottomwear,Shorts,Blue,Summer,2012,Casual,Elle Women Greyish Blue Culottes
38905,Girls,Apparel,Bottomwear,Shorts,Pink,Summer,2012,Casual,Allen Solly Kids Girls Poplin Pink Shorts
57069,Women,Apparel,Topwear,Jackets,Charcoal,Summer,2012,Casual,Elle Women Charcoal Waistcoat
20309,Women,Apparel,Topwear,Sweaters,Grey,Fall,2011,Casual,Jealous 21 Women Solid Grey Sweater
31875,Women,Apparel,Topwear,Dupatta,Orange,Summer,2012,Ethnic,Fabindia Women Orange Chanderi Dupatta
27910,Women,Apparel,Bottomwear,Trousers,Black,Summer,2012,Casual,Scullers For Her Women Black Trousers
50842,Women,Apparel,Topwear,Dupatta,Lavender,Summer,2012,Ethnic,Fabindia Women Lavender Dupatta
43469,Women,Apparel,Loungewear and Nightwear,Night suits,Brown,Summer,2017,Casual,SDL by Sweet Dreams Women Printed Brown Night suits
28500,Men,Apparel,Bottomwear,Track Pants,Grey,Summer,2012,Sports,Urban Yoga Men Grey Track Pants
18395,Men,Apparel,Innerwear,Briefs,White,Summer,2016,Casual,Undercolors of Benetton Men White V-Brief
50628,Men,Apparel,Innerwear,Briefs,White,Summer,2016,Casual,Chromozome Men White Briefs
2118,Men,Apparel,Bottomwear,Track Pants,Black,Fall,2010,Sports,ADIDAS Men's Foamy Striped Track Pants
16801,Men,Apparel,Bottomwear,Trousers,Olive,Fall,2011,Casual,Highlander Men Solid Olive Trouser
39472,Women,Apparel,Topwear,Kurtis,Cream,Summer,2012,Ethnic,Diva Women Cream Kurti
33148,Girls,Apparel,Bottomwear,Leggings,Black,Summer,2012,Casual,Gini and Jony Girls Black Leggings
4815,Men,Apparel,Bottomwear,Shorts,Black,Summer,2011,Sports,ADIDAS Men's AP ST Black White Shorts
38766,Girls,Apparel,Bottomwear,Shorts,Pink,Summer,2012,Casual,Gini and Jony Girls Pink Shorts
59751,Women,Apparel,Innerwear,Briefs,Pink,Summer,2014,Casual,Avirate Pink Brief
13789,Men,Apparel,Topwear,Sweaters,Grey,Fall,2011,Casual,Proline Grey Striped Sweater
17927,Men,Apparel,Bottomwear,Track Pants,Black,Fall,2011,Sports,Nike Men Trainng Black Track Pant
54618,Men,Apparel,Innerwear,Briefs,Grey,Summer,2016,Casual,Jockey MC Men Grey Rio Brief 8033
9160,Men,Apparel,Bottomwear,Jeans,Grey,Fall,2011,Casual,Locomotive Men Cal Grey Jeans
10568,Men,Apparel,Topwear,Sweaters,Navy Blue,Fall,2011,Casual,Puma Men Knitted Navy Blue Sweater
15826,Men,Apparel,Innerwear,Innerwear Vests,Black,Summer,2016,Casual,Facit Men Smart Black Innerwear Vest
29042,Men,Apparel,Bottomwear,Track Pants,Black,Fall,2013,Sports,ADIDAS Men Black Track Pants
18705,Men,Apparel,Innerwear,Briefs,White,Summer,2016,Casual,Hanes Men White Ultimate Duo Dry Cotton Stretch Hip Briefs
15687,Men,Apparel,Bottomwear,Trousers,Beige,Fall,2011,Casual,Highlander Men Classic Chinos Beige Trousers
50617,Men,Apparel,Innerwear,Briefs,Grey,Summer,2016,Casual,Chromozome Men Grey Briefs
16002,Men,Apparel,Topwear,Sweaters,Grey,Fall,2011,Casual,Turtle Solid Men Grey Sweaters
13570,Men,Apparel,Innerwear,Innerwear Vests,Black,Summer,2016,Casual,Hanes Men Racer Back Black Innerwear Vests
18198,Men,Apparel,Bottomwear,Trousers,Blue,Fall,2011,Casual,Highlander Men Solid Blue Trouser
41765,Women,Apparel,Topwear,Tunics,Blue,Summer,2012,Casual,Remanika Women Blue Tunic
11015,Women,Apparel,Topwear,Tunics,Purple,Fall,2011,Casual,Wrangler Women Kangroo Pocket Purple Tunics
52372,Women,Apparel,Loungewear and Nightwear,Nightdress,Green,Winter,2015,Casual,Red Rose Women Green Nightdress
51193,Women,Apparel,Innerwear,Bra,Black,Summer,2017,Casual,Enamor Women Black Bra
22461,Women,Apparel,Bottomwear,Leggings,Pink,Fall,2011,Casual,Myntra Women Dark Pink Leggings
50041,Women,Apparel,Innerwear,Bra,Black,Winter,2015,Casual,Hanes Women Black Concealing Petals Underwire Moulded Bra
34504,Women,Apparel,Bottomwear,Trousers,Beige,Summer,2012,Formal,Van Heusen Woman Beige Trousers
33721,Women,Apparel,Bottomwear,Leggings,Peach,Fall,2012,Casual,Pieces Women Peach Leggings
36253,Men,Apparel,Loungewear and Nightwear,Night suits,Navy Blue,Summer,2016,Casual,SDL by Sweet Dreams Men Navy Blue Pyjama Set
5766,Women,Apparel,Bottomwear,Jeans,Black,Summer,2011,Casual,Jealous 21 Women Black Jegging
8845,Men,Apparel,Bottomwear,Trousers,Grey,Summer,2011,Casual,Scullers Men Scul Grey Trousers
43664,Women,Apparel,Topwear,Tunics,Pink,Summer,2012,Casual,ONLY Women Pink Tunic
26809,Men,Apparel,Bottomwear,Trousers,Charcoal,Summer,2013,Formal,Arrow Men Charcoal Flat Front Trousers
15819,Men,Apparel,Innerwear,Innerwear Vests,Black,Summer,2016,Casual,Facit Men Black Innerwear Vest
53630,Women,Apparel,Innerwear,Bra,Pink,Winter,2015,Casual,Amante Pink Push-Up Bra-BGDR01
38933,Girls,Apparel,Bottomwear,Leggings,Pink,Summer,2012,Casual,Gini and Jony Girls Pink Leggings
51355,Women,Apparel,Bottomwear,Jeans,Blue,Summer,2012,Casual,Spykar Women Light Blue Jeans
33183,Women,Apparel,Topwear,Tunics,Blue,Summer,2012,Casual,Sepia Women Blue Tunic
15673,Men,Apparel,Bottomwear,Jeans,Blue,Fall,2011,Casual,Highlander Men High Original Blue Jeans
13584,Men,Apparel,Innerwear,Innerwear Vests,Beige,Summer,2016,Casual,Hanes Men Half Sleeve Crew Pack of 3 Beige Innerwear T-shirts
51503,Women,Apparel,Bottomwear,Jeans,Blue,Summer,2012,Casual,Denizen Women Blue Jeans
30534,Women,Apparel,Innerwear,Bra,Pink,Summer,2014,Casual,Lovable Cotton Essentials Pink Bra 421
42114,Men,Apparel,Bottomwear,Shorts,Navy Blue,Summer,2012,Casual,ADIDAS Men Navy Blue Shorts
32263,Women,Apparel,Topwear,Tunics,Orange,Summer,2012,Ethnic,Fabindia Women Printed Orange Tunic
52386,Women,Apparel,Loungewear and Nightwear,Nightdress,Yellow,Winter,2015,Casual,Red Rose Women Yellow Nightdress
15821,Men,Apparel,Innerwear,Innerwear Vests,Red,Summer,2016,Casual,Facit Men Fitness Red Innerwear Vest
26831,Men,Apparel,Bottomwear,Trousers,Black,Summer,2012,Casual,Highlander Men Black Trousers
18702,Men,Apparel,Innerwear,Briefs,Blue,Summer,2016,Casual,Hanes Men Ultimate Blue Brief
9167,Men,Apparel,Bottomwear,Jeans,Blue,Fall,2011,Casual,Locomotive Men Race Blue Jeans
37943,Women,Apparel,Topwear,Tunics,Beige,Summer,2012,Casual,Mineral Women Beige Tunic
59100,Women,Apparel,Innerwear,Briefs,Purple,Summer,2017,Casual,Peri Peri Women Purple Brief
18968,Men,Apparel,Topwear,Sweaters,Black,Fall,2011,Casual,United Colors of Benetton Men Solid Black Sweater
39481,Women,Apparel,Topwear,Kurtis,Blue,Summer,2012,Ethnic,Diva Women Blue Kurti
18366,Men,Apparel,Innerwear,Briefs,White,Summer,2016,Casual,Undercolors of Benetton Men White Pack of 3 V-Briefs
19072,Women,Apparel,Topwear,Kurtis,Red,Fall,2011,Ethnic,W Women Small Flower Pattern Red Kurti
16806,Girls,Apparel,Bottomwear,Shorts,White,Fall,2011,Casual,ANT Kids Girls Solid White Short
39475,Women,Apparel,Topwear,Kurtis,White,Summer,2012,Ethnic,Diva Women White Printed Kurti
33973,Women,Apparel,Topwear,Tunics,Blue,Summer,2012,Casual,Femella Women Printed Blue Tunic
16208,Men,Apparel,Topwear,Sweatshirts,Black,Fall,2011,Casual,Puma Men Cheveron Wording Black SweatShirt
18392,Men,Apparel,Innerwear,Briefs,Black,Summer,2016,Casual,Undercolors of Benetton Men Black V-Brief
19240,Men,Apparel,Bottomwear,Shorts,Blue,Summer,2011,Casual,Puma Men Dazzle Blue Shorts
33719,Women,Apparel,Bottomwear,Leggings,Blue,Fall,2012,Casual,Pieces Women Blue Leggings
49968,Men,Apparel,Innerwear,Innerwear Vests,White,Summer,2016,Casual,Hanes Men White Innerwear Vest
22459,Women,Apparel,Bottomwear,Leggings,Purple,Fall,2011,Casual,Myntra Women Purple Leggings
27917,Women,Apparel,Bottomwear,Trousers,Brown,Summer,2012,Formal,Scullers For Her Brown Striped Trousers
39011,Girls,Apparel,Bottomwear,Leggings,Blue,Summer,2012,Casual,Gini and Jony Girls Happy Style Blue Leggings
14309,Men,Apparel,Topwear,Jackets,Navy Blue,Fall,2011,Casual,ADIDAS Men Solid Navy Blue Jackets
51504,Women,Apparel,Bottomwear,Jeans,Blue,Summer,2012,Casual,Denizen Women Blue Jeans
30533,Women,Apparel,Innerwear,Bra,Black,Summer,2014,Casual,Lovable Cotton Essensuals Black Bra
42113,Men,Apparel,Bottomwear,Track Pants,Navy Blue,Summer,2012,Sports,ADIDAS Men Navy Blue Track Pants
32264,Women,Apparel,Innerwear,Bra,Black,Summer,2014,Casual,Enamor Women Black Bra
41796,Women,Apparel,Topwear,Tunics,Blue,Summer,2012,Casual,Remanika Women Printed Blue Tunic
52381,Women,Apparel,Loungewear and Nightwear,Nightdress,Yellow,Winter,2015,Casual,Red Rose Women Yellow Maxi Nightdress
15674,Men,Apparel,Bottomwear,Jeans,Blue,Fall,2011,Casual,Highlander Men High Original Blue Jeans
6574,Men,Apparel,Bottomwear,Shorts,White,Summer,2011,Sports,Nike Men's Woven Dri Fit White Short
18957,Women,Apparel,Topwear,Jackets,Grey,Fall,2011,Casual,United Colors of Benetton Women Solid Grey Knitted Jacket
57899,Women,Apparel,Bottomwear,Leggings,Black,Fall,2012,Casual,Femella Women Black Leggings
38934,Girls,Apparel,Bottomwear,Leggings,Black,Summer,2012,Casual,Gini and Jony Girls Black Leggings
12809,Men,Apparel,Topwear,Jackets,Black,Fall,2011,Sports,Nike Men Hood Black Jacket
51352,Women,Apparel,Bottomwear,Jeans,Blue,Summer,2012,Casual,Spykar Women Blue Jeans
9158,Men,Apparel,Bottomwear,Jeans,Black,Fall,2011,Casual,Locomotive Men Cade Black Jeans
23540,Men,Apparel,Topwear,Sweatshirts,Black,Fall,2011,Casual,Classic Polo Men Black Sweatshirt
29846,Men,Apparel,Bottomwear,Trousers,Grey,Summer,2012,Casual,Basics Men Grey Trousers
15022,Men,Apparel,Bottomwear,Track Pants,Grey,Fall,2011,Sports,ADIDAS Men Solid Grey Track Pants
5761,Women,Apparel,Bottomwear,Shorts,White,Summer,2011,Casual,Jealous 21 Women's Pink Shorts
39812,Men,Apparel,Bottomwear,Trousers,Black,Summer,2012,Casual,Peter England Men Black Formal Trousers
52523,Women,Apparel,Bottomwear,Jeans,Blue,Summer,2012,Casual,Pepe Jeans Women Blue Jeans
8842,Men,Apparel,Bottomwear,Trousers,Beige,Summer,2011,Casual,Scullers Men Scul Beige Trousers
43663,Women,Apparel,Topwear,Tunics,Green,Summer,2012,Casual,ONLY Women Green Tunic
13113,Men,Apparel,Bottomwear,Shorts,Khaki,Fall,2011,Casual,ADIDAS Men HT Khakhi Short
49957,Men,Apparel,Bottomwear,Shorts,Grey Melange,Winter,2016,Casual,Hanes Men Grey Panelled 3/4th Pants
22466,Women,Apparel,Bottomwear,Leggings,Cream,Fall,2011,Casual,Myntra Women Cream Patiala Salwar
51194,Women,Apparel,Innerwear,Bra,Red,Summer,2014,Casual,Enamor Red Bra
34503,Women,Apparel,Bottomwear,Trousers,Grey,Summer,2012,Formal,Van Heusen Woman Grey Straight Fit Trousers
27928,Women,Apparel,Bottomwear,Trousers,Beige,Summer,2012,Casual,Scullers For Her Beige Trouser
50046,Women,Apparel,Innerwear,Bra,Black,Winter,2015,Casual,Hanes Women Black Moulded Tee Shirt Bra
31071,Women,Apparel,Topwear,Dupatta,Brown,Summer,2012,Ethnic,Fabindia Women Multi Coloured Silk Dupatta
14938,Men,Apparel,Bottomwear,Shorts,Beige,Fall,2011,Casual,Status Quo Men Solid Beige Shorts
36254,Men,Apparel,Loungewear and Nightwear,Night suits,Navy Blue,Summer,2016,Casual,SDL by Sweet Dreams Men Navy Blue & White Pyjama Set
54082,Women,Apparel,Topwear,Kurtis,Blue,Summer,2012,Ethnic,Mumbai Slang Women Blue Kurti
31415,Men,Apparel,Innerwear,Briefs,Navy Blue,Summer,2016,Casual,Spykar Men Navy Blue Trevor Brief
52375,Women,Apparel,Loungewear and Nightwear,Nightdress,Yellow,Winter,2015,Casual,Red Rose Women Yellow Nightdress
15680,Men,Apparel,Bottomwear,Trousers,Beige,Fall,2011,Casual,Highlander Men Classic Chinos Beige Trousers
50610,Men,Apparel,Innerwear,Briefs,Navy Blue,Winter,2016,Casual,Chromozome Men Navy Blue Brief
16005,Men,Apparel,Topwear,Sweaters,Grey,Fall,2011,Casual,Turtle Stripes Men Grey Sweaters
25889,Women,Apparel,Bottomwear,Leggings,Cream,Summer,2012,Casual,Femella Women Cream Leggings
15620,Men,Apparel,Topwear,Jackets,Grey,Fall,2011,Sports,Nike Men AS Thermal Grey Jackets
11280,Men,Apparel,Bottomwear,Jeans,Black,Fall,2011,Casual,Wrangler Men Black Texas Jeans
53809,Women,Apparel,Topwear,Tunics,White,Fall,2012,Casual,Ayaany Women White Tunic
24167,Women,Apparel,Topwear,Kurtis,Red,Fall,2011,Ethnic,Aurelia Women Red Striped Kurti
21627,Women,Apparel,Innerwear,Bra,Black,Fall,2012,Casual,Enamor Women Lift Black Bra
50482,Men,Apparel,Innerwear,Briefs,Navy Blue,Summer,2016,Casual,Chromozome Men Navy Blue Briefs
40274,Men,Apparel,Bottomwear,Trousers,Beige,Summer,2012,Casual,Scullers Men Beige Trousers
56311,Women,Apparel,Innerwear,Bra,Nude,Summer,2017,Casual,Biara Women Nude Bra
27988,Men,Apparel,Innerwear,Briefs,Black,Summer,2016,Casual,Jockey ZONE Men Black Zone Briefs US17
26254,Men,Apparel,Bottomwear,Track Pants,Charcoal,Summer,2012,Sports,Proline Men Charcoal Grey Track Pants
19489,Men,Apparel,Innerwear,Briefs,Grey,Summer,2016,Casual,Levis Men Jazz Stripes Grey Brief
27386,Men,Apparel,Loungewear and Nightwear,Night suits,Red,Summer,2016,Casual,2go Active Gear USA Men Lounge Set
47263,Men,Apparel,Innerwear,Briefs,White,Summer,2016,Casual,FCUK Underwear Men White & Black Brief
40046,Men,Apparel,Bottomwear,Shorts,Black,Winter,2014,Casual,ADIDAS Men Berty Black Shorts
15082,Women,Apparel,Topwear,Kurtis,Green,Fall,2011,Ethnic,Mother Earth Women Printed Green Kurtis
36200,Boys,Apparel,Topwear,Jackets,Red,Summer,2012,Casual,Gini Jony Boys Printed Red Jacket
40280,Men,Apparel,Bottomwear,Trousers,Grey,Summer,2012,Casual,Scullers Men Grey Trousers
41352,Women,Apparel,Bottomwear,Jeans,Black,Summer,2012,Casual,Wrangler Women Classics Jeans
2722,Boys,Apparel,Bottomwear,Shorts,Blue,Summer,2011,Casual,Disney Kids Boy's Denim Mickey Surf Kidswear
50012,Women,Apparel,Innerwear,Bra,Black,Winter,2015,Sports,Hanes Women Black Cotton Stretch Moulded Cup Bra
28108,Men,Apparel,Innerwear,Trunk,Blue,Summer,2016,Casual,Jockey MODERN CLASSIC Men Blue Trunks 8009
38994,Boys,Apparel,Bottomwear,Jeans,Blue,Summer,2012,Casual,Gini and Jony Boys Jeans Blue Jeans
49769,Women,Apparel,Topwear,Tunics,White,Summer,2012,Casual,Alma Women White Tunic
31673,Men,Apparel,Bottomwear,Jeans,Blue,Summer,2012,Casual,Spykar Men Washed Blue Jeans
34301,Women,Apparel,Topwear,Dupatta,Orange,Summer,2012,Ethnic,Fabindia Women Orange Tussar Dupatta
52113,Women,Apparel,Topwear,Kurtis,Orange,Summer,2012,Ethnic,Myntra Women Orange Printed Kurti
11274,Men,Apparel,Bottomwear,Track Pants,Black,Fall,2011,Sports,Nike Men Crickt Black Track Pants
50476,Men,Apparel,Innerwear,Briefs,Black,Winter,2016,Casual,Chromozome Men Black Briefs
55799,Women,Apparel,Loungewear and Nightwear,Nightdress,White,Summer,2017,Casual,SDL by Sweet Dreams Women Pink Nightdress
7895,Men,Apparel,Bottomwear,Shorts,Olive,Fall,2011,Casual,Proline Men Olive Green Checked Shorts
54479,Men,Apparel,Innerwear,Briefs,Olive,Summer,2016,Casual,Hanes Men Olive Premium String Bikini Briefs
21618,Women,Apparel,Innerwear,Bra,White,Summer,2014,Casual,Enamor Women Smooth White Bra
44881,Men,Apparel,Bottomwear,Track Pants,Black,Summer,2012,Casual,Puma Men Black Track Pants
28795,Men,Apparel,Bottomwear,Jeans,Blue,Summer,2012,Casual,Denizen Men Blue Jeans
34930,Women,Apparel,Topwear,Dupatta,Navy Blue,Summer,2012,Ethnic,Fabindia Navy Blue Dupatta
50449,Men,Apparel,Innerwear,Briefs,Charcoal,Summer,2016,Casual,Chromozome Men Charcoal Melange Briefs
52548,Men,Apparel,Bottomwear,Jeans,Blue,Summer,2012,Casual,Pepe Jeans Men Blue Jeans
31228,Women,Apparel,Bottomwear,Capris,Black,Fall,2013,Sports,Puma Women Black Basic Capris
28137,Men,Apparel,Innerwear,Briefs,Olive,Summer,2016,Casual,Jockey COMFORT PLUS Men Olive Brief 8044
27943,Men,Apparel,Innerwear,Briefs,Charcoal,Summer,2016,Casual,Jockey Men Comfort Stretch Charcoal Bikini Brief
34908,Women,Apparel,Topwear,Dupatta,Black,Summer,2012,Ethnic,Fabindia Women Black Dupatta
50471,Men,Apparel,Innerwear,Briefs,Blue,Summer,2016,Casual,Chromozome Men Blue & Black Brief
7633,Men,Apparel,Bottomwear,Shorts,Black,Fall,2011,Sports,Puma Men's Woven Black Short
50643,Men,Apparel,Innerwear,Innerwear Vests,White,Winter,2016,Casual,Chromozome White Innerwear Vest PR-08
19822,Men,Apparel,Topwear,Sweaters,Charcoal,Fall,2011,Casual,U.S. Polo Assn. Men Solid Charcoal Sweater
16056,Men,Apparel,Bottomwear,Trousers,Beige,Fall,2011,Casual,Highlander Men Solid Beige Trouser
14701,Men,Apparel,Bottomwear,Trousers,Olive,Fall,2011,Casual,Basics Men Olive Cargos
11273,Men,Apparel,Topwear,Jackets,Blue,Fall,2011,Casual,Nike Men  Blue Jacket
24194,Men,Apparel,Bottomwear,Jeans,Black,Summer,2012,Casual,Deni Yo Men Slim Fit Black Jeans
46342,Men,Apparel,Bottomwear,Jeans,Blue,Summer,2012,Casual,Locomotive Men Blue Jeans
22607,Men,Apparel,Bottomwear,Shorts,Navy Blue,Fall,2011,Sports,Nike Men Navy Blue Shorts
38993,Boys,Apparel,Bottomwear,Jeans,Blue,Summer,2012,Casual,Gini and Jony Boys Rodeo Blue Jeans
11617,Women,Apparel,Topwear,Kurtis,Green,Summer,2011,Ethnic,W Women Solid Green Kurtis
44627,Men,Apparel,Bottomwear,Shorts,Grey,Fall,2012,Casual,Nike Men Grey 3/4 Length Pants
41355,Men,Apparel,Bottomwear,Jeans,NA,Fall,2016,Casual,Wrangler Men Blue Millard Jeans
50015,Men,Apparel,Innerwear,Innerwear Vests,White,Summer,2016,Casual,Hanes Men White Duo Dry Body Fit Crew T-shirt
17514,Women,Apparel,Topwear,Sweaters,Black,Fall,2011,Casual,Jealous 21 Women Solid Black Sweater
47264,Men,Apparel,Innerwear,Briefs,White,Summer,2016,Casual,FCUK Underwear Men White & Black Brief
30938,Women,Apparel,Topwear,Kurtis,Red,Summer,2012,Ethnic,Fabindia Women Printed Red & Black Kurti
1530,Men,Apparel,Topwear,Jackets,Red,Fall,2010,Sports,Puma Men Ferrari Track Jacket
50485,Men,Apparel,Innerwear,Briefs,Grey Melange,Summer,2016,Casual,Chromozome Men Grey Melange Briefs
2187,Men,Apparel,Bottomwear,Shorts,Navy Blue,Fall,2010,Sports,ADIDAS Men Stripe Navy Short
6527,Men,Apparel,Bottomwear,Shorts,White,Summer,2011,Sports,Nike Men's Woven White Short
15627,Men,Apparel,Topwear,Sweatshirts,Grey,Fall,2011,Casual,Nike Men AS Squad FT PO Hoody Graph Grey Sweatshirts
11287,Men,Apparel,Bottomwear,Jeans,Blue,Summer,2016,Casual,Wrangler Men Blue Texas Jeans
27944,Men,Apparel,Innerwear,Briefs,Grey,Summer,2016,Casual,Jockey Men Comfort Stretch Grey Bikini Brief
28130,Men,Apparel,Innerwear,Briefs,Olive,Summer,2016,Casual,Jockey MODERN CLASSIC Men Olive Modern Classic Brief 8035
36238,Women,Apparel,Topwear,Tunics,Blue,Summer,2012,Casual,W Women Blue Tunic
58411,Men,Apparel,Bottomwear,Jeans,Blue,Summer,2012,Casual,Locomotive Men Blue Jeans
44872,Men,Apparel,Bottomwear,Shorts,White,Summer,2012,Casual,Puma Men White Jamaica Jam Shorts
16069,Men,Apparel,Bottomwear,Trousers,Navy Blue,Fall,2011,Casual,Highlander Men Solid Navy Blue Trouser
34937,Women,Apparel,Topwear,Dupatta,Yellow,Summer,2012,Ethnic,Fabindia Yellow Dupatta
38500,Girls,Apparel,Bottomwear,Jeans,Black,Summer,2012,Casual,Gini and Jony Girls Woven Black Jeans
50688,Men,Apparel,Innerwear,Trunk,White,Summer,2016,Casual,Chromozome Men White Trunks
23148,Women,Apparel,Topwear,Sweatshirts,Green,Fall,2011,Casual,Quechua Women Fleece Green Sweatshirt
59705,Women,Apparel,Innerwear,Bra,Black,Summer,2014,Casual,Avirate Black & White Bra
44288,Men,Apparel,Bottomwear,Trousers,Black,Summer,2012,Formal,Indian Terrain Men Black Trousers
30907,Women,Apparel,Topwear,Kurtis,Black,Summer,2012,Ethnic,Fabindia Women Black Kurti
53469,Women,Apparel,Innerwear,Briefs,Mauve,Winter,2015,Casual,Amante Women Mauve Briefs BCNE11
7892,Men,Apparel,Bottomwear,Shorts,Grey,Fall,2011,Casual,Proline Men Grey & White Checked Shorts
54483,Men,Apparel,Innerwear,Briefs,Navy Blue,Summer,2016,Casual,Hanes Men Pack of Two Premium Bikini Briefs
13344,Men,Apparel,Bottomwear,Shorts,Black,Fall,2011,Casual,Gini and Jony Kids Boys Solid Black Shorts
31014,Men,Apparel,Bottomwear,Trousers,Black,Summer,2013,Formal,Arrow Men Black Trousers
50023,Women,Apparel,Bottomwear,Leggings,White,Winter,2015,Casual,Hanes Women White ComfortSoft Waistband Cotton Stretch Full Leggings
27515,Women,Apparel,Innerwear,Briefs,Pink,Winter,2015,Casual,Jockey Lace Stretch Pink Boy Leg Brief
51595,Women,Apparel,Bottomwear,Jeans,Blue,Summer,2012,Casual,Wrangler Women Blue Molly Jeans
50447,Men,Apparel,Innerwear,Briefs,Black,Summer,2016,Casual,Chromozome Men Black Briefs
11077,Men,Apparel,Topwear,Sweaters,Purple,Fall,2011,Casual,Scullers Men Stripes Purple Sweaters
58418,Men,Apparel,Bottomwear,Jeans,Blue,Summer,2012,Casual,Levis Men Blue Jeans
49758,Women,Apparel,Bottomwear,Leggings,Beige,Summer,2012,Casual,Vishudh Beige Leggings
19814,Men,Apparel,Topwear,Sweatshirts,Red,Fall,2011,Casual,U.S. Polo Assn. Men Solid Red Sweatshirt
16060,Men,Apparel,Bottomwear,Trousers,Beige,Fall,2011,Casual,Highlander Men Solid Beige Trouser
50675,Men,Apparel,Innerwear,Trunk,Grey,Summer,2016,Casual,Chromozome Men Pack of Two Grey Trunks
23141,Men,Apparel,Topwear,Sweatshirts,Navy Blue,Fall,2011,Casual,Quechua Men Warm Fleece Navy Blue Sweatshirt
21616,Women,Apparel,Innerwear,Bra,Red,Summer,2014,Casual,Enamor Red Smooth Bra
4848,Men,Apparel,Topwear,Jackets,Navy Blue,Summer,2011,Sports,ADIDAS Men Revo Navy White Jacket
15611,Men,Apparel,Bottomwear,Track Pants,Navy Blue,Fall,2011,Casual,Nike Men Casual Navy Blue Track Pants
23373,Men,Apparel,Innerwear,Boxers,Navy Blue,Summer,2016,Casual,Crusoe Men Navy Blue Skier Boxer Shorts
50681,Men,Apparel,Innerwear,Trunk,Black,Summer,2016,Casual,Chromozome Men Pack of Two Trunks
32457,Men,Apparel,Bottomwear,Shorts,Black,Spring,2013,Sports,ADIDAS Men Black Shorts
55797,Women,Apparel,Loungewear and Nightwear,Nightdress,Green,Summer,2017,Casual,SDL by Sweet Dreams Women Pista Green Nightdress
9901,Men,Apparel,Bottomwear,Jeans,Blue,Fall,2011,Casual,Spykar Men Actif Low Waist Narrow Fit Blue Jeans
47252,Men,Apparel,Innerwear,Briefs,Black,Summer,2016,Casual,FCUK Underwear Men Black Brief
27185,Men,Apparel,Bottomwear,Trousers,Brown,Summer,2012,Formal,Mark Taylor Men Striped Brown Trousers
54477,Men,Apparel,Innerwear,Briefs,Grey,Summer,2016,Casual,Hanes Men Grey Premium String Bikini Briefs
42512,Women,Apparel,Topwear,Kurtis,Green,Summer,2012,Ethnic,Mother Earth Women Green Kurti
15047,Men,Apparel,Topwear,Jackets,Navy Blue,Fall,2011,Sports,ADIDAS Kids Boys Solid Navy Blue Jackets
29682,Men,Apparel,Bottomwear,Trousers,Grey,Summer,2012,Casual,Indigo Nation Men Striped Grey Trousers
51798,Women,Apparel,Loungewear and Nightwear,Nightdress,Gold,Summer,2016,Casual,Bwitch Golden Coloured Nightdress
34901,Women,Apparel,Topwear,Dupatta,Olive,Summer,2012,Ethnic,Fabindia Olive Green Hand Printed Kota Dupatta
42981,Men,Apparel,Innerwear,Boxers,Navy Blue,Summer,2016,Casual,FCUK White & Blue Boxers
50478,Men,Apparel,Innerwear,Briefs,Orange,Winter,2016,Casual,Chromozome Men Orange Briefs
19641,Men,Apparel,Topwear,Sweatshirts,Black,Fall,2011,Casual,United Colors of Benetton Men Solid Black Sweatshirt
27972,Men,Apparel,Innerwear,Innerwear Vests,White,Summer,2016,Casual,Jockey Men White Innerwear Vest
28106,Men,Apparel,Innerwear,Boxers,Charcoal,Summer,2016,Casual,Jockey MODERN CLASSIC Men Charcoal Boxer 8009
16609,Men,Apparel,Bottomwear,Trousers,Grey,Fall,2011,Formal,Genesis Men Stripes Grey Trouser
6982,Men,Apparel,Bottomwear,Track Pants,Cream,Summer,2011,Casual,Timberland Men's Madbury Convertible Off White Pant
19473,Men,Apparel,Topwear,Sweatshirts,Purple,Summer,2012,Casual,Quiksilver Men Purple Sweatshirt
15078,Women,Apparel,Topwear,Kurtis,Blue,Fall,2011,Ethnic,Mother Earth Women Printed Blue Kurtis
14996,Men,Apparel,Topwear,Sweaters,Blue,Fall,2011,Casual,ADIDAS Men Stripes Blue Sweaters
27986,Men,Apparel,Innerwear,Briefs,Grey,Summer,2016,Casual,Jockey ZONE Men Zone Grey Brief US14
30931,Women,Apparel,Topwear,Kurtis,Teal,Summer,2012,Ethnic,Fabindia Women Teal Dobby Sarkar Kurti
29020,Men,Apparel,Bottomwear,Track Pants,Grey,Summer,2013,Sports,ADIDAS Men Grey Track Pants
19487,Men,Apparel,Innerwear,Trunk,Blue,Summer,2016,Casual,Levis Men Jazz Stripes Blue Trunks
39080,Men,Apparel,Bottomwear,Shorts,Brown,Summer,2012,Casual,Arrow Sport Men Brown Cargo Shorts
17945,Men,Apparel,Bottomwear,Track Pants,Black,Fall,2011,Sports,Puma Men No. 1 logo Black Track Pant
18131,Men,Apparel,Innerwear,Innerwear Vests,Grey Melange,Summer,2016,Casual,Crusoe Men Square Neck Tee Grey Melange Innerwear Vest
29676,Men,Apparel,Bottomwear,Trousers,Grey,Summer,2012,Casual,Indigo Nation Men Grey Check Trousers
24169,Women,Apparel,Topwear,Kurtis,Orange,Fall,2011,Ethnic,Aurelia Women Orange Printed Kurti
53807,Men,Apparel,Loungewear and Nightwear,Lounge Pants,Grey,Fall,2012,Sports,Puma Men Steel Grey 3/4 Length Pants
21629,Women,Apparel,Innerwear,Bra,White,Fall,2012,Casual,Enamor Women Lift White Bra
18303,Women,Apparel,Topwear,Kurtis,Maroon,Fall,2011,Ethnic,Aneri Women Kavita Maroon Kurti
9754,Women,Apparel,Bottomwear,Track Pants,Black,Fall,2011,Casual,ADIDAS Women Ess Mf Yoga Black Pants
42975,Men,Apparel,Innerwear,Briefs,White,Summer,2016,Casual,FCUK White Brief
27182,Men,Apparel,Bottomwear,Trousers,Brown,Summer,2012,Formal,Mark Taylor Men Striped Brown Trousers
42515,Women,Apparel,Topwear,Kurtis,Green,Summer,2012,Ethnic,Mother Earth Women Green Kurti
15040,Men,Apparel,Topwear,Sweatshirts,Purple,Fall,2011,Casual,ADIDAS Men Printed Purple Sweatshirts
53467,Women,Apparel,Innerwear,Bra,Black,Summer,2018,Casual,Amante Black Balconette Bra BCMW11
40070,Women,Apparel,Bottomwear,Capris,Black,Summer,2012,Casual,ADIDAS Women Black Capris
24535,Women,Apparel,Topwear,Kurtis,Blue,Fall,2011,Ethnic,Mother Earth Women Blue Printed Kurti
55790,Women,Apparel,Loungewear and Nightwear,Nightdress,Black,Summer,2017,Casual,SDL by Sweet Dreams Women Black Nightdress
47255,Men,Apparel,Innerwear,Briefs,Grey Melange,Summer,2016,Casual,FCUK Underwear Men Grey Melange Brief
46387,Men,Apparel,Bottomwear,Shorts,Black,Summer,2012,Casual,ADIDAS Men Black Shorts
15616,Men,Apparel,Topwear,Sweatshirts,Olive,Fall,2011,Casual,Nike Men Casual Olive Sweatshirts
54226,Men,Apparel,Bottomwear,Trousers,Charcoal,Summer,2012,Casual,Highlander Men Charcoal Chinos
50686,Men,Apparel,Innerwear,Trunk,Navy Blue,Summer,2016,Casual,Chromozome Men Navy Blue Trunks
23146,Men,Apparel,Topwear,Sweatshirts,Brown,Fall,2011,Casual,Quechua Men Fleece Brown Sweatshirt
21611,Women,Apparel,Innerwear,Bra,Pink,Summer,2014,Casual,Enamor Women Smooth Pink Bra
11242,Women,Apparel,Bottomwear,Jeans,Black,Fall,2011,Casual,Flying Machine Women Veron Black Jeans
8478,Women,Apparel,Topwear,Jackets,Blue,Fall,2011,Casual,Forever New Women Vintage Blue Jackets
13515,Women,Apparel,Bottomwear,Skirts,Blue,Fall,2011,Casual,Palm Tree Kids Girl Washed Blue Skirts
16067,Men,Apparel,Bottomwear,Trousers,Black,Fall,2011,Casual,Highlander Men Solid Black Trouser
7430,Women,Apparel,Topwear,Tunics,Purple,Summer,2011,Casual,W Women Square Neck Short Sleeve Purple Tunic
19813,Men,Apparel,Topwear,Sweatshirts,Green,Fall,2011,Casual,U.S. Polo Assn. Men Solid Green Sweatshirt
50672,Men,Apparel,Loungewear and Nightwear,Lounge Pants,Grey Melange,Summer,2018,Sports,Chromozome Men Grey Melange Ranger Lounge Pants S-5429
34939,Women,Apparel,Topwear,Dupatta,Cream,Summer,2012,Ethnic,Fabindia Off White Chanderi Dupatta
27512,Women,Apparel,Innerwear,Briefs,Black,Winter,2015,Casual,Jockey Lace Stretch Black Bikini Brief
50440,Men,Apparel,Innerwear,Briefs,Grey,Summer,2016,Casual,Chromozome Men Pack of 2 Grey Briefs
34105,Boys,Apparel,Bottomwear,Shorts,Blue,Summer,2012,Casual,Doodle Boys Check Blue Shorts
41700,Men,Apparel,Bottomwear,Shorts,Black,Summer,2012,Casual,DC Comics Men Black Printed Shorts
28902,Women,Apparel,Innerwear,Briefs,Red,Summer,2012,Casual,Enamor Women Red Low-Rise Bikini Brief
54484,Men,Apparel,Innerwear,Briefs,Black,Summer,2016,Casual,Hanes Men Pack of Two Premium Bikini Briefs
13343,Boys,Apparel,Bottomwear,Shorts,Black,Fall,2011,Casual,Gini and Jony Boys Black Cargo Shorts
50024,Women,Apparel,Bottomwear,Leggings,Black,Winter,2015,Casual,Hanes Women Black ComfortSoft Waistband Cotton Stretch Full Leggings
7266,Men,Apparel,Bottomwear,Track Pants,Cream,Summer,2011,Casual,Timberland Men's Twill 5 Oats Beige Pant
20353,Women,Apparel,Bottomwear,Jeans,Blue,Fall,2011,Casual,Spykar Women Washed Blue Jeans
57201,Women,Apparel,Topwear,Tunics,Brown,Summer,2012,Casual,Elle Women Brown Tunic
53493,Women,Apparel,Innerwear,Bra,Blue,Winter,2015,Casual,Amante Blue Push-Up Bra BFCV11
40084,Men,Apparel,Bottomwear,Shorts,Navy Blue,Winter,2014,Casual,ADIDAS Men Navy Blue Shorts
31221,Women,Apparel,Bottomwear,Capris,Black,Summer,2012,Casual,Puma Women Black Capris
59734,Women,Apparel,Innerwear,Briefs,Purple,Summer,2014,Casual,Avirate Purple & Black Brief
15629,Men,Apparel,Topwear,Sweatshirts,Navy Blue,Fall,2011,Casual,Nike Men AS Squad Fleece FZ Hoody Navy Blue Sweatshirts
11289,Men,Apparel,Bottomwear,Jeans,Blue,Spring,2013,Casual,Wrangler Men Blue Texas Jeans
38155,Men,Apparel,Topwear,Jackets,Black,Summer,2015,Casual,Wildcraft Men Black Husky Sleeveless Jacket
14991,Men,Apparel,Topwear,Sweaters,Green,Fall,2011,Casual,ADIDAS Men Solid Green Sweaters
30936,Women,Apparel,Topwear,Kurtis,Orange,Spring,2013,Ethnic,Fabindia Women Orange Kurti
27981,Men,Apparel,Innerwear,Briefs,Blue,Summer,2016,Casual,Jockey ZONE Men Zone Blue Brief US14
22609,Women,Apparel,Topwear,Sweatshirts,Pink,Fall,2011,Casual,Nike Women Pink Sweatshirts
11619,Women,Apparel,Topwear,Kurtis,Beige,Summer,2011,Ethnic,W Women Solid Beige Kurtis
36209,Boys,Apparel,Topwear,Jackets,Grey,Summer,2012,Casual,Gini Jony Boys Grey Jacket
44629,Men,Apparel,Bottomwear,Track Pants,Black,Summer,2012,Sports,Nike Men Black Running Track Pants
39241,Women,Apparel,Loungewear and Nightwear,Nightdress,Blue,Summer,2017,Casual,Femella Women Blue Nightdress
28101,Men,Apparel,Innerwear,Briefs,Charcoal,Summer,2016,Casual,Jockey COMFPLUS Men Charcoal Grey Y Front Briefs 8004
27975,Men,Apparel,Innerwear,Briefs,Black,Winter,2016,Casual,Jockey ZONE STRETCH Men Black Zone Stretch Briefs US07
31448,Boys,Apparel,Bottomwear,Shorts,Blue,Summer,2012,Sports,Nike Boys Running Blue Shorts
34906,Women,Apparel,Topwear,Dupatta,Rust,Summer,2012,Ethnic,Fabindia Rust Kota Dupatta
49760,Women,Apparel,Bottomwear,Leggings,Green,Summer,2012,Casual,Vishudh Green Leggings
16058,Men,Apparel,Bottomwear,Trousers,Khaki,Fall,2011,Casual,Highlander Men Solid Khaki Trouser
29685,Men,Apparel,Bottomwear,Trousers,Charcoal,Summer,2012,Formal,Indigo Nation Men Charcoal Trousers
5018,Men,Apparel,Bottomwear,Shorts,White,Summer,2016,Casual,Levis Kids Boy's Aldon White Kidswear
16916,Men,Apparel,Topwear,Sweaters,White,Fall,2011,Casual,Spykar Men Stripes White Sweaters
44931,Men,Apparel,Bottomwear,Jeans,Blue,Summer,2012,Casual,Jack & Jones Men Blue Jeans
25906,Women,Apparel,Bottomwear,Leggings,Purple,Summer,2012,Casual,Femella Women Wine Skinny Leggings
13800,Men,Apparel,Topwear,Sweatshirts,Grey,Fall,2011,Casual,Proline Mens Grey Sweatshirt
9083,Women,Apparel,Bottomwear,Track Pants,Black,Fall,2011,Sports,ADIDAS Women Ess Cuffed Pant Black Trackpant
28073,Men,Apparel,Innerwear,Trunk,Charcoal,Summer,2016,Casual,Jockey MC Men Charcoal Grey Midway Classic Trunks 1101
50955,Women,Apparel,Bottomwear,Jeans,Blue,Winter,2011,Casual,Lee Womens Blue Roxy Fit Jeans
17468,Women,Apparel,Innerwear,Bra,Black,Summer,2017,Casual,Beyouty Women Julia BR 02 Black Bra
9077,Women,Apparel,Bottomwear,Track Pants,Pink,Fall,2011,Sports,ADIDAS Women Pink Track Pants
28087,Men,Apparel,Innerwear,Briefs,Grey,Summer,2016,Casual,Jockey Men Gold Edition Grey Brief
8397,Men,Apparel,Bottomwear,Shorts,Grey,Fall,2011,Sports,ADIDAS Men Adna 3s Shrt Kn Grey Shorts
14689,Men,Apparel,Bottomwear,Trousers,Brown,Fall,2011,Casual,Basics Men Mid Brown Trousers
13231,Men,Apparel,Bottomwear,Shorts,Blue,Fall,2011,Casual,Palm Tree Kids Boys Washed Blue Shorts
57373,Women,Apparel,Innerwear,Briefs,Black,Winter,2015,Casual,Amante Women Black Briefs PFCL01
20221,Men,Apparel,Topwear,Sweaters,Charcoal,Fall,2011,Casual,Wrangler Men Rib Charcoal Sweater
57141,Women,Apparel,Bottomwear,Trousers,Olive,Summer,2012,Casual,Elle Women Olive Trousers
7126,Women,Apparel,Bottomwear,Track Pants,Grey,Fall,2011,Casual,Urban Yoga Women Bottom Grey Track Pant
8952,Men,Apparel,Bottomwear,Trousers,Black,Fall,2011,Formal,Indigo Nation Men TR Yarn Dyed Black Trousers
19539,Men,Apparel,Topwear,Sweaters,Black,Summer,2011,Casual,United Colors of Benetton Men Solid Black Sweater
11330,Men,Apparel,Bottomwear,Jeans,Blue,Fall,2011,Casual,United Colors of Benetton Men Washed Blue Jeans
15790,Men,Apparel,Innerwear,Briefs,Green,Summer,2016,Casual,Facit Men Green Comfort Briefs
19961,Men,Apparel,Topwear,Sweaters,Blue,Fall,2011,Casual,United Colors of Benetton Men Blue Check Sweater
7542,Men,Apparel,Bottomwear,Shorts,White,Summer,2011,Sports,Nike Men's AS T90 3/4 WO White Shorts
16929,Men,Apparel,Topwear,Sweatshirts,Black,Fall,2011,Casual,Spykar Men Solid Black Sweatshirt
50532,Men,Apparel,Innerwear,Briefs,Charcoal,Summer,2016,Casual,Chromozome Men Charcoal Brief
54192,Men,Apparel,Bottomwear,Trousers,Khaki,Summer,2012,Casual,Highlander Men Khaki Chinos
27460,Women,Apparel,Innerwear,Bra,Black,Winter,2015,Casual,Jockey Black Seamless Bra 1718
5027,Men,Apparel,Bottomwear,Track Pants,Black,Summer,2011,Sports,ADIDAS Men's Long Black Capris
15764,Men,Apparel,Innerwear,Innerwear Vests,Blue,Summer,2016,Casual,Facit Men Hunk Blue Innerwear Vest
30611,Men,Apparel,Topwear,Jackets,Grey,Summer,2012,Sports,Nike Men Grey Jacket
17201,Men,Apparel,Topwear,Sweaters,Navy Blue,Winter,2016,Casual,U.S. Polo Assn. Men Stripes Navy Blue Sweater
42003,Girls,Apparel,Bottomwear,Capris,Black,Summer,2012,Casual,Gini and Jony Girls Elasticated Black Capris
12773,Women,Apparel,Topwear,Tunics,Green,Fall,2011,Ethnic,Mother Earth Women Limited Collt Handloom Green Tunics
27494,Women,Apparel,Innerwear,Briefs,Red,Winter,2015,Casual,Jockey Women Red Brief
59679,Women,Apparel,Innerwear,Briefs,Khaki,Summer,2014,Casual,Avirate Black & Khaki Brief
23450,Men,Apparel,Bottomwear,Jeans,Black,Fall,2011,Casual,Deni Yo Men Black Slim Fit Jeans
28884,Women,Apparel,Innerwear,Briefs,Pink,Summer,2012,Casual,Enamor Women Pink Low-Rise Bikini Brief
56255,Men,Apparel,Loungewear and Nightwear,Night suits,Black,Summer,2016,Casual,SDL by Sweet Dreams Men Black & Grey Pyjama Set
45642,Men,Apparel,Innerwear,Briefs,Red,Summer,2016,Casual,Park Avenue Men Red Swank Brief
15132,Men,Apparel,Bottomwear,Trousers,Black,Fall,2012,Casual,Arrow  Men Solid Black Trousers
44790,Men,Apparel,Innerwear,Boxers,Blue,Summer,2016,Casual,Calvin Klein Mens blue Boxers
59813,Men,Apparel,Bottomwear,Trousers,Beige,Fall,2012,Casual,United Colors of Benetton Men Beige Trousers
24447,Women,Apparel,Innerwear,Briefs,White,Summer,2017,Casual,Beyouty Women  Pack of 3 Briefs
21135,Women,Apparel,Topwear,Sweaters,Purple,Fall,2011,Casual,s.Oliver Women Solid Purple Sweater
9874,Men,Apparel,Topwear,Sweaters,Navy Blue,Fall,2011,Casual,Spykar Men Rts Style Live Ride Navy Blue Sweaters
26310,Men,Apparel,Bottomwear,Shorts,Black,Summer,2012,Sports,Proline Black Sports Shorts
3912,Women,Apparel,Bottomwear,Capris,Grey,Summer,2012,Casual,Urban Yoga Women Yoga Grey Capri
42807,Women,Apparel,Innerwear,Briefs,Navy Blue,Summer,2012,Casual,Little Miss Intimates Women Navy Blue Brief
28080,Men,Apparel,Innerwear,Briefs,Charcoal,Summer,2016,Casual,Jockey MODERN CLASSIC Men Charcoal Grey Y Front Briefs 2007
51048,Women,Apparel,Innerwear,Bra,Green,Summer,2017,Casual,Enamor Sage Green Bra
15338,Women,Apparel,Bottomwear,Capris,Grey,Fall,2011,Sports,Nike Women Solid Grey Capris
56299,Women,Apparel,Innerwear,Bra,Purple,Summer,2017,Casual,Biara Women Purple Blush Bra
20219,Men,Apparel,Topwear,Sweaters,Red,Fall,2011,Casual,Wrangler Men Rib Red Sweater
28074,Men,Apparel,Innerwear,Trunk,Grey Melange,Summer,2016,Casual,Jockey MC Men Grey Melange Midway Classic Trunks 1101
50952,Women,Apparel,Bottomwear,Jeans,Blue,Summer,2013,Casual,Lee Womens Blue Roxy Fit Jeans
9084,Women,Apparel,Bottomwear,Track Pants,Grey,Fall,2011,Sports,ADIDAS Women Ess Cuffed Pant Grey Trackpant
57179,Women,Apparel,Topwear,Tunics,Blue,Summer,2012,Casual,Elle Women Blue Tunic
19959,Men,Apparel,Topwear,Sweaters,Purple,Fall,2011,Casual,United Colors of Benetton Men Purple Sweater
16911,Men,Apparel,Topwear,Sweatshirts,White,Fall,2011,Casual,Mr. Men Men Printed White Sweatshirt
11308,Men,Apparel,Bottomwear,Jeans,Black,Spring,2013,Casual,Wrangler Men Black Jim Slim Fit Jeans
25901,Women,Apparel,Bottomwear,Leggings,Pink,Summer,2012,Casual,Femella Women Plum Skinny Leggings
39750,Boys,Apparel,Bottomwear,Shorts,Beige,Summer,2012,Casual,Gini Jony Boys Beige Shorts
19357,Women,Apparel,Innerwear,Briefs,White,Summer,2017,Casual,Beyouty Women B01 Combo3 Fashion  Low-Rise Pack of 3 Breifs
27458,Women,Apparel,Innerwear,Bra,Nude,Winter,2015,Casual,Jockey Nude-Coloured Seamless Bra 1672
59814,Men,Apparel,Bottomwear,Trousers,Navy Blue,Fall,2012,Casual,United Colors of Benetton Men's Navy Blue Trousers
23665,Men,Apparel,Bottomwear,Jeans,Blue,Fall,2011,Casual,Spykar Men Blue Washed Jeans
26317,Men,Apparel,Bottomwear,Track Pants,Grey,Fall,2013,Sports,Proline Men Grey Track Pants
23457,Men,Apparel,Bottomwear,Jeans,Blue,Summer,2012,Casual,Deni Yo Men Blue Washed Slim Fit Jeans
22585,Men,Apparel,Bottomwear,Track Pants,Grey,Fall,2011,Casual,Nike Men Grey Track Pants
28883,Women,Apparel,Innerwear,Briefs,Black,Summer,2017,Casual,Enamor Women Black Low-Rise Bikini Brief
50999,Women,Apparel,Innerwear,Briefs,Blue,Summer,2017,Casual,Enamor Women Peacock Coloured Briefs
32717,Men,Apparel,Innerwear,Briefs,Black,Summer,2016,NA,Facit Men Black Brief
56252,Men,Apparel,Loungewear and Nightwear,Night suits,Green,Summer,2016,Casual,SDL by Sweet Dreams Men Green & Black Pyjama Set
57380,Women,Apparel,Innerwear,Briefs,Grey,Winter,2015,Casual,Amante Women Grey Briefs PFCL06
45645,Men,Apparel,Innerwear,Briefs,Black,Summer,2016,Casual,Park Avenue Men Black Swank Briefs
7783,Men,Apparel,Bottomwear,Track Pants,Black,Fall,2011,Casual,Urban Yoga Men Dhauti Black Track Pant
3323,Men,Apparel,Topwear,Jackets,Blue,Summer,2011,Sports,KKR Mens Fangear Tee
42004,Girls,Apparel,Bottomwear,Capris,Black,Summer,2012,Casual,Gini and Jony Girls Elasticated Black Capris
27493,Women,Apparel,Innerwear,Briefs,Blue,Winter,2015,Casual,Jockey Women Blue Briefs
10023,Women,Apparel,Bottomwear,Track Pants,Grey,Fall,2011,Sports,Nike Women Regular Grey Track Pants
15763,Men,Apparel,Innerwear,Innerwear Vests,Charcoal,Summer,2016,Casual,Facit Men Sportz Charcoal Innerwear Vest
30616,Women,Apparel,Bottomwear,Track Pants,Black,Summer,2012,Sports,Nike Women Black Track Pants
50535,Men,Apparel,Innerwear,Briefs,Grey,Summer,2016,Casual,Chromozome Men Grey Brief
27467,Women,Apparel,Innerwear,Briefs,Skin,Winter,2015,Casual,Jockey Women Skin Bikini Brief
32387,Women,Apparel,Topwear,Sweaters,Black,Summer,2012,Casual,Arrow Woman Black Cardigan
40595,Women,Apparel,Topwear,Kurtis,Black,Summer,2012,Ethnic,Aurelia Women Black Kurti
15797,Men,Apparel,Innerwear,Briefs,White,Summer,2016,Casual,Facit Men White Comfort Briefs
43310,Women,Apparel,Bottomwear,Shorts,Pink,Summer,2012,Casual,United Colors of Benetton Womens Pink Shorts
52434,Women,Apparel,Loungewear and Nightwear,Nightdress,Purple,Summer,2017,Casual,Red Rose Women Purple Nightdress
8955,Men,Apparel,Bottomwear,Trousers,Grey,Fall,2011,Formal,Indigo Nation Men PV stretch Grey Trousers
27231,Women,Apparel,Bottomwear,Skirts,Blue,Summer,2012,Casual,Doodle Kids Girl Washed Blue Skirt
27003,Women,Apparel,Bottomwear,Jeans,Blue,Summer,2012,Casual,Jealous 21 Women Washed Blue Jeans
13236,Men,Apparel,Bottomwear,Shorts,Blue,Fall,2011,Casual,Palm Tree Kids Boys Washed Blue Shorts
31166,Boys,Apparel,Bottomwear,Shorts,Blue,Summer,2012,Casual,Gini and Jony Boys Washed Blue Denim Shorts
57374,Women,Apparel,Innerwear,Briefs,Nude,Winter,2015,Casual,Amante Women Nude-Coloured Briefs PFCL01
20226,Women,Apparel,Topwear,Sweaters,Blue,Fall,2011,Casual,Wrangler Women Shawl Collar Blue Sweater
50990,Women,Apparel,Innerwear,Briefs,Red,Summer,2017,Casual,Enamor Women Red Briefs
18623,Men,Apparel,Topwear,Sweaters,Blue,Fall,2011,Casual,Puma Men Lifestyle Knitted Dark Denim Sweaters
57389,Women,Apparel,Innerwear,Briefs,White,Winter,2015,Casual,Amante Women Pack of 3 Printed Briefs PFCN04
40930,Girls,Apparel,Bottomwear,Leggings,Blue,Summer,2012,Casual,Gini and Jony Girls Happy Style Blue Leggings
57987,Women,Apparel,Topwear,Tunics,White,Fall,2012,Casual,Latin Quarters Women White Printed Tunic
12917,Men,Apparel,Topwear,Sweaters,White,Fall,2011,Casual,Spykar Men Stripe White Sweaters
39792,Men,Apparel,Bottomwear,Trousers,Brown,Summer,2012,Formal,Peter England Men Brown Trousers
59677,Women,Apparel,Innerwear,Briefs,Brown,Summer,2014,Casual,Avirate Black & White  Brief
16927,Men,Apparel,Topwear,Sweaters,Charcoal,Fall,2011,Casual,Spykar Men Solid Charcoal Sweaters
43917,Women,Apparel,Bottomwear,Trousers,Blue,Summer,2012,Casual,Femella Women Blue Trousers
59683,Women,Apparel,Innerwear,Briefs,Black,Summer,2012,Casual,Avirate Black Hi-Leg Brief
30881,Women,Apparel,Topwear,Kurtis,Orange,Summer,2012,Ethnic,Fabindia Women Orange Hand Block Printed Kurti
28042,Men,Apparel,Innerwear,Briefs,Charcoal,Summer,2016,Casual,Jockey ELANCE Men Charcoal Brief 1008
50964,Women,Apparel,Innerwear,Bra,Rose,Summer,2017,Casual,Enamor Rose Coloured Smooth Bra
39130,Women,Apparel,Bottomwear,Leggings,Grey,Fall,2012,Casual,Aneri Women Grey Leggings
7128,Women,Apparel,Bottomwear,Track Pants,Black,Fall,2011,Casual,Urban Yoga Women Bottom Black Track Pant
13831,Men,Apparel,Topwear,Sweaters,Maroon,Fall,2011,Casual,Indigo Nation Men Stripes Maroon Sweaters
19537,Men,Apparel,Topwear,Sweaters,Blue,Summer,2011,Casual,United Colors of Benetton Men Stripes Blue Sweater
48395,Men,Apparel,Bottomwear,Trousers,Black,Summer,2012,Formal,French Connection Men Black Trousers
30412,Men,Apparel,Bottomwear,Jeans,Blue,Summer,2012,Casual,Deni Yo Men Slim Fit Washed Blue Jeans
34280,Women,Apparel,Topwear,Dupatta,Green,Summer,2012,Ethnic,Fabindia Women Green Dupatta
15755,Men,Apparel,Innerwear,Innerwear Vests,Grey,Summer,2016,Casual,Facit Men Fitness Grey Innerwear Vest
17466,Women,Apparel,Innerwear,Bra,White,Summer,2017,Casual,Beyouty Women Zena BR 01 White Bra
12114,Women,Apparel,Topwear,Kurtis,Cream,Fall,2011,Ethnic,W Women Printed Cream Kurtis
9079,Men,Apparel,Bottomwear,Shorts,Black,Fall,2011,Sports,ADIDAS Men Adna 3s Shrt Kn Black Shorts
57184,Women,Apparel,Topwear,Tunics,Pink,Summer,2012,Casual,Elle Women Pink Tunic
15331,Men,Apparel,Bottomwear,Shorts,White,Summer,2012,Sports,Nike Men Solid White Shorts
32721,Men,Apparel,Innerwear,Briefs,White,Summer,2016,Casual,Facit Men White Trenz Brief
51041,Women,Apparel,Innerwear,Briefs,White,Summer,2017,Casual,Enamor Women Ivory Coloured Briefs
50193,Men,Apparel,Innerwear,Innerwear Vests,Black,Summer,2016,Casual,Hanes Men Black Duo Dry Body Fit Crew T-shirt
27207,Men,Apparel,Bottomwear,Shorts,White,Summer,2012,Casual,Doodle Kids Boy  White Shorts
52402,Women,Apparel,Loungewear and Nightwear,Nightdress,Lavender,Winter,2015,Casual,Red Rose Women Lavender Nightdress
57342,Women,Apparel,Innerwear,Bra,Silver,Winter,2015,Casual,Amante Silver-Toned Bra-BGDI01
10485,Men,Apparel,Bottomwear,Jeans,Blue,Fall,2011,Casual,Flying Machine Men Midrise Blue Jeans
56290,Women,Apparel,Innerwear,Briefs,Black,Winter,2015,Casual,Biara Women Black Briefs
14025,Men,Apparel,Bottomwear,Shorts,Grey,Fall,2011,Sports,Nike Men Solid Grey Shorts
20210,Women,Apparel,Topwear,Sweatshirts,Black,Fall,2011,Casual,Wrangler Women Cowl Black Sweatshirt
22547,Men,Apparel,Innerwear,Trunk,Blue,Summer,2016,Casual,Hanes Men Blue Ultimate Duo Dry Cotton Stretch Trunks
39759,Boys,Apparel,Bottomwear,Shorts,Brown,Summer,2012,Casual,Gini Jony Boys Brown Shorts
52254,Men,Apparel,Innerwear,Briefs,Grey,Summer,2016,Casual,Crusoe Men Grey Boxer Briefs
50503,Men,Apparel,Innerwear,Briefs,Grey Melange,Winter,2016,Casual,Chromozome Men Grey Striped Brief
27451,Women,Apparel,Innerwear,Bra,Beige,Summer,2018,Casual,Jockey Essence Beige Full-Coverage Bra 1615
34274,Women,Apparel,Topwear,Dupatta,Off White,Summer,2012,Ethnic,Fabindia Women Printed Pink Dupatta
19950,Men,Apparel,Topwear,Sweatshirts,Olive,Fall,2011,Casual,Puma Men Solid Olive Sweatshirt
16918,Men,Apparel,Bottomwear,Jeans,Blue,Fall,2011,Casual,Spykar Men Washed Blue Jeans
11301,Women,Apparel,Bottomwear,Jeans,Blue,Fall,2011,Casual,Wrangler Women Blue Custom Jeans
41811,Women,Apparel,Innerwear,Bra,Black,Summer,2017,Casual,Enamor Women Black Bra
13836,Men,Apparel,Bottomwear,Shorts,Navy Blue,Fall,2011,Casual,Probase Men Solid Navy Blue Shorts
19530,Men,Apparel,Topwear,Sweaters,Navy Blue,Fall,2011,Casual,United Colors of Benetton Men Stripes Navy Blue Sweater
48392,Men,Apparel,Bottomwear,Trousers,Navy Blue,Summer,2012,Casual,French Connection Men Navy Blue Trousers
28045,Men,Apparel,Innerwear,Briefs,Navy Blue,Summer,2016,Casual,Jockey ELANCE Men Navy Blue Elance Brief 1008
28879,Women,Apparel,Bottomwear,Leggings,Red,Summer,2012,Casual,BIBA OUTLET Women Red Leggings
50963,Women,Apparel,Bottomwear,Jeans,Blue,Summer,2013,Casual,Lee Womens Blue Jeggings
20228,Women,Apparel,Topwear,Sweaters,Red,Fall,2011,Casual,Wrangler Women Cable Red Sweater
39761,Women,Apparel,Bottomwear,Trousers,Beige,Fall,2012,Casual,Arrow Woman Beige Trousers
59684,Women,Apparel,Innerwear,Briefs,Magenta,Summer,2014,Casual,Avirate Magenta Hi-Leg Brief
44309,Men,Apparel,Bottomwear,Shorts,Brown,Summer,2012,Casual,Indian Terrain Men Brown Shorts
11339,Men,Apparel,Bottomwear,Jeans,Blue,Summer,2017,Casual,Lee Men Blue Chicago Fit Jeans
15799,Men,Apparel,Innerwear,Briefs,White,Summer,2016,Casual,Facit Men Pack of Two White Mid-Rise Briefs
25930,Women,Apparel,Bottomwear,Skirts,Black,Summer,2012,Casual,Femella Women Black Skirt
22329,Men,Apparel,Topwear,Sweaters,Grey,Fall,2011,Casual,John Players Men Check Grey Sweater
16920,Men,Apparel,Bottomwear,Jeans,Navy Blue,Fall,2011,Casual,Spykar Men Washed Navy Blue Jeans
56638,Women,Apparel,Topwear,Tunics,Black,Summer,2012,Casual,Mumbai Slang Women Multi Coloured Tunic
39795,Men,Apparel,Bottomwear,Trousers,Black,Summer,2012,Formal,Peter England Men Black Formal Trousers
3923,Men,Apparel,Bottomwear,Track Pants,Navy Blue,Summer,2011,Casual,Urban Yoga Men's Yoga Navy Track Pant
42238,Women,Apparel,Topwear,Tunics,Grey,Summer,2012,Casual,Sepia Women Grey Tunic
56852,Men,Apparel,Bottomwear,Jeans,Blue,Fall,2012,Casual,John Players Men Blue Jeans
26319,Men,Apparel,Bottomwear,Track Pants,Grey,Summer,2012,Sports,Proline Men  Grey Track Pants
18624,Men,Apparel,Topwear,Sweaters,Cream,Fall,2011,Casual,Puma Men Lifestyle Knitted Cream Sweaters
50997,Women,Apparel,Innerwear,Bra,Grey,Summer,2017,Casual,Enamor Grey & Black Reveal Bra
32719,Men,Apparel,Innerwear,Briefs,Navy Blue,Summer,2016,NA,Facit Men Navy Blue Brief
34273,Women,Apparel,Topwear,Dupatta,Green,Summer,2012,Ethnic,Fabindia Women Printed Green Dupatta
19957,Men,Apparel,Topwear,Sweaters,Grey,Fall,2011,Casual,United Colors of Benetton Men Grey Sweater
22316,Men,Apparel,Topwear,Jackets,Grey,Fall,2011,Casual,Wildcraft Men Solid Grey Jacket
11306,Women,Apparel,Bottomwear,Jeans,Blue,Fall,2011,Casual,Wrangler Women Blue Sophia Jeans
21593,Women,Apparel,Bottomwear,Capris,Grey,Summer,2011,Casual,Nike Women Solid Grey Capris
33264,Boys,Apparel,Bottomwear,Shorts,Beige,Summer,2012,Casual,Gini and Jony Boys Beige Shorts
50504,Men,Apparel,Innerwear,Briefs,Navy Blue,Winter,2016,Casual,Chromozome Men Navy Blue Striped Brief
27456,Women,Apparel,Innerwear,Bra,White,Winter,2015,Casual,Jockey Women White Full-Coverage Bra 1616
19359,Women,Apparel,Innerwear,Briefs,Cream,Summer,2017,Casual,Beyouty Women H01 Combo2 Fashion Hipster Pack of 3 Breifs
57345,Women,Apparel,Innerwear,Bra,Lavender,Winter,2015,Casual,Amante Lavender Bra-BGEC01
56297,Women,Apparel,Innerwear,Briefs,Purple,Summer,2017,Casual,Biara Women Purple Briefs
20217,Men,Apparel,Topwear,Sweaters,Navy Blue,Fall,2011,Casual,Wrangler Men Contrast Rib Navy Blue Sweater
14022,Men,Apparel,Bottomwear,Shorts,Navy Blue,Fall,2011,Sports,Nike Men Solid Navy Blue Shorts
27032,Women,Apparel,Bottomwear,Jeans,Blue,Summer,2012,Casual,Jealous 21 Women Blue Hip Fit Jeans
34617,Men,Apparel,Innerwear,Briefs,Black,Summer,2016,Casual,Hanes Men ComfortSoft Pack of 2 Waistband Hip Briefs
57177,Women,Apparel,Topwear,Tunics,Blue,Summer,2012,Casual,Elle Women Blue Tunic
52405,Women,Apparel,Loungewear and Nightwear,Nightdress,Black,Winter,2015,Casual,Red Rose Women Black Nightdress
56263,Men,Apparel,Loungewear and Nightwear,Night suits,Mustard,Summer,2016,Casual,SDL by Sweet Dreams Men Mustard Pyjama Set
51046,Women,Apparel,Innerwear,Bra,Black,Summer,2017,Casual,Enamor Black La Mode Bra
22786,Men,Apparel,Bottomwear,Jeans,Blue,Fall,2011,Casual,Deni Yo Men Washed Blue Jeans
12113,Women,Apparel,Topwear,Kurtis,Blue,Fall,2011,Ethnic,W Women Blue Printed Kurti
57183,Women,Apparel,Topwear,Tunics,Lavender,Summer,2012,Casual,Elle Women Violet and Lavender Tunic
15336,Men,Apparel,Bottomwear,Shorts,Grey,Fall,2011,Casual,Nike Men Solid Grey Shorts
34287,Women,Apparel,Topwear,Dupatta,Green,Summer,2012,Ethnic,Fabindia Women Green Chanderi Dupatta
51610,Women,Apparel,Bottomwear,Trousers,Brown,Fall,2012,Casual,Kraus Jeans Women Brown Corduroy Trousers
15752,Men,Apparel,Innerwear,Innerwear Vests,Navy Blue,Summer,2016,Casual,Facit Men Bicep Tee Navy Blue Innerwear Vest
10012,Men,Apparel,Bottomwear,Track Pants,Navy Blue,Fall,2011,Sports,Nike Men's Breakli Navy Blue Track Pants
15560,Men,Apparel,Bottomwear,Jeans,Blue,Fall,2011,Casual,Spykar Men Washed Blue Jeans
42809,Women,Apparel,Innerwear,Briefs,Green,Summer,2012,Casual,Little Miss Intimates Women Green Brief
30415,Men,Apparel,Bottomwear,Jeans,Blue,Summer,2012,Casual,Deni Yo Men Slim Fit Washed Blue Jeans
13637,Men,Apparel,Innerwear,Innerwear Vests,Grey,Summer,2016,Casual,Hanes Men Grey Premium Sleeveless Crew T-shirt
27402,Women,Apparel,Innerwear,Bra,Black,Winter,2015,Casual,Jockey Essence Jane Black Bra
50550,Men,Apparel,Innerwear,Boxers,Blue,Winter,2016,Casual,Chromozome Men Pack of 2 Assorted Boxers
51482,Men,Apparel,Bottomwear,Jeans,Blue,Summer,2012,Casual,Denizen Men Blue Jeans
36742,Women,Apparel,Bottomwear,Jeans,Blue,Summer,2012,Casual,Spykar Women Aza Blue Jeans
25355,Men,Apparel,Innerwear,Briefs,Black,Summer,2016,Casual,Levis Men Black and Blue Brief
24287,Men,Apparel,Topwear,Sweatshirts,Grey,Summer,2012,Casual,Quiksilver Men Grey Sweatshirt
45082,Women,Apparel,Loungewear and Nightwear,Nightdress,Pink,Summer,2016,Casual,Bwitch Pink Nightdress
27630,Men,Apparel,Bottomwear,Trousers,Khaki,Summer,2012,Casual,Scullers Men Khaki Trousers
17899,Men,Apparel,Topwear,Jackets,Black,Fall,2011,Casual,Nike Men Casual Black Jacket
28678,Men,Apparel,Bottomwear,Track Pants,Black,Summer,2012,Casual,Proline Men Black Track Pants
52451,Women,Apparel,Loungewear and Nightwear,Nightdress,Pink,Winter,2015,Casual,Red Rose Pink Nightdress
40194,Women,Apparel,Topwear,Kurtis,Mustard,Summer,2012,Ethnic,Mumbai Slang Women Mustard Kurti
16513,Men,Apparel,Bottomwear,Jeans,Blue,Fall,2011,Casual,Locomotive Men Washed Blue Jeans
46263,Women,Apparel,Topwear,Tunics,Black,Summer,2012,Casual,109F Women Black Printed Tunic
43523,Women,Apparel,Bottomwear,Trousers,Beige,Winter,2011,Casual,French Connection Women Beige Trousers
57311,Women,Apparel,Innerwear,Bra,Black,Winter,2015,Casual,Amante Black Full-Coverage Bra BCFN02
40160,Boys,Apparel,Bottomwear,Jeans,Navy Blue,Summer,2012,Casual,Gini and Jony Boys Raw Wash Navy Blue Jeans
3510,Women,Apparel,Bottomwear,Capris,Black,Fall,2010,Sports,ADIDAS Women Black Silver Tights Capri
26372,Women,Apparel,Bottomwear,Trousers,Grey,Summer,2012,Formal,Arrow Woman Check Grey Trousers
12147,Women,Apparel,Topwear,Kurtis,Green,Fall,2011,Ethnic,Aurelia Women Solid Green Kurtis
13095,Men,Apparel,Topwear,Sweatshirts,Green,Fall,2011,Sports,ADIDAS Men Cfc Auth Hood Green Sweatshirts
26140,Men,Apparel,Bottomwear,Trousers,Black,Summer,2012,Formal,John Miller Men Striped Black Trousers
51012,Women,Apparel,Innerwear,Bra,White,Summer,2017,Casual,Enamor Rose Coloured Bra
30819,Women,Apparel,Bottomwear,Leggings,Pink,Summer,2012,Ethnic,Fabindia Women Pink Leggings
37200,Men,Apparel,Bottomwear,Jeans,Blue,Summer,2012,Casual,United Colors of Benetton Men Washed Blue Jeans
14082,Men,Apparel,Topwear,Sweaters,Blue,Fall,2011,Casual,Flying Machine Men Solid Blue Sweaters
53745,Women,Apparel,Bottomwear,Capris,Grey,Summer,2012,Casual,ADIDAS Women Dark Grey Capris
40352,Women,Apparel,Bottomwear,Jeans,Navy Blue,Summer,2012,Casual,Tokyo Talkies Women Navy Blue Slim Fit Jeans
56237,Men,Apparel,Loungewear and Nightwear,Night suits,Navy Blue,Summer,2016,Casual,SDL by Sweet Dreams Men Blue & Grey Pyjama Set
47513,Men,Apparel,Innerwear,Briefs,Navy Blue,Summer,2016,Casual,Facit Men Navy Blue Brief
51476,Men,Apparel,Bottomwear,Jeans,Blue,Summer,2012,Casual,Denizen Men Blue Jeans
45076,Women,Apparel,Innerwear,Bra,Purple,Winter,2015,Casual,Bwitch Wine & Black Flair Bra
50937,Men,Apparel,Innerwear,Innerwear Vests,Grey,Summer,2016,Casual,Parx Men Grey Innerwear Vest
18684,Men,Apparel,Innerwear,Briefs,Brown,Summer,2016,Casual,Hanes Men Brown Premium Bikini Briefs
31900,Women,Apparel,Innerwear,Briefs,Black,Summer,2012,Casual,Heart 2 Heart Women Black Briefs H2H-11-2011
28011,Men,Apparel,Innerwear,Trunk,White,Winter,2016,Casual,Jockey ZONE Men White Trunks US19
50339,Women,Apparel,Topwear,Kurtis,Yellow,Summer,2012,Ethnic,Aurelia Women Yellow Kurti
40997,Girls,Apparel,Bottomwear,Jeans,Black,Summer,2012,Casual,Gini and Jony  Girls Woven Black Jeans
59086,Women,Apparel,Innerwear,Briefs,Maroon,Summer,2017,Casual,Peri Peri Women Maroon Brief
25964,Women,Apparel,Topwear,Tunics,Red,Summer,2012,Casual,Femella Women Red Tunic
19332,Women,Apparel,Topwear,Jackets,Black,Fall,2011,Casual,United Colors of Benetton Women Solid Black Jacket
31558,Men,Apparel,Bottomwear,Trousers,Navy Blue,Summer,2012,Formal,Mark Taylor Men Striped Navy Blue Trousers
55821,Women,Apparel,Loungewear and Nightwear,Night suits,Grey Melange,Summer,2017,Casual,SDL by Sweet Dreams Women Grey & Black Printed Night Suit S11-3231
11399,Men,Apparel,Topwear,Sweatshirts,Grey,Fall,2011,Casual,United Colors of Benetton Men Grey Sweatshirt
22987,Men,Apparel,Bottomwear,Shorts,Grey,Summer,2016,Sports,2go Active Gear USA Men Grey Ted Shorts
23069,Men,Apparel,Topwear,Sweaters,Black,Fall,2011,Casual,Arrow Sport Men Black Check Sweater
51811,Women,Apparel,Loungewear and Nightwear,Nightdress,White,Summer,2016,Casual,Bwitch White Nightdress
13298,Men,Apparel,Bottomwear,Shorts,White,Fall,2011,Casual,Gini and Jony Men Solid White Shorts
53548,Women,Apparel,Innerwear,Briefs,Purple,Summer,2017,Casual,Amante Women Purple Lace Briefs QCREJ PGDR01
56806,Women,Apparel,Topwear,Kurtis,Brown,Summer,2012,Ethnic,Aneri Women Printed Brown Kurti
59072,Women,Apparel,Innerwear,Bra,Black,Summer,2017,Casual,Peri Peri Women Black Bra
15701,Men,Apparel,Topwear,Sweaters,Grey,Fall,2011,Casual,Spykar Men Stripes Grey Sweaters
47514,Men,Apparel,Innerwear,Briefs,Red,Summer,2016,Casual,Facit Men Red Brief
51471,Men,Apparel,Bottomwear,Jeans,Black,Summer,2012,Casual,Denizen Men Black Jeans
51829,Women,Apparel,Innerwear,Bra,Red,Summer,2016,Casual,Bwitch Red Bra
42402,Women,Apparel,Bottomwear,Jeans,Blue,Summer,2012,Casual,Flying Machine Women Blue Denim Shorts
51015,Women,Apparel,Innerwear,Bra,White,Summer,2017,Casual,Enamor Ivory Coloured Smooth Bra
14085,Men,Apparel,Topwear,Sweaters,White,Fall,2011,Casual,Flying Machine Men Check White Sweaters
53742,Women,Apparel,Bottomwear,Capris,Black,Summer,2012,Casual,ADIDAS Women Black Capris
45627,Men,Apparel,Innerwear,Briefs,Grey,Summer,2016,Casual,Park Avenue Men Grey Briefs
56230,Men,Apparel,Loungewear and Nightwear,Night suits,Black,Summer,2016,Casual,SDL by Sweet Dreams Men Black Pyjama Set
41889,Men,Apparel,Bottomwear,Jeans,Blue,Winter,2016,Casual,Flying Machine Men Blue Slim Fit Mid-Rise Clean Look Jeans
33495,Men,Apparel,Bottomwear,Shorts,Blue,Summer,2012,Casual,Doodle Kids Boy Striped Blue Shorts
13092,Men,Apparel,Topwear,Jackets,White,Fall,2011,Casual,ADIDAS Men Bnce T-Top White Jackets
43524,Women,Apparel,Bottomwear,Leggings,Black,Summer,2012,Casual,French Connection Women Black Legging
28029,Men,Apparel,Innerwear,Briefs,Navy Blue,Summer,2016,Casual,Jockey ELANCE Mens Navy Blue Briefs 1005
57316,Women,Apparel,Innerwear,Bra,Pink,Winter,2015,Casual,Amante Pink Full-Coverage Lace Bra BCFR01
52456,Women,Apparel,Loungewear and Nightwear,Nightdress,White,Winter,2015,Casual,Red Rose White Printed Nightdress
12988,Women,Apparel,Topwear,Sweaters,Black,Fall,2011,Casual,United Colors Of Benetton Women Womenlight Winter Black Sweaters Black Sweaters
46264,Women,Apparel,Topwear,Tunics,Black,Summer,2012,Casual,109F Women Black Printed Kaftan Tunic
16514,Men,Apparel,Bottomwear,Jeans,Blue,Fall,2011,Casual,Locomotive Men Washed Blue Jeans
8937,Men,Apparel,Bottomwear,Trousers,Brown,Summer,2011,Formal,Scullers Men Scul Brown Trousers
45085,Women,Apparel,Loungewear and Nightwear,Night suits,Lavender,Winter,2015,Casual,Bwitch Lavender Orchid Pyjama Set
58508,Women,Apparel,Topwear,Sweaters,Grey,Summer,2012,Casual,Tonga Women Grey Sweater
27405,Women,Apparel,Bottomwear,Capris,Black,Summer,2018,Casual,Jockey Women Black Capris
50557,Men,Apparel,Innerwear,Innerwear Vests,Charcoal,Summer,2016,Casual,Chromozome Men Charcoal Melange Innerwear T-shirt
17290,Men,Apparel,Topwear,Sweaters,Grey,Fall,2011,Casual,Spykar Men's Solid Sweater
51485,Men,Apparel,Bottomwear,Trousers,Black,Summer,2012,Casual,Denizen Men Black Trousers
55819,Women,Apparel,Loungewear and Nightwear,Night suits,Grey,Summer,2017,Casual,SDL by Sweet Dreams Women Grey & Yellow Night Suit S11-3230
6866,Women,Apparel,Bottomwear,Leggings,Black,Summer,2011,Ethnic,Forever New Women Black Leggings
7188,Women,Apparel,Bottomwear,Jeans,Blue,Fall,2011,Casual,Jealous 21 Women Supper Skinny Zipped Medium Blue Jeans
59075,Women,Apparel,Innerwear,Bra,Black,Summer,2017,Casual,Peri Peri Women Black Bra
51816,Women,Apparel,Innerwear,Bra,Beige,Summer,2016,Casual,Bwitch Beige Bra
54558,Women,Apparel,Topwear,Tunics,Blue,Summer,2012,Casual,Global Desi Women Blue & Pink Tunic
17855,Men,Apparel,Innerwear,Briefs,Navy Blue,Summer,2016,Casual,Levis Men Boxer Navy Blue Brief
24845,Men,Apparel,Topwear,Jackets,Beige,Summer,2015,Casual,Wildcraft Men Wind Cheaters Beige Jacket
33208,Women,Apparel,Topwear,Tunics,Grey,Summer,2012,Casual,Sepia Women Printed Grey Tunic
8762,Women,Apparel,Bottomwear,Track Pants,Black,Fall,2011,Sports,Puma Women's Essential Workout Black Track Pant
19335,Men,Apparel,Topwear,Jackets,White,Fall,2011,Casual,United Colors of Benetton Men Solid White Jacket
50568,Men,Apparel,Innerwear,Trunk,Charcoal,Summer,2016,Casual,Chromozome Men Charcoal Trunks
55826,Women,Apparel,Loungewear and Nightwear,Nightdress,White,Summer,2017,Casual,SDL by Sweet Dreams Women White Nightdress
27608,Men,Apparel,Bottomwear,Trousers,Black,Summer,2012,Casual,Scullers Men Black Trousers
28640,Men,Apparel,Bottomwear,Shorts,Black,Summer,2012,Sports,Nike Men Victor Woven Black Shorts
25963,Women,Apparel,Topwear,Tunics,Purple,Summer,2012,Casual,Femella Women Purple Tunic
7940,Women,Apparel,Bottomwear,Capris,Grey,Fall,2011,Sports,Puma Women Move Dance Grey Capri
59081,Women,Apparel,Innerwear,Bra,Black,Summer,2017,Casual,Peri Peri Women Black Bra
1885,Men,Apparel,Bottomwear,Shorts,Grey,Winter,2010,Casual,FIFA Mens 1904 Heritage Shorts
57329,Women,Apparel,Innerwear,Bra,Pink,Winter,2015,Casual,Amante Pink Full-Coverage T-shirt Bra BCMV01
18683,Men,Apparel,Innerwear,Briefs,Blue,Summer,2016,Casual,Hanes Men Navy Blue Premium Bikini Briefs
16719,Men,Apparel,Topwear,Jackets,Black,Fall,2011,Casual,Fila Men Solid Black Jacket
28016,Men,Apparel,Innerwear,Trunk,White,Winter,2016,Casual,Jockey ZONE STRETCH Men Zone Stretch White Trunks US20
54551,Women,Apparel,Topwear,Tunics,Blue,Summer,2012,Casual,Global Desi Women Blue Tunic
12344,Men,Apparel,Bottomwear,Trousers,Beige,Fall,2011,Formal,Reid & Taylor Men Solid Beige Trousers
51023,Women,Apparel,Innerwear,Bra,Pink,Summer,2017,Casual,Enamor Blush Coloured Bra
56808,Women,Apparel,Topwear,Kurtis,Lavender,Summer,2012,Ethnic,Aneri Women Lavender Kurti
53546,Women,Apparel,Innerwear,Briefs,Brown,Winter,2015,Casual,Amante Women Brown Briefs PGBR11
32571,Women,Apparel,Topwear,Sweaters,Grey,Summer,2012,Casual,ONLY Women Magenta & Grey Sweater
42262,Men,Apparel,Bottomwear,Jeans,Blue,Summer,2012,Casual,John Players Men Blue Jeans
54307,Women,Apparel,Innerwear,Briefs,Grey Melange,Summer,2017,Casual,Garfield Women Grey Melange String Briefs
11397,Men,Apparel,Topwear,Sweaters,Black,Fall,2011,Casual,United Colors of Benetton Men Light WinterSweater Black Sweaters
24242,Women,Apparel,Topwear,Kurtis,Green,Fall,2011,Ethnic,La-Emotio Women Green Kurti
16380,Men,Apparel,Bottomwear,Trousers,Brown,Fall,2011,Formal,Peter England Men Stripes Dark Brown Trouser
47522,Men,Apparel,Innerwear,Briefs,Khaki,Summer,2016,Casual,Facit Men Khaki Breif
23067,Men,Apparel,Topwear,Sweaters,Brown,Fall,2011,Casual,Arrow Men Brown Striped Sweater
50595,Men,Apparel,Innerwear,Briefs,Grey,Summer,2016,Casual,Chromozome Men Grey Briefs
7511,Women,Apparel,Bottomwear,Track Pants,Navy Blue,Summer,2011,Sports,Nike Women Be Strong Navy Blue Pant
25364,Men,Apparel,Innerwear,Trunk,Black,Summer,2016,Casual,Levis Men Black & White Trunks
27433,Women,Apparel,Innerwear,Bra,Grey Melange,Winter,2015,Sports,Jockey Women Grey Melange Eva Sports Bra
30484,Women,Apparel,Innerwear,Bra,Black,Summer,2014,Casual,Lovable Women Fiona Black Bra
16374,Men,Apparel,Bottomwear,Trousers,Navy Blue,Fall,2011,Formal,Peter England Men Stripes Navy Blue Trouser
50561,Men,Apparel,Innerwear,Briefs,Charcoal,Summer,2016,Casual,Chromozome Men Pack of Two  Briefs
57320,Women,Apparel,Innerwear,Bra,Maroon,Winter,2015,Casual,Amante Maroon Full-Coverage Lace Bra BCFR02
13262,Women,Apparel,Bottomwear,Jeans,Blue,Fall,2011,Casual,Palm Tree Kids Girl Washed Blue Jeans
50939,Men,Apparel,Innerwear,Innerwear Vests,Navy Blue,Summer,2016,Casual,Parx Men Navy Blue Vest
50337,Women,Apparel,Topwear,Kurtis,Blue,Summer,2012,Ethnic,Aurelia Women Blue Kurti
46252,Women,Apparel,Topwear,Tunics,Yellow,Summer,2012,Casual,Fusion Beats Women Yellow Tunic
16522,Men,Apparel,Bottomwear,Jeans,Blue,Fall,2011,Casual,Locomotive Men Washed Blue Jeans
8901,Men,Apparel,Bottomwear,Trousers,Grey,Fall,2011,Formal,Indigo Nation Men PV stretch Grey Trousers
59088,Women,Apparel,Innerwear,Bra,Purple,Summer,2017,Casual,Peri Peri Women Purple Bra
52460,Women,Apparel,Loungewear and Nightwear,Nightdress,Green,Winter,2015,Casual,Red Rose Green Nightdress
40999,Girls,Apparel,Bottomwear,Jeans,Black,Summer,2012,Casual,Gini and Jony Girls Woven Black Jeans
32585,Women,Apparel,Bottomwear,Trousers,Black,Summer,2012,Casual,Only  Women Black Trousers
9672,Men,Apparel,Bottomwear,Shorts,Black,Fall,2011,Casual,ADIDAS Men Addi Black Shorts
17863,Men,Apparel,Innerwear,Briefs,Maroon,Summer,2016,Casual,Levis Men Maroon Brief
12149,Women,Apparel,Topwear,Kurtis,Blue,Fall,2011,Ethnic,Aurelia Women Printed Blue Kurtis
30817,Women,Apparel,Bottomwear,Leggings,Rust,Summer,2012,Ethnic,Fabindia Women Rust Leggings
56239,Men,Apparel,Loungewear and Nightwear,Night suits,Grey,Summer,2016,Casual,SDL by Sweet Dreams Men Grey & Blue Pyjama Set
15962,Men,Apparel,Topwear,Jackets,Khaki,Fall,2011,Casual,Turtle Solid Men Khaki Jacket
18487,Men,Apparel,Bottomwear,Jeans,Blue,Fall,2011,Casual,Puma Men Washed Blue Jeans
28020,Men,Apparel,Innerwear,Briefs,Blue,Summer,2016,Casual,Jockey ELANCE Mens Blue Pack of two Briefs 1004
26986,Women,Apparel,Bottomwear,Shorts,Purple,Summer,2012,Casual,Jealous 21 Women Purple Shorts
13639,Men,Apparel,Innerwear,Innerwear Vests,Blue,Summer,2016,Casual,Hanes Men Blue Crew Duo Dry Body Fit Crew T-shirt
55810,Women,Apparel,Loungewear and Nightwear,Night suits,Cream,Summer,2017,Casual,SDL by Sweet Dreams Women Cream & Grey Night Suit S11-3186
24289,Men,Apparel,Topwear,Sweatshirts,Black,Summer,2012,Casual,Quiksilver Men Black Sweatshirt
17897,Men,Apparel,Topwear,Jackets,Black,Fall,2011,Sports,Nike Men Football Soccer Black Jacket
46255,Women,Apparel,Topwear,Tunics,Brown,Summer,2012,Casual,Fusion Beats Women Multi Coloured Tunic
57327,Women,Apparel,Innerwear,Bra,White,Winter,2015,Casual,Amante White T-shirt Bra BCMF02
28018,Men,Apparel,Innerwear,Briefs,Charcoal,Summer,2016,Casual,Jockey ELANCE Men Grey Pack of 2 Briefs 1004
31909,Women,Apparel,Innerwear,Briefs,Pink,Summer,2015,Casual,Heart 2 Heart Women Pink Printed Briefs H2H-9-2011
30483,Women,Apparel,Innerwear,Bra,Cream,Summer,2014,Casual,Lovable Women Tease Yellow Bra
27434,Women,Apparel,Innerwear,Bra,Black,Fall,2015,Sports,Jockey Black Xena Sports Bra 1378
55828,Women,Apparel,Loungewear and Nightwear,Nightdress,White,Summer,2017,Casual,SDL by Sweet Dreams Women Purple Nightdress
16373,Men,Apparel,Bottomwear,Trousers,Charcoal,Fall,2011,Formal,Peter England Men Solid Charcoal Trouser
35939,Men,Apparel,Bottomwear,Jeans,Blue,Winter,2016,Casual,Flying Machine Men Skinny Blue Jeans
30477,Women,Apparel,Innerwear,Bra,Beige,Summer,2014,Casual,Lovable Women Encircle Beige Bra
50592,Men,Apparel,Innerwear,Briefs,Black,Summer,2016,Casual,Chromozome Men Black Briefs
47525,Men,Apparel,Innerwear,Briefs,Blue,Summer,2016,Casual,Facit Men Blue Brief
42265,Men,Apparel,Bottomwear,Jeans,Blue,Summer,2012,Casual,John Players Men Blue Jeans
32112,Men,Apparel,Innerwear,Briefs,Grey,Summer,2016,Casual,Playboy Men Rap Grey Brief
7186,Women,Apparel,Bottomwear,Jeans,Blue,Fall,2011,Casual,Jealous 21 Women Supper Skinny Zipped Blue Jeans
53541,Women,Apparel,Innerwear,Briefs,White,Summer,2018,Casual,Amante Women Pack of 2 Bikini Briefs PFFL03
14286,Men,Apparel,Bottomwear,Trousers,Grey,Fall,2011,Formal,Belmonte Men Solid Trouser Grey Trousers
40364,Women,Apparel,Bottomwear,Jeans,Navy Blue,Summer,2012,Casual,Tokyo Talkies Women Navy Jeans
18679,Men,Apparel,Innerwear,Trunk,Brown,Summer,2016,Casual,Hanes Men  Brown Boxer Trunks
51024,Women,Apparel,Innerwear,Bra,Cream,Summer,2017,Casual,Enamor Cream Smooth Bra
17890,Men,Apparel,Innerwear,Innerwear Vests,Maroon,Summer,2016,Casual,Levis Men Cruiser Maroon Innerwear Vest
55817,Women,Apparel,Loungewear and Nightwear,Night suits,Pink,Summer,2017,Casual,SDL by Sweet Dreams Women Pink Printed Night Suit S11-3229
50559,Men,Apparel,Innerwear,Innerwear Vests,White,Summer,2016,Casual,Chromozome Men White Innerwear T-shirt
11169,Men,Apparel,Topwear,Sweaters,Green,Fall,2011,Casual,Scullers Men Stripes Green Sweaters
28027,Men,Apparel,Innerwear,Briefs,Grey Melange,Summer,2016,Casual,Jockey ELANCE Men Grey Melange Brief 1005
31936,Women,Apparel,Topwear,Tunics,Blue,Summer,2012,Ethnic,Mumbai Slang Women Printed Blue Tunic
57318,Women,Apparel,Innerwear,Bra,Black,Winter,2015,Casual,Amante Black Full-Coverage Lace Bra BCFR02
52458,Women,Apparel,Loungewear and Nightwear,Nightdress,Red,Summer,2017,Casual,Red Rose Women Red Nightdress
31338,Men,Apparel,Bottomwear,Jeans,Blue,Summer,2012,Casual,Locomotive Men Washed Blue Jeans
19552,Men,Apparel,Topwear,Sweatshirts,Purple,Fall,2011,Casual,United Colors of Benetton Men Solid Purple SweatShirt
26149,Men,Apparel,Bottomwear,Trousers,Charcoal,Summer,2012,Formal,John Miller Men Charcoal Trousers
46890,Men,Apparel,Bottomwear,Jeans,Blue,Summer,2012,Casual,Locomotive Men Blue Jeans
51827,Women,Apparel,Innerwear,Bra,Grey,Summer,2016,Casual,Bwitch Grey Bra
30810,Women,Apparel,Bottomwear,Leggings,Beige,Summer,2012,Casual,Fabindia Women Beige Leggings
45629,Men,Apparel,Innerwear,Briefs,Black,Summer,2016,Casual,Park Avenue Men Black Briefs
37209,Girls,Apparel,Bottomwear,Jeans,Blue,Summer,2012,Casual,United Colors of Benetton Girls Blue Jeans
15965,Men,Apparel,Topwear,Jackets,Black,Fall,2011,Casual,Turtle Solid Men Black Jacket
6857,Women,Apparel,Bottomwear,Skirts,Black,Summer,2011,Casual,Forever New Women's Animal Stroke Print Black Skirt
17864,Men,Apparel,Innerwear,Briefs,Black,Summer,2016,Casual,Levis Men Boxer Black Brief
53328,Men,Apparel,Innerwear,Boxers,Multi,Summer,2016,Casual,Smugglerz Men Multi Coloured Check Boxers
42239,Women,Apparel,Topwear,Tunics,Blue,Summer,2012,Casual,Sepia Women Blue Tunic
3922,Men,Apparel,Bottomwear,Track Pants,Grey,Summer,2011,Casual,Urban Yoga Men Bottom Grey Melange Yoga Pants
19393,Men,Apparel,Topwear,Sweaters,Green,Summer,2011,Casual,ADIDAS Men Stripes Green Sweater
52299,Men,Apparel,Innerwear,Boxers,Red,Summer,2016,Casual,Crusoe Men Red Printed Get Away Boxers R09
39794,Men,Apparel,Bottomwear,Trousers,Grey,Summer,2012,Formal,Peter England Men Grey Formal Trousers
56639,Women,Apparel,Topwear,Tunics,White,Summer,2012,Casual,Mumbai Slang Women Red & Black Tunic
51844,Women,Apparel,Loungewear and Nightwear,Nightdress,Brown,Summer,2016,Casual,Bwitch Brown Nightdress
50996,Women,Apparel,Innerwear,Bra,Purple,Summer,2017,Casual,Enamor Purple Smooth Bra
32718,Men,Apparel,Innerwear,Briefs,Grey,Summer,2016,Casual,Facit Men Grey Brief
28878,Women,Apparel,Bottomwear,Leggings,Lavender,Summer,2012,Casual,BIBA OUTLET Women Lavender Leggings
50962,Women,Apparel,Bottomwear,Jeans,Blue,Winter,2011,Casual,Lee Womens Blue Maxi Fit Jeans
28044,Men,Apparel,Innerwear,Briefs,Blue,Summer,2016,Casual,Jockey ELANCE Men Blue Brief 1008
20229,Women,Apparel,Topwear,Sweaters,Blue,Fall,2011,Casual,Wrangler Women Cable Blue Sweater
48393,Men,Apparel,Bottomwear,Jeans,Navy Blue,Summer,2012,Casual,French Connection Navy Washed Skinny Stretchable Jeans
25931,Women,Apparel,Bottomwear,Skirts,Red,Summer,2012,Casual,Femella Women Red Skirt
15798,Men,Apparel,Innerwear,Briefs,White,Summer,2016,Casual,Facit Men White String Bikini Briefs
33068,Men,Apparel,Bottomwear,Shorts,Grey,Summer,2012,Casual,U.S.Polo Assn. Men Mud Grey Shorts
44906,Men,Apparel,Bottomwear,Shorts,White,Summer,2012,Casual,Puma Men White 3/4 Length Pants
16921,Men,Apparel,Bottomwear,Jeans,Blue,Fall,2011,Casual,Spykar Men Washed Blue Jeans
22328,Men,Apparel,Topwear,Sweaters,Navy Blue,Fall,2011,Casual,John Players Men Stripes Navy Blue Sweater
27468,Women,Apparel,Innerwear,Briefs,White,Winter,2017,Casual,Jockey Women White Briefs
59685,Women,Apparel,Innerwear,Briefs,Grey,Summer,2012,Casual,Avirate Grey Boyshort Brief
39760,Women,Apparel,Bottomwear,Trousers,Black,Summer,2012,Casual,Arrow Woman Black Trousers
32388,Women,Apparel,Topwear,Sweaters,Beige,Summer,2012,Casual,Arrow Woman Beige Cardigan
12112,Women,Apparel,Topwear,Kurtis,Purple,Fall,2011,Ethnic,W Women Printed Purple Kurtis
22787,Men,Apparel,Bottomwear,Jeans,Blue,Fall,2011,Casual,Deni Yo Men Washed Blue Jeans
57182,Women,Apparel,Topwear,Tunics,Red,Summer,2012,Casual,Elle Women Red Tunic
56262,Men,Apparel,Loungewear and Nightwear,Night suits,Maroon,Summer,2016,Casual,SDL by Sweet Dreams Men Maroon Pyjama Set
26929,Women,Apparel,Topwear,Tunics,Grey,Summer,2012,Casual,Jealous 21 Women Dark Grey Tunic
51047,Women,Apparel,Innerwear,Bra,Beige,Summer,2017,Casual,Enamor Nude Coloured Smooth Bra
15561,Men,Apparel,Bottomwear,Jeans,Blue,Fall,2011,Casual,Spykar Men Washed Blue Jeans
42808,Women,Apparel,Innerwear,Briefs,Pink,Summer,2012,Casual,Little Miss Intimates Women Pink Brief
18870,Women,Apparel,Bottomwear,Track Pants,Grey,Fall,2011,Casual,Puma Women Grey Core Track Pants
51611,Women,Apparel,Bottomwear,Leggings,Black,Fall,2012,Casual,Kraus Jeans Women Black Leggings
15753,Men,Apparel,Innerwear,Innerwear Vests,Grey,Summer,2016,Casual,Facit Men Square Neck Grey Innerwear Vest
27457,Women,Apparel,Innerwear,Bra,Black,Fall,2015,Casual,Jockey Black Seamless Bra 1672
50505,Men,Apparel,Innerwear,Briefs,Red,Winter,2016,Casual,Chromozome Men Red Striped Brief
34272,Women,Apparel,Topwear,Dupatta,Off White,Summer,2012,Ethnic,Fabindia Women Printed Off White & Green Dupatta
22317,Men,Apparel,Topwear,Jackets,Khaki,Fall,2011,Casual,Wildcraft Men Solid Khaki Jacket
19956,Men,Apparel,Topwear,Sweaters,Green,Spring,2013,Casual,United Colors of Benetton Men Green Sweater
21592,Men,Apparel,Bottomwear,Shorts,Grey,Fall,2011,Sports,Artengo Men Solid Grey Short
11307,Women,Apparel,Bottomwear,Jeans,Blue,Fall,2011,Casual,Wrangler Women Blue Michelle Jeans
34616,Men,Apparel,Innerwear,Briefs,Black,Summer,2016,Casual,Hanes Men ComfortSoft Pack of 2 Waistband Hip Briefs
52404,Women,Apparel,Loungewear and Nightwear,Nightdress,Blue,Winter,2015,Casual,Red Rose Women Blue Nightdress
20216,Men,Apparel,Topwear,Sweaters,Red,Fall,2011,Casual,Wrangler Men Rib Red Sweater
14023,Men,Apparel,Bottomwear,Shorts,Navy Blue,Fall,2012,Sports,Nike Men Solid Navy Blue Shorts
57344,Women,Apparel,Innerwear,Bra,Purple,Winter,2015,Casual,Amante Purple Bra-BGDI03
56296,Women,Apparel,Innerwear,Briefs,Rose,Winter,2015,Casual,Biara Women Rose Briefs
12788,Women,Apparel,Topwear,Kurtis,Pink,Fall,2011,Ethnic,Mother Earth Women Renu Pink Kurtis
19360,Women,Apparel,Innerwear,Briefs,White,Summer,2017,Casual,Beyouty Women H01 Combo3 Fashion Hipster Pack of 3 Breifs
43916,Women,Apparel,Bottomwear,Shorts,Yellow,Summer,2012,Casual,Femella Women Yellow Shorts
59682,Women,Apparel,Innerwear,Briefs,Purple,Summer,2012,Casual,Avirate Purple Hi-Leg Brief
58562,Women,Apparel,Bottomwear,Jeans,Navy Blue,Fall,2012,Casual,Puma Women Navy Blue Jeans
43318,Women,Apparel,Bottomwear,Jeans,Black,Summer,2012,Casual,United Colors of Benetton Women Black Jeans
39131,Women,Apparel,Bottomwear,Leggings,Pink,Fall,2012,Casual,Aneri Women Pink Leggings
19536,Men,Apparel,Topwear,Sweaters,Purple,Summer,2011,Casual,United Colors of Benetton Men Solid Purple Sweater
48394,Men,Apparel,Bottomwear,Trousers,Black,Summer,2012,Formal,French Connection Men Black Trousers
13830,Men,Apparel,Topwear,Sweaters,Grey,Fall,2011,Casual,Indigo Nation Men Stripes Grey Sweaters
50965,Women,Apparel,Innerwear,Bra,Lavender,Summer,2017,Casual,Enamor Lavender Smooth Bra
22579,Women,Apparel,Topwear,Sweatshirts,Black,Summer,2011,Sports,Nike Women Black Sweatshirt
28043,Men,Apparel,Innerwear,Briefs,Grey Melange,Summer,2016,Casual,Jockey ELANCE Men Grey Melange Brief 1008
40931,Girls,Apparel,Bottomwear,Leggings,Blue,Summer,2012,Casual,Gini and Jony Girls Happy Style Blue Leggings
24448,Women,Apparel,Innerwear,Briefs,Lavender,Summer,2017,Casual,Beyouty Women Pack of 3 Briefs
50991,Women,Apparel,Innerwear,Briefs,Peach,Summer,2017,Casual,Enamor Women Peach Briefs
57388,Women,Apparel,Innerwear,Briefs,White,Winter,2015,Casual,Amante Women Pack of 3 Briefs PFCN04
19394,Men,Apparel,Topwear,Jackets,Blue,Summer,2011,Casual,ADIDAS Men Solid Blue Jacket
39793,Men,Apparel,Bottomwear,Trousers,Grey,Summer,2012,Formal,Peter England Men Grey Formal Trousers
23209,Women,Apparel,Topwear,Kurtis,Black,Fall,2011,Ethnic,Aneri Women Twinkle Black Kurti
14024,Men,Apparel,Bottomwear,Shorts,Black,Fall,2011,Sports,Nike Men Solid Black Shorts
20211,Women,Apparel,Topwear,Sweatshirts,Green,Fall,2011,Casual,Wrangler Women Green Sweatshirt
57343,Women,Apparel,Innerwear,Bra,Pink,Winter,2015,Casual,Amante Women Push-Up Pink Bra-BGDI03
11556,Women,Apparel,Topwear,Kurtis,Cream,Summer,2011,Ethnic,W Women Printed Cream Kurtis
56291,Women,Apparel,Innerwear,Briefs,Maroon,Winter,2015,Casual,Biara Women Maroon Briefs
27206,Men,Apparel,Bottomwear,Shorts,Blue,Summer,2012,Casual,Doodle Kids Boy Light Blue Shorts
22774,Women,Apparel,Topwear,Kurtis,Off White,Fall,2011,Ethnic,BIBA OUTLET Women Printed Off White Kurti
34611,Men,Apparel,Innerwear,Briefs,Navy Blue,Summer,2016,Casual,Hanes Men Navy Blue Stretch Duo Dry Cotton Stretch Hip Briefs
52403,Women,Apparel,Loungewear and Nightwear,Nightdress,Off White,Winter,2015,Casual,Red Rose Women Off White Nightdress
16919,Men,Apparel,Bottomwear,Jeans,Blue,Fall,2011,Casual,Spykar Men Washed Blue Jeans
34275,Women,Apparel,Topwear,Dupatta,Off White,Summer,2012,Ethnic,Fabindia Women Printed Off White Dupatta
25909,Women,Apparel,Bottomwear,Leggings,Pink,Summer,2012,Casual,Femella Women Pink Leggings
52255,Men,Apparel,Innerwear,Briefs,Blue,Summer,2016,Casual,Crusoe Men Blue Boxer Briefs
5017,Women,Apparel,Bottomwear,Capris,Pink,Summer,2016,Casual,Levis Kids Girl's Alicia Pink Kidswear
39758,Boys,Apparel,Bottomwear,Shorts,Brown,Summer,2012,Casual,Gini Jony Boys Brown Shorts
27450,Women,Apparel,Innerwear,Bra,Black,Winter,2017,Casual,Jockey Essence Black Solid Non-Wired Non-Padded Slim Fit Bra 1615
50502,Men,Apparel,Innerwear,Briefs,Grey,Winter,2016,Casual,Chromozome Men Grey & Red Briefs
42201,Women,Apparel,Topwear,Tunics,Orange,Summer,2012,Casual,Sepia Women Orange Tunic
34281,Women,Apparel,Topwear,Dupatta,Blue,Summer,2012,Ethnic,Fabindia Women Blue Dupatta
15754,Men,Apparel,Innerwear,Innerwear Vests,Grey,Summer,2016,Casual,Facit Men Sportz Grey Innerwear Vest
56265,Men,Apparel,Loungewear and Nightwear,Night suits,Red,Summer,2016,Casual,SDL by Sweet Dreams Men Red & Blue Pyjama Set
32720,Men,Apparel,Innerwear,Briefs,Red,Summer,2016,Casual,Facit Men Red Trenz Brief
51040,Women,Apparel,Innerwear,Briefs,White,Summer,2017,Casual,Enamor Women White Printed Briefs
28088,Men,Apparel,Innerwear,Briefs,White,Summer,2016,Casual,Jockey Men Gold Edition White Brief
50192,Men,Apparel,Innerwear,Innerwear Vests,White,Summer,2016,Casual,Hanes Men White Duo Dry Cotton Stretch Muscle T-shirt
26320,Men,Apparel,Bottomwear,Track Pants,Navy Blue,Summer,2012,Sports,Proline Men  Navy Blue Track Pants
3542,Men,Apparel,Bottomwear,Shorts,Black,Summer,2011,Sports,ADIDAS Men's Black Short
9078,Men,Apparel,Bottomwear,Track Pants,Black,Spring,2013,Sports,ADIDAS Men Crkt Col Pant Black Trackpant
53525,Women,Apparel,Innerwear,Bra,Red,Winter,2015,Casual,Amante Red Striped Push-Up Bra BGSR11
15330,Men,Apparel,Bottomwear,Shorts,Black,Summer,2012,Sports,Nike Men Solid Black Shorts
57185,Women,Apparel,Topwear,Tunics,Green,Summer,2012,Casual,Elle Women Green Tunic
34618,Men,Apparel,Innerwear,Briefs,Navy Blue,Summer,2016,Casual,Hanes Men ComfortSoft Pack of 2 Waistband Hip Briefs
57178,Women,Apparel,Topwear,Tunics,Blue,Summer,2012,Casual,Elle Women Blue Tunic
20218,Men,Apparel,Topwear,Sweaters,Charcoal,Fall,2011,Casual,Wrangler Men Rib Charcoal Sweater
56298,Women,Apparel,Innerwear,Bra,Red,Summer,2017,Casual,Biara Women Red Blush Bra
50953,Women,Apparel,Bottomwear,Jeans,Blue,Winter,2011,Casual,Lee Womens Blue Maxi Fit Jeans
28075,Men,Apparel,Innerwear,Trunk,Blue,Summer,2016,Casual,Jockey MC Men Blue Midway Classic Trunks 1101
19356,Women,Apparel,Innerwear,Briefs,Cream,Summer,2017,Casual,Beyouty Women B01 Combo2 Fashion  Low-Rise Pack of 3 Breifs
27459,Women,Apparel,Innerwear,Bra,White,Fall,2015,Casual,Jockey Women White Seamless Bra 1672
16910,Men,Apparel,Topwear,Sweatshirts,Blue,Fall,2011,Casual,Mr. Men Men Printed Blue Sweatshirt
19958,Men,Apparel,Topwear,Sweaters,Red,Fall,2011,Casual,United Colors of Benetton Men Solid Red Sweater
25900,Women,Apparel,Bottomwear,Leggings,Teal,Summer,2012,Casual,Femella Women Teal Skinny Leggings
11309,Men,Apparel,Bottomwear,Jeans,NA,Fall,2016,Casual,Wrangler Men Blue Floyd Jeans
48500,Women,Apparel,Bottomwear,Jeans,Blue,Winter,2011,Casual,French Connection Women Blue Jeans
42806,Women,Apparel,Innerwear,Briefs,Blue,Summer,2012,Casual,Little Miss Intimates Women Blue Brief
34288,Women,Apparel,Topwear,Dupatta,Off White,Summer,2012,Ethnic,Fabindia Women Off White Chanderi Dupatta
15339,Women,Apparel,Bottomwear,Shorts,Grey,Fall,2011,Sports,Nike Women Solid Grey Shorts
28081,Men,Apparel,Innerwear,Briefs,Grey,Summer,2016,Casual,Jockey MODERN CLASSIC Men Grey Y Front Briefs 2007
51049,Women,Apparel,Innerwear,Bra,Maroon,Summer,2017,Casual,Enamor Maroon La Mode Bra
15796,Men,Apparel,Innerwear,Briefs,Grey,Summer,2016,Casual,Facit Men Mid- Rise BF Grey Briefs
40594,Women,Apparel,Topwear,Kurtis,Rust,Summer,2012,Ethnic,Aurelia Women Rust Kurti
11336,Men,Apparel,Bottomwear,Jeans,Blue,Fall,2011,Casual,United Colors of Benetton Men Washed Blue Jeans
43311,Women,Apparel,Topwear,Sweaters,White,Summer,2012,Casual,United Colors of Benetton Women Pink Sweater
7544,Women,Apparel,Bottomwear,Capris,Grey,Summer,2011,Sports,Nike Women Classic Grey Capri
19967,Men,Apparel,Topwear,Sweaters,Maroon,Fall,2011,Casual,United Colors of Benetton Men Maroon Sweaters
27466,Women,Apparel,Innerwear,Briefs,Black,Winter,2017,Casual,Jockey Women Black Bikini Brief 1803-0105
54194,Men,Apparel,Bottomwear,Trousers,Grey,Summer,2012,Casual,Highlander Men Grey Chinos
27002,Women,Apparel,Bottomwear,Jeans,Blue,Summer,2012,Casual,Jealous 21 Women Washed Light Blue Jeans
13237,Men,Apparel,Bottomwear,Shorts,Blue,Fall,2011,Casual,Palm Tree Kids Boys Washed Blue Shorts
20227,Women,Apparel,Topwear,Sweaters,Green,Fall,2011,Casual,Wrangler Women Solid Green Sweater
57375,Women,Apparel,Innerwear,Briefs,White,Winter,2015,Casual,Amante Women White Briefs PFCL01
52435,Women,Apparel,Loungewear and Nightwear,Nightdress,Purple,Summer,2017,Casual,Red Rose Women Purple Nightdress
27230,Women,Apparel,Bottomwear,Capris,White,Summer,2012,Casual,Doodle Kids Girl  White Capris
8954,Men,Apparel,Bottomwear,Trousers,Brown,Fall,2011,Formal,Indigo Nation Men PV stretch Brown Trousers
28882,Women,Apparel,Innerwear,Briefs,Skin,Summer,2014,Casual,Enamor Women Beige Mid-Rise Bikini Brief
50998,Women,Apparel,Innerwear,Bra,Green,Summer,2014,Casual,Enamor Youth Green Bra
22584,Men,Apparel,Bottomwear,Shorts,Grey,Summer,2011,Sports,Nike Men Solid Grey Shorts
45644,Men,Apparel,Innerwear,Briefs,White,Summer,2016,Casual,Park Avenue Men White Briefs FB001
15134,Men,Apparel,Bottomwear,Trousers,Brown,Fall,2011,Casual,Arrow Sport Men Solid Brown Trousers
44796,Men,Apparel,Innerwear,Briefs,Black,Summer,2016,Casual,Calvin Klein Men Black Brief
56253,Men,Apparel,Loungewear and Nightwear,Night suits,Red,Summer,2016,Casual,SDL by Sweet Dreams Men Red & Blue Pyjama Set
26316,Men,Apparel,Bottomwear,Track Pants,Navy Blue,Summer,2013,Sports,Proline Men Navy Track Pants
15762,Men,Apparel,Innerwear,Innerwear Vests,Olive,Summer,2016,Casual,Facit Men Smart Olive Innerwear Vest
30617,Women,Apparel,Bottomwear,Track Pants,Grey,Summer,2012,Sports,Nike Women Grey Track Pants
27492,Women,Apparel,Innerwear,Briefs,Burgundy,Winter,2015,Casual,Jockey Women Burgundy Briefs
7782,Men,Apparel,Bottomwear,Track Pants,Black,Fall,2011,Casual,Urban Yoga Men's Abhayas Black Track Pant
53345,Men,Apparel,Innerwear,Boxers,Orange,Summer,2016,Casual,Smugglerz Men Orange Check Boxers
28086,Men,Apparel,Innerwear,Briefs,Black,Summer,2016,Casual,Jockey GOLDEDN Men Black Briefs 4012
9076,Women,Apparel,Bottomwear,Track Pants,Blue,Fall,2011,Sports,ADIDAS Women Wo Basic Yo Pant Blue Trackpant
14688,Men,Apparel,Bottomwear,Trousers,Beige,Fall,2011,Casual,Basics Men Beige Trousers
16917,Men,Apparel,Bottomwear,Jeans,Blue,Fall,2011,Casual,Spykar Men Washed Blue Jeans
44930,Men,Apparel,Bottomwear,Jeans,Blue,Summer,2012,Casual,Jack & Jones Men Blue Jeans
5019,Women,Apparel,Bottomwear,Skirts,Navy Blue,Summer,2011,Casual,Levis Kids Girl's Betsy Navy Kidswear
39756,Boys,Apparel,Bottomwear,Shorts,White,Summer,2012,Casual,Gini Jony Boys White Shorts
50954,Women,Apparel,Bottomwear,Jeans,Blue,Winter,2011,Casual,Lee Womens Blue Jeans
28072,Men,Apparel,Innerwear,Trunk,Black,Summer,2016,Casual,Jockey MC Men Black Midway Classic Trunks 1101
27208,Men,Apparel,Bottomwear,Shorts,Beige,Summer,2012,Casual,Doodle Kids Boy  Beige Shorts
9082,Men,Apparel,Bottomwear,Track Pants,Navy Blue,Fall,2011,Sports,ADIDAS Men Torment Pant Navy Blue Trackpant
42002,Girls,Apparel,Bottomwear,Capris,Pink,Summer,2012,Casual,Gini and Jony Girls Kinky Pink Capris
27495,Women,Apparel,Innerwear,Briefs,White,Winter,2015,Casual,Jockey Women White Briefs
17200,Men,Apparel,Topwear,Sweaters,Red,Winter,2016,Casual,U.S. Polo Assn. Men Solid Tibetian Red Sweater
15557,Men,Apparel,Topwear,Sweaters,Blue,Fall,2011,Casual,Spykar Men Stripes Blue Sweaters
59678,Women,Apparel,Innerwear,Briefs,White,Summer,2014,Casual,Avirate Black & White  Brief
15765,Men,Apparel,Innerwear,Innerwear Vests,Yellow,Summer,2016,Casual,Facit Men Hunk Yellow Innerwear Vest
30610,Men,Apparel,Bottomwear,Shorts,Black,Summer,2012,Sports,Nike Men Black Shorts
21134,Women,Apparel,Topwear,Sweaters,Grey,Fall,2011,Casual,s.Oliver Women Solid Grey Sweater
24446,Women,Apparel,Innerwear,Briefs,Green,Summer,2017,Casual,Beyouty Women Pack of 3 Briefs
26311,Men,Apparel,Bottomwear,Shorts,Charcoal,Summer,2012,Sports,Proline Charcoal Grey Shorts
28885,Women,Apparel,Innerwear,Briefs,Brown,Summer,2012,Casual,Enamor Women Brown Low-Rise Bikini Brief
23451,Men,Apparel,Bottomwear,Jeans,Black,Summer,2012,Casual,Deni Yo Men Black Washed Slim Fit Jeans
45643,Men,Apparel,Innerwear,Briefs,White,Summer,2016,Casual,Park Avenue Men White Fashion Brief
44791,Men,Apparel,Innerwear,Boxers,Blue,Summer,2016,Casual,Calvin Klein Mens blue Boxers
11593,Women,Apparel,Topwear,Kurtis,Blue,Summer,2011,Ethnic,W Women Printed Blue Kurtis
56254,Men,Apparel,Loungewear and Nightwear,Night suits,Green,Summer,2016,Casual,SDL by Sweet Dreams Men Green & White Pyjama Set
52432,Women,Apparel,Loungewear and Nightwear,Nightdress,Navy Blue,Winter,2015,Casual,Red Rose Navy Blue & White Nightdress
57140,Women,Apparel,Bottomwear,Trousers,Brown,Summer,2012,Casual,Elle Women Brown Trousers
31352,Men,Apparel,Bottomwear,Jeans,Navy Blue,Summer,2012,Casual,Locomotive Men Navy Blue Jeans
13230,Men,Apparel,Bottomwear,Shorts,Blue,Fall,2011,Casual,Palm Tree Kids Boys Washed Blue Shorts
27005,Women,Apparel,Bottomwear,Jeans,Black,Summer,2012,Casual,Jealous 21 Women Black Jeggings
20220,Men,Apparel,Topwear,Sweaters,Navy Blue,Fall,2011,Casual,Wrangler Men Rib Navy Sweater
57372,Women,Apparel,Innerwear,Briefs,Pink,Winter,2015,Casual,Amante Women Pink Seamless Briefs PCSN02
27461,Women,Apparel,Innerwear,Bra,Nude,Fall,2015,Casual,Jockey Nude-Coloured Balconette Bra 1718
50533,Men,Apparel,Innerwear,Briefs,Grey,Summer,2016,Casual,Chromozome Men Charcoal Briefs
43918,Women,Apparel,Bottomwear,Trousers,Yellow,Summer,2012,Casual,Femella Women Yellow Trousers
5026,Women,Apparel,Innerwear,Bra,Purple,Summer,2011,Sports,ADIDAS Women Short Purple Sports Bra
15791,Men,Apparel,Innerwear,Briefs,Charcoal,Summer,2016,Casual,Facit Men Charcoal Comfort Briefs
40593,Women,Apparel,Topwear,Kurtis,Green,Summer,2012,Ethnic,Aurelia Women Green Kurti
11331,Men,Apparel,Bottomwear,Jeans,Blue,Fall,2011,Casual,United Colors of Benetton Men Washed Blue Jeans
16928,Men,Apparel,Topwear,Sweaters,Black,Fall,2011,Casual,Spykar Men Solid Black Sweater
2031,Men,Apparel,Topwear,Jackets,Black,Fall,2010,Sports,ADIDAS Men Collared Track Jacket
19960,Men,Apparel,Topwear,Sweaters,Green,Fall,2011,Casual,United Colors of Benetton Men Solid Green Sweater
42264,Men,Apparel,Bottomwear,Jeans,Blue,Summer,2012,Casual,John Players Men Blue Jeans
32113,Men,Apparel,Innerwear,Briefs,Red,Summer,2016,Casual,Playboy Men Rap Red Briefs
25396,Men,Apparel,Innerwear,Innerwear Vests,White,Summer,2016,Casual,Levis Men White Innerwear Vest 403
47524,Men,Apparel,Innerwear,Briefs,Red,Summer,2016,Casual,Facit Men Red Brief
50593,Men,Apparel,Innerwear,Briefs,Black,Summer,2016,Casual,Chromozome Men Black Briefs
30476,Women,Apparel,Innerwear,Bra,Pink,Summer,2014,Casual,Lovable Women Encircle Pink Bra
51025,Women,Apparel,Innerwear,Bra,Pink,Summer,2017,Casual,Enamor Mauve Glow Smooth Bra
18678,Men,Apparel,Innerwear,Trunk,Black,Summer,2016,Casual,Hanes Men Black Boxer  Trunks
7187,Women,Apparel,Bottomwear,Jeans,Black,Fall,2011,Casual,Jealous 21 Women Supper Zipped Ankle Black Jeans
53540,Women,Apparel,Innerwear,Briefs,Blue,Winter,2015,Casual,Amante Women Pack of 2 Bikini Briefs PFFL02
57326,Women,Apparel,Innerwear,Bra,Black,Winter,2015,Casual,Amante Black T-shirt Bra BCMF02
28019,Men,Apparel,Innerwear,Briefs,Grey Melange,Summer,2016,Casual,Jockey ELANCE Mens Grey melange Pack of two Briefs 1004
31908,Women,Apparel,Innerwear,Briefs,Navy Blue,Summer,2015,Casual,Heart 2 Heart Women Navy Blue Briefs H2H-8-2011
13264,Women,Apparel,Bottomwear,Skirts,Pink,Fall,2011,Casual,Palm Tree Kids Girls Solid Pink Skirts
28825,Men,Apparel,Bottomwear,Jeans,Navy Blue,Summer,2012,Casual,Denizen Men Navy Blue Jeans
46254,Women,Apparel,Topwear,Tunics,Pink,Summer,2012,Ethnic,Fusion Beats Women Dark Pink Tunic
42290,Girls,Apparel,Bottomwear,Skirts,Pink,Summer,2012,Casual,Gini and Jony Girls Pink Skirt
27607,Men,Apparel,Bottomwear,Trousers,Cream,Summer,2012,Casual,Scullers Men Cream Trousers
33207,Women,Apparel,Topwear,Tunics,Orange,Summer,2012,Casual,Sepia Women Jewel Box Orange Tunic
25362,Men,Apparel,Innerwear,Trunk,Black,Summer,2016,Casual,Levis Men Black & Grey Trunks
55829,Women,Apparel,Loungewear and Nightwear,Nightdress,Yellow,Summer,2017,Casual,SDL by Sweet Dreams Women Yellow Nightdress
50567,Men,Apparel,Innerwear,Trunk,Charcoal,Summer,2016,Casual,Chromozome Men Pack of Two Grey Trunks
27435,Women,Apparel,Innerwear,Bra,Grey Melange,Winter,2015,Sports,Jockey Grey Melange Xena Sports Bra 1378
51826,Women,Apparel,Innerwear,Bra,White,Summer,2016,Casual,Bwitch White Bra
26148,Men,Apparel,Bottomwear,Trousers,Brown,Summer,2012,Formal,John Miller Men Brown Trousers
15964,Men,Apparel,Topwear,Jackets,Khaki,Fall,2011,Casual,Turtle Solid Men Khaki Jacket
45628,Men,Apparel,Innerwear,Briefs,Grey,Summer,2016,Casual,Park Avenue Men Grey Briefs
37208,Women,Apparel,Bottomwear,Skirts,Black,Fall,2012,Casual,United Colors of Benetton Women Black Skirt
9674,Men,Apparel,Bottomwear,Shorts,Black,Fall,2011,Casual,ADIDAS Men Pre FM trg Black Shorts
53329,Men,Apparel,Innerwear,Boxers,Multi,Summer,2016,Casual,Smugglerz Men Multicolour Check Boxers
17865,Men,Apparel,Innerwear,Briefs,Green,Summer,2016,Casual,Levis Men Boxer Green Brief
50558,Men,Apparel,Innerwear,Innerwear Vests,Grey,Summer,2016,Casual,Chromozome Men Grey Melange  Innerwear T-shirt
2268,Women,Apparel,Topwear,Sweatshirts,Grey,Fall,2010,Sports,Nike Grey Women Sweatshirt
39530,Women,Apparel,Innerwear,Bra,Pink,Winter,2015,Casual,Bwitch Pink Bra
14628,Women,Apparel,Topwear,Sweatshirts,Blue,Fall,2011,Casual,United Colors of Benetton Women Solid Blue Sweat Shirts
17891,Men,Apparel,Innerwear,Innerwear Vests,Navy Blue,Summer,2016,Casual,Levis Men Cruiser Navy Blue Innerwear Vest
52459,Women,Apparel,Loungewear and Nightwear,Nightdress,Brown,Winter,2015,Casual,Red Rose Brown Nightdress
20079,Men,Apparel,Innerwear,Briefs,White,Summer,2016,Casual,Peter England Men Essentials White Brief
13855,Men,Apparel,Bottomwear,Trousers,Blue,Fall,2011,Formal,Indigo Nation Men Solid Blue Trousers
31339,Men,Apparel,Bottomwear,Jeans,Blue,Summer,2012,Casual,Locomotive Men Washed Blue Jeans
34479,Women,Apparel,Topwear,Tunics,Blue,Summer,2012,Casual,Van Heusen Woman Blue Tunic
28026,Men,Apparel,Innerwear,Briefs,Charcoal,Summer,2016,Casual,Jockey ELANCE Mens Charcoal melange Briefs 1005
31937,Women,Apparel,Topwear,Tunics,Red,Summer,2012,Ethnic,Mumbai Slang Women Printed Red Tunic
57319,Women,Apparel,Innerwear,Bra,Cream,Winter,2015,Casual,Amante Cream-Coloured Full-Coverage Lace Bra BCFR02
25365,Men,Apparel,Innerwear,Innerwear Vests,Black,Summer,2016,Casual,Levis Men Black Innerwear T-shirt
16375,Men,Apparel,Bottomwear,Trousers,Navy Blue,Fall,2011,Formal,Peter England Men Stripes Navy Blue Trouser
50560,Men,Apparel,Innerwear,Briefs,Black,Summer,2016,Casual,Chromozome Men Pack of Two Briefs
30485,Women,Apparel,Innerwear,Bra,Beige,Summer,2014,Casual,Lovable Women Fiona Beige Bra
27432,Women,Apparel,Innerwear,Bra,Black,Summer,2018,Sports,Jockey Black Eva Sports Bra 1375
13607,Men,Apparel,Innerwear,Innerwear Vests,Grey,Summer,2016,Casual,Hanes Men Sleeveless Crew Grey Innerwear T-shirt
7510,Women,Apparel,Bottomwear,Capris,Black,Summer,2011,Sports,Nike Women As Be Strong Black Capri
24085,Men,Apparel,Topwear,Sweatshirts,White,Fall,2011,Casual,Manchester United Men White Sweatshirt
50336,Women,Apparel,Topwear,Kurtis,Cream,Summer,2012,Ethnic,Aurelia Women Cream Printed Kurti
54796,Men,Apparel,Bottomwear,Jeans,Blue,Summer,2012,Casual,Peter England Men Blue Jeans
52461,Women,Apparel,Loungewear and Nightwear,Nightdress,Purple,Winter,2015,Casual,Red Rose Purple Nightdress
59089,Women,Apparel,Innerwear,Briefs,Black,Summer,2017,Casual,Peri Peri Women Black Brief
40998,Girls,Apparel,Bottomwear,Jeans,Black,Summer,2012,Casual,Palm Tree Girls Woven Black Jeans
57321,Women,Apparel,Innerwear,Bra,Blue,Winter,2015,Casual,Amante Women Blue Full-Coverage Lace Bra BCFR11
28822,Men,Apparel,Bottomwear,Jeans,Blue,Summer,2012,Casual,Denizen Men Blue Jeans
13263,Women,Apparel,Bottomwear,Skirts,Pink,Fall,2011,Casual,Palm Tree Kids Girl Solid Pink Skirts
7180,Women,Apparel,Bottomwear,Jeans,Blue,Fall,2011,Casual,Jealous 21 Women Zipped Ankle Shimmer Blue Jeans
56809,Women,Apparel,Topwear,Kurtis,Yellow,Summer,2012,Ethnic,Aneri Women Printed Beige Kurti
53547,Women,Apparel,Innerwear,Briefs,Pink,Winter,2015,Casual,Amante Women Pink Briefs PGDR01
51022,Women,Apparel,Innerwear,Bra,Black,Summer,2017,Casual,Enamor Black High Spirits Bra
25391,Men,Apparel,Innerwear,Innerwear Vests,Maroon,Summer,2016,Casual,Levis Men Maroon Innerwear T-shirt
16381,Men,Apparel,Bottomwear,Trousers,Navy Blue,Fall,2011,Formal,Peter England Men Stripes Navy Blue Trouser
50594,Men,Apparel,Innerwear,Briefs,Grey,Summer,2016,Casual,Chromozome Men Grey Briefs
47523,Men,Apparel,Innerwear,Briefs,Red,Summer,2016,Casual,Facit Men Red Brief
22988,Men,Apparel,Bottomwear,Shorts,Black,Summer,2016,Sports,2go Active Gear USA Men Black John Shorts
42263,Men,Apparel,Bottomwear,Jeans,Blue,Summer,2012,Casual,John Players Men Blue Jeans
54306,Women,Apparel,Innerwear,Briefs,Grey Melange,Summer,2017,Casual,Garfield Women Grey Melange Striped Hipster Briefs GFA12-005
28021,Men,Apparel,Innerwear,Briefs,Navy Blue,Summer,2016,Casual,Jockey ELANCE Men Navy Blue Pack of 2 Briefs 1004
26987,Women,Apparel,Bottomwear,Shorts,Black,Summer,2012,Casual,Jealous 21 Women Black Shorts
18486,Women,Apparel,Bottomwear,Jeans,Blue,Fall,2011,Casual,Puma Women Washed Blue Jeans
39537,Women,Apparel,Innerwear,Bra,Cream,Winter,2015,Casual,Bwitch Cream Bra
55811,Women,Apparel,Loungewear and Nightwear,Night suits,Pink,Summer,2017,Casual,SDL by Sweet Dreams Women Pink Night Suit S11-3194
24288,Men,Apparel,Topwear,Sweatshirts,Grey,Summer,2012,Casual,Quiksilver Men Grey Sweatshirt
17862,Men,Apparel,Innerwear,Trunk,Navy Blue,Summer,2016,Casual,Levis Men Boxer Navy Blue Trunks
9673,Men,Apparel,Bottomwear,Shorts,Navy Blue,Fall,2011,Casual,ADIDAS Men Ess 3s Hsj Navy Blue Shorts
4950,Men,Apparel,Bottomwear,Shorts,Blue,Summer,2011,Casual,Gini and Jony Boy's Kimon Blue Infant Bermuda Kidswear
30816,Women,Apparel,Bottomwear,Leggings,Red,Summer,2012,Ethnic,Fabindia Women Red Leggings
46896,Men,Apparel,Bottomwear,Jeans,Blue,Summer,2012,Casual,Locomotive Men Blue Jeans
15963,Men,Apparel,Topwear,Jackets,Grey,Fall,2011,Casual,Turtle Solid Men Black Jacket
56238,Men,Apparel,Loungewear and Nightwear,Night suits,Navy Blue,Summer,2016,Casual,SDL by Sweet Dreams Men Navy & Grey Lounge Set
12148,Women,Apparel,Topwear,Kurtis,Blue,Fall,2011,Ethnic,Aurelia Women Blue Kurti
52457,Women,Apparel,Loungewear and Nightwear,Nightdress,Grey,Summer,2017,Casual,Red Rose Women Grey Nightdress
16515,Men,Apparel,Bottomwear,Jeans,Blue,Fall,2011,Casual,Locomotive Men Washed Blue Jeans
46265,Women,Apparel,Topwear,Tunics,Cream,Summer,2012,Casual,109F Women Cream-Coloured Printed Tunic
31337,Men,Apparel,Bottomwear,Jeans,Blue,Summer,2012,Casual,Locomotive Men Washed Blue Jeans
26380,Men,Apparel,Bottomwear,Trousers,Black,Summer,2012,Casual,Turtle Men Striped Black Trousers
28028,Men,Apparel,Innerwear,Briefs,Blue,Summer,2016,Casual,Jockey ELANCE Mens Blue Brief 1005
28814,Men,Apparel,Bottomwear,Jeans,Blue,Summer,2012,Casual,Denizen Men Blue Jeans
43525,Women,Apparel,Bottomwear,Leggings,Cream,Summer,2012,Casual,French Connection Women Cream Leggings
13255,Men,Apparel,Bottomwear,Shorts,White,Fall,2011,Casual,Palm Tree Kids Boys Check White Shorts
50556,Men,Apparel,Innerwear,Innerwear Vests,Black,Winter,2016,Casual,Chromozome Men Black Innerwear T-shirt
17291,Men,Apparel,Bottomwear,Trousers,Khaki,Fall,2011,Casual,Peter England Elements  Men Trouser
55818,Women,Apparel,Loungewear and Nightwear,Night suits,White,Summer,2017,Casual,SDL by Sweet Dreams Women White Printed Night Suit S11-3229
27404,Women,Apparel,Innerwear,Bra,White,Summer,2017,Casual,Jockey Essence Jane White T-shirt Bra 1243
25353,Men,Apparel,Innerwear,Briefs,Blue,Summer,2016,Casual,Levis Men Pack of 2 Briefs
11354,Men,Apparel,Bottomwear,Jeans,Blue,Spring,2013,Casual,Lee Men Mickey Blue Powell Fit Jeans
41424,Men,Apparel,Bottomwear,Trousers,Khaki,Summer,2012,Casual,Highlander Men Khaki Trousers
45084,Women,Apparel,Loungewear and Nightwear,Nightdress,Silver,Summer,2016,Casual,Bwitch Silver Delight Nightdress
14626,Women,Apparel,Topwear,Sweatshirts,Red,Fall,2011,Casual,United Colors of Benetton Women Solid Red Sweat Shirts
47515,Men,Apparel,Innerwear,Briefs,Blue,Summer,2016,Casual,Facit Men Blue Brief
51470,Men,Apparel,Bottomwear,Jeans,Black,Summer,2012,Casual,Denizen Men Black Jeans
54330,Women,Apparel,Innerwear,Briefs,Pink,Summer,2017,Casual,Garfield Women Black & Pink Cheeky Pack of two Hipster Briefs
42255,Men,Apparel,Bottomwear,Trousers,Brown,Summer,2012,Casual,John Players Men Brown Trousers
33494,Men,Apparel,Bottomwear,Shorts,Brown,Summer,2012,Casual,Doodle Kids Boy  Brown Shorts
41888,Men,Apparel,Bottomwear,Jeans,Blue,Summer,2012,Casual,Flying Machine Men Blue Jeans
21151,Men,Apparel,Topwear,Sweaters,Blue,Fall,2011,Casual,S.Oliver Men Blue Sweater
13093,Men,Apparel,Topwear,Sweaters,Black,Fall,2011,Casual,ADIDAS Men Badge P/O Black Sweaters
51014,Women,Apparel,Innerwear,Bra,Grey,Summer,2017,Casual,Enamor Grey Smooth Bra
26146,Men,Apparel,Bottomwear,Trousers,Charcoal,Summer,2012,Formal,John Miller Men Striped Charcoal Trousers
56231,Men,Apparel,Loungewear and Nightwear,Night suits,Grey,Summer,2016,Casual,SDL by Sweet Dreams Men Grey Pyjama Set
37206,Men,Apparel,Bottomwear,Jeans,Blue,Summer,2012,Casual,United Colors of Benetton Men Washed Blue Jeans
14084,Men,Apparel,Topwear,Sweaters,Blue,Fall,2011,Casual,Flying Machine Men Solid Blue Sweaters
53743,Women,Apparel,Bottomwear,Track Pants,Black,Summer,2012,Casual,ADIDAS Women Black Track Pant
45626,Men,Apparel,Innerwear,Briefs,Grey,Summer,2016,Casual,Park Avenue Men Grey Briefs
27609,Men,Apparel,Bottomwear,Trousers,Black,Summer,2012,Casual,Scullers Men Black Trousers
25962,Women,Apparel,Topwear,Tunics,Brown,Summer,2012,Casual,Femella Women Brown Tunic
41629,Men,Apparel,Bottomwear,Trousers,Black,Summer,2012,Formal,Mark Taylor Men Black Trousers
50569,Men,Apparel,Innerwear,Trunk,Brown,Summer,2016,Casual,Chromozome Men Pack of Two Brown Trunks
55827,Women,Apparel,Loungewear and Nightwear,Nightdress,White,Summer,2017,Casual,SDL by Sweet Dreams Women White Printed Nightdress
19334,Men,Apparel,Topwear,Jackets,Maroon,Fall,2011,Casual,United Colors of Benetton Men Check Maroon Jacket
8763,Women,Apparel,Bottomwear,Track Pants,Grey,Fall,2011,Sports,Puma Women's Jersey Grey Track Pant
57328,Women,Apparel,Innerwear,Bra,Lavender,Winter,2015,Casual,Amante Lavender T-shirt Bra BCMV01
1884,Men,Apparel,Bottomwear,Track Pants,Navy Blue,Winter,2010,Casual,FIFA Mens 1905 Heritage Collection Track Pants
31906,Women,Apparel,Innerwear,Briefs,Turquoise Blue,Summer,2015,Casual,Heart 2 Heart Women Turquoise Blue Briefs H2H-6-2011
28017,Men,Apparel,Innerwear,Briefs,Black,Summer,2016,Casual,Jockey ELANCE Men Pack Of 2 Briefs 1004
18682,Men,Apparel,Innerwear,Briefs,Black,Summer,2016,Casual,Hanes Men Black Premium Bikini Briefs
59080,Women,Apparel,Innerwear,Briefs,White,Summer,2017,Casual,Peri Peri Women White Brief
30820,Women,Apparel,Bottomwear,Leggings,Cream,Summer,2012,Ethnic,Fabindia Women Cream Leggings
51817,Women,Apparel,Innerwear,Bra,Navy Blue,Summer,2016,Casual,Bwitch Navy Blue Bra
54559,Women,Apparel,Topwear,Tunics,Red,Summer,2012,Casual,Global Desi Women Red Tunic
7189,Women,Apparel,Bottomwear,Jeans,Blue,Fall,2011,Casual,Jealous 21 Women Rinse Wash Blue Jegging
59074,Women,Apparel,Innerwear,Bra,White,Summer,2017,Casual,Peri Peri Women White Bra
17854,Men,Apparel,Innerwear,Briefs,Green,Summer,2016,Casual,Levis Men Boxer Green Brief
28487,Men,Apparel,Innerwear,Innerwear Vests,Grey,Summer,2016,Casual,Urban Yoga Men Printed Grey Innerwear T-shirt
30478,Women,Apparel,Innerwear,Bra,White,Summer,2015,Casual,Lovable Women Encircle White Bra
51013,Women,Apparel,Innerwear,Bra,Blue,Summer,2017,Casual,Enamor Blue Bra
30818,Women,Apparel,Bottomwear,Leggings,Brown,Summer,2012,Casual,Fabindia Women Brown Leggings
26141,Men,Apparel,Bottomwear,Trousers,Navy Blue,Summer,2012,Formal,John Miller Men Striped Navy Blue Trousers
54561,Women,Apparel,Topwear,Tunics,Green,Summer,2012,Casual,Global Desi Women Printed Green Tunic
56236,Men,Apparel,Loungewear and Nightwear,Night suits,Black,Summer,2016,Casual,SDL by Sweet Dreams Men Black Pyjama Set
14083,Women,Apparel,Topwear,Sweaters,Purple,Fall,2011,Casual,Flying Machine Women Stripes Purple Sweaters
53744,Women,Apparel,Bottomwear,Capris,Grey,Summer,2012,Casual,ADIDAS Women Grey Capris
37201,Girls,Apparel,Bottomwear,Jeans,Blue,Summer,2012,Casual,United Colors of Benetton Girls Washed Blue Jeans
40161,Girls,Apparel,Bottomwear,Capris,White,Summer,2012,Casual,Gini and Jony Girls White Pedal Pusher
20084,Men,Apparel,Innerwear,Briefs,Black,Summer,2016,Casual,Peter England Men Essentials Black Brief
12146,Women,Apparel,Topwear,Kurtis,Pink,Fall,2011,Ethnic,Aurelia Women Solid Pink Kurtis
3511,Men,Apparel,Bottomwear,Track Pants,Blue,Fall,2010,Sports,ADIDAS Men's Dark Navy White Tracksuit
13094,Men,Apparel,Topwear,Sweaters,Grey,Fall,2011,Casual,ADIDAS Men Badge P/O Grey Sweaters
1622,Men,Apparel,Topwear,Jackets,Navy Blue,Summer,2016,Casual,Reebok Navy Knit Rib Jacket
47512,Men,Apparel,Innerwear,Briefs,Khaki,Summer,2016,Casual,Facit Men Khaki Brief
39539,Women,Apparel,Innerwear,Bra,Pink,Winter,2015,Casual,Bwitch Pink Bra
11353,Men,Apparel,Bottomwear,Jeans,Blue,Fall,2013,Casual,Lee Men Sanskrit Blue Rodeo Fit Jeans
52034,Men,Apparel,Topwear,Jackets,Black,Summer,2012,Casual,Just Natural Unisex Black Jacket
45083,Women,Apparel,Loungewear and Nightwear,Nightdress,Blue,Summer,2016,Casual,Bwitch Women Blue Tulip Nightdress
17898,Men,Apparel,Topwear,Jackets,Grey,Fall,2011,Casual,Nike Men Casual Grey Jacket
50551,Men,Apparel,Innerwear,Innerwear Vests,White,Winter,2016,Casual,Chromozome Men White Innervests (Pack of 2)
27403,Women,Apparel,Innerwear,Bra,Beige,Winter,2015,Casual,Jockey Essence Jane Beige Bra 1243
25354,Men,Apparel,Innerwear,Briefs,Red,Summer,2016,Casual,Levis Men Pack of 2 Briefs
43522,Women,Apparel,Bottomwear,Trousers,Navy Blue,Summer,2012,Formal,French Connection Women Navy Trouser
52450,Women,Apparel,Loungewear and Nightwear,Nightdress,Black,Winter,2015,Casual,Red Rose Black Nightdress
16512,Men,Apparel,Bottomwear,Jeans,Blue,Fall,2011,Casual,Locomotive Men Washed Blue Jeans
18488,Men,Apparel,Bottomwear,Jeans,Blue,Fall,2011,Casual,Puma Men Stetchable Blue Jeans
23068,Men,Apparel,Topwear,Sweaters,Blue,Fall,2011,Casual,Arrow Men Blue Check Sweater
17853,Men,Apparel,Innerwear,Briefs,Grey,Summer,2016,Casual,Levis Men Boxer Grey Brief
6860,Women,Apparel,Bottomwear,Skirts,Black,Summer,2011,Casual,Forever New Women's Short Black Skirt
59073,Women,Apparel,Innerwear,Bra,Skin,Summer,2017,Casual,Peri Peri Women Skin Bra
56807,Women,Apparel,Topwear,Tunics,Multi,Summer,2012,Casual,Aneri Women Multi Coloured Tunic
20289,Men,Apparel,Innerwear,Innerwear Vests,Red,Summer,2016,Casual,Crusoe Men Red and Black Innerwear Vest
51810,Women,Apparel,Loungewear and Nightwear,Nightdress,Black,Summer,2016,Casual,Bwitch Black Nightdress
13299,Men,Apparel,Bottomwear,Shorts,White,Fall,2011,Casual,Gini and Jony Men Solid White Shorts
50338,Women,Apparel,Topwear,Kurtis,Blue,Summer,2012,Ethnic,Aurelia Women Blue Kurti
40996,Girls,Apparel,Bottomwear,Capris,Pink,Summer,2012,Casual,Gini and Jony Girls Woven Pink Pedal Pusher
59087,Women,Apparel,Innerwear,Bra,Black,Summer,2017,Casual,Peri Peri Women Black  Bra
1883,Men,Apparel,Bottomwear,Track Pants,Grey,Winter,2010,Casual,FIFA Mens Heritage Collection Grey Track Pants
31901,Women,Apparel,Innerwear,Briefs,Pink,Summer,2015,Casual,Heart 2 Heart Women Fuchsia Pink Briefs H2H-2-2011
28010,Men,Apparel,Innerwear,Trunk,Grey,Summer,2016,Casual,Jockey ZONE Men Grey Modern Trunks US19
18685,Men,Apparel,Innerwear,Briefs,Grey,Summer,2016,Casual,Hanes Men Grey Premium Bikini Briefs
50936,Men,Apparel,Innerwear,Innerwear Vests,Black,Summer,2016,Casual,Parx Men Black Innerwear Vests
13609,Men,Apparel,Innerwear,Innerwear Vests,Red,Summer,2016,Casual,Hanes Men Sleeveless Crew Red Innerwear T-shirt
31559,Men,Apparel,Bottomwear,Trousers,Black,Summer,2012,Formal,Mark Taylor Men Striped Black Trousers
19333,Women,Apparel,Topwear,Jackets,Navy Blue,Fall,2011,Casual,United Colors of Benetton Women Solid Navy Blue Jacket
27023,Women,Apparel,Bottomwear,Jeans,Blue,Summer,2012,Casual,Jealous 21 Women Washed Light Blue Jeans
20206,Women,Apparel,Topwear,Sweatshirts,Black,Fall,2011,Casual,Wrangler Women Ann Black Sweatshirt
56286,Women,Apparel,Innerwear,Bra,Skin,Summer,2017,Casual,Biara Women Skin  Bra
57354,Women,Apparel,Innerwear,Bra,White,Winter,2015,Casual,Amante White Full-Coverage T-shirt Bra BGSI01
52414,Women,Apparel,Loungewear and Nightwear,Nightdress,Black,Winter,2015,Casual,Red Rose Women Black & Red Nightdress
39119,Women,Apparel,Bottomwear,Leggings,Blue,Fall,2012,Casual,Aneri Women Blue Leggings
41003,Girls,Apparel,Bottomwear,Skirts,Blue,Summer,2012,Casual,Gini and Jony Girls Woven Blue Skirt
16556,Men,Apparel,Topwear,Sweatshirts,Grey,Fall,2011,Casual,Basics Men Grey Printed Sweatshirt
21582,Women,Apparel,Bottomwear,Jeans,Blue,Summer,2011,Casual,United Colors of Benetton Women Washed Blue Jeans
11317,Women,Apparel,Bottomwear,Jeans,Black,Fall,2011,Casual,United Colors of Benetton Women Washed Black Jeans
34262,Women,Apparel,Topwear,Dupatta,Green,Summer,2012,Ethnic,Fabindia Women Green Chanderi Dupatta
13672,Unisex,Apparel,Bottomwear,Jeans,Blue,Fall,2011,Casual,Levis Kids Blue Solid Jean
50515,Men,Apparel,Innerwear,Trunk,Grey,Winter,2016,Casual,Chromozome Men Grey Trunk Trunks
15585,Men,Apparel,Topwear,Sweatshirts,Blue,Fall,2011,Casual,Proline Men Blue Printed Sweatshirt
11125,Women,Apparel,Bottomwear,Track Pants,Black,Fall,2011,Sports,Urban Yoga Women Solid Black Track Pants
14691,Men,Apparel,Bottomwear,Trousers,Tan,Fall,2011,Casual,Basics Men Tan Trousers
30636,Women,Apparel,Bottomwear,Shorts,Blue,Summer,2012,Sports,Nike Women Printed Tempo Blue Shorts
51601,Women,Apparel,Bottomwear,Jeans,Black,Summer,2012,Casual,Wrangler Women Black Molly Jeans
34296,Women,Apparel,Topwear,Dupatta,Brown,Summer,2012,Ethnic,Fabindia Women Brown Tussar Dupatta
12754,Women,Apparel,Bottomwear,Jeans,Blue,Fall,2011,Casual,Spykar Women Ep Jeans Blue Jeans
42818,Women,Apparel,Innerwear,Briefs,Grey,Summer,2012,Casual,Little Miss Intimates Women Grey Brief
51057,Women,Apparel,Innerwear,Briefs,Beige,Summer,2017,Casual,Enamor Women Beige Briefs
15115,Men,Apparel,Bottomwear,Trousers,Navy Blue,Fall,2012,Formal,Arrow Men TR Finish Navy Blue Trousers
45665,Men,Apparel,Innerwear,Innerwear Vests,White,Summer,2016,Casual,Park Avenue Men White Innerwear T-Shirt
56272,Women,Apparel,Innerwear,Bra,White,Summer,2017,Casual,Biara Women White Bra
4770,Women,Apparel,Bottomwear,Capris,Black,Summer,2011,Sports,ADIDAS Women Ess Mf3s Black White Capri
53532,Women,Apparel,Innerwear,Briefs,White,Summer,2017,Casual,Amante Women White Briefs PCLR02
44585,Men,Apparel,Bottomwear,Jeans,Black,Summer,2017,Casual,Lee Men Black Skinny Fit Jeans
40125,Boys,Apparel,Bottomwear,Shorts,Black,Summer,2012,Casual,Gini and Jony Boys Customised Black Shorts
57192,Women,Apparel,Topwear,Tunics,Blue,Summer,2012,Casual,Elle Women Pale Blue Tunic
10655,Women,Apparel,Bottomwear,Skirts,Blue,Fall,2011,Casual,Doodle Girl Denim skirt with belt Blue Skirts
22797,Men,Apparel,Bottomwear,Shorts,Grey,Fall,2011,Casual,Manchester United Men Grey Shorts
59695,Women,Apparel,Innerwear,Briefs,Pink,Summer,2014,Casual,Avirate Pink Brief
27478,Women,Apparel,Innerwear,Bra,Pink,Winter,2015,Casual,Jockey Essence Pink Seamless Bra 2003
49635,Women,Apparel,Bottomwear,Skirts,Pink,Summer,2010,Casual,Mineral Women Pink Skirt
19145,Men,Apparel,Topwear,Sweatshirts,Red,Fall,2011,Casual,United Colors of Benetton Men Solid Red SweatShirt
15788,Men,Apparel,Innerwear,Briefs,Charcoal,Summer,2016,Casual,Facit Men String BK Charcoal Briefs
44916,Men,Apparel,Loungewear and Nightwear,Lounge Pants,Black,Summer,2012,Casual,Puma Men Black 3/4 Length Pants
11328,Men,Apparel,Bottomwear,Jeans,Blue,Fall,2011,Casual,United Colors of Benetton Men Washed Blue Jeans
39542,Women,Apparel,Innerwear,Bra,Cream,Summer,2016,Casual,Bwitch Cream Bra
48383,Men,Apparel,Bottomwear,Jeans,Black,Summer,2012,Casual,French Connection Men Black Jeans
7902,Men,Apparel,Bottomwear,Shorts,Brown,Fall,2011,Casual,Proline Men Brown & Blue Checked Shorts
13827,Men,Apparel,Topwear,Sweaters,Black,Fall,2011,Casual,Indigo Nation Men Solid Black Sweaters
39126,Women,Apparel,Bottomwear,Leggings,Yellow,Fall,2012,Casual,Aneri Women Yellow Leggings
39314,Girls,Apparel,Bottomwear,Skirts,Red,Summer,2012,Casual,Gini and Jony Girls Red Skirt
50972,Women,Apparel,Innerwear,Bra,Pink,Summer,2017,Casual,Enamor Honeysuckle Coloured Reveal Bra
13229,Men,Apparel,Bottomwear,Trousers,Navy Blue,Fall,2011,Casual,Palm Tree Kids Boy Solid Navy Blue Trousers
28054,Men,Apparel,Innerwear,Briefs,Grey,Winter,2016,Casual,Jockey Pack of 2 Men Grey Pebble Briefs
30897,Women,Apparel,Loungewear and Nightwear,Lounge Pants,Mustard,Summer,2012,Ethnic,Fabindia Women Mustard Kalamkari Salwar
56843,Men,Apparel,Bottomwear,Jeans,Blue,Summer,2012,Casual,John Players Men Blue Jeans
15318,Men,Apparel,Topwear,Sweatshirts,White,Fall,2011,Casual,Nike Men Printed White Sweatshirts
40926,Boys,Apparel,Bottomwear,Jeans,Blue,Summer,2012,Casual,Gini and Jony Boys Comics Blue Jeans
44788,Men,Apparel,Innerwear,Boxers,White,Summer,2016,Casual,Calvin Klein Innerwear Men Blue Boxer
50986,Women,Apparel,Innerwear,Briefs,Maroon,Summer,2017,Casual,Enamor Women Plum Briefs
23448,Women,Apparel,Topwear,Tunics,Multi,Fall,2011,Casual,Satya Paul Women Multi Coloured Printed Tunic
29172,Girls,Apparel,Bottomwear,Skirts,Pink,Summer,2012,Casual,United Colors of Benetton Kids Girls Printed Pink Skirt
42827,Women,Apparel,Innerwear,Briefs,Yellow,Summer,2012,Casual,Little Miss Intimates Women Yellow Brief
42229,Women,Apparel,Topwear,Tunics,Green,Summer,2012,Casual,Sepia Women Green Tunic
30609,Men,Apparel,Bottomwear,Shorts,Black,Spring,2013,Sports,Nike Men Black Shorts
15320,Men,Apparel,Topwear,Sweatshirts,Navy Blue,Fall,2011,Casual,Nike Men Solid Navy Blue Sweatshirts
44582,Men,Apparel,Bottomwear,Jeans,Navy Blue,Summer,2017,Casual,Lee Men Bern Navy Blue Jeans
53535,Women,Apparel,Innerwear,Briefs,Maroon,Summer,2018,Casual,Amante Women Maroon Seamless Briefs PCSN11
57195,Women,Apparel,Topwear,Tunics,Olive,Summer,2012,Casual,Elle Women Olive Green Tunic
10652,Women,Apparel,Bottomwear,Skirts,Blue,Fall,2011,Casual,Doodle Girl Denim skirt with belt Blue Skirts
12105,Women,Apparel,Topwear,Kurtis,White,Fall,2011,Ethnic,W Women Printed White Kurtis
9854,Men,Apparel,Bottomwear,Trousers,Black,Fall,2011,Formal,Indian Terrain Men Laffer Black Trousers
8388,Women,Apparel,Bottomwear,Track Pants,Black,Fall,2011,Sports,ADIDAS Women Wo Basic Black Track Pants
28098,Men,Apparel,Innerwear,Briefs,Olive,Summer,2016,Casual,Jockey MC Men Olive Y Front Briefs 8003
51050,Women,Apparel,Innerwear,Bra,Red,Summer,2017,Casual,Enamor Red Bra
45662,Men,Apparel,Innerwear,Innerwear Vests,White,Summer,2016,Casual,Park Avenue Men White Square Neck Vest
15112,Men,Apparel,Bottomwear,Trousers,Olive,Fall,2011,Formal,Arrow Men TR Finish Olive Trousers
56275,Women,Apparel,Innerwear,Bra,Black,Summer,2017,Casual,Biara Women Black  Bra
12753,Men,Apparel,Bottomwear,Jeans,Black,Fall,2011,Casual,Spykar Men Ep Jeans Black Jeans
18269,Women,Apparel,Topwear,Tunics,Black,Fall,2011,Casual,Aneri Women Monalisa Black Tunic
10004,Men,Apparel,Bottomwear,Shorts,Grey,Fall,2011,Sports,Nike Men As 7 Sw Temp Grey Shorts
14696,Men,Apparel,Bottomwear,Trousers,Olive,Fall,2011,Casual,Basics Men Olive Trousers
56423,Women,Apparel,Innerwear,Bra,White,Winter,2015,Casual,Biara Women White Bra ST 5001
42211,Women,Apparel,Topwear,Tunics,Lavender,Summer,2012,Casual,Sepia Women Lavender Tunic
51606,Women,Apparel,Bottomwear,Jeans,Blue,Fall,2012,Casual,Kraus Jeans Women Blue Jeans
34291,Women,Apparel,Topwear,Dupatta,Green,Summer,2012,Ethnic,Fabindia Women Green Chanderi Dupatta
18867,Men,Apparel,Bottomwear,Shorts,Grey,Fall,2011,Casual,Puma Men Solid Grey Knits Panel Shorts
34057,Boys,Apparel,Bottomwear,Capris,Blue,Summer,2012,Casual,Gini and Jony Boys Washed Blue 3/4 Length Pants
50512,Men,Apparel,Innerwear,Trunk,Black,Winter,2016,Casual,Chromozome Men Black Trunk Trunks
33272,Girls,Apparel,Bottomwear,Capris,Pink,Summer,2012,Casual,Gini & Jony Girls Pink Pedal Pusher
21585,Women,Apparel,Bottomwear,Jeans,Blue,Fall,2011,Casual,Spykar Women Washed Blue Jeans
11310,Men,Apparel,Bottomwear,Jeans,Black,Summer,2016,Casual,Wrangler Men Black Texas Jeans
16909,Men,Apparel,Topwear,Sweatshirts,Grey,Fall,2011,Casual,Status Quo Men Solid Grey Sweatshirt
34265,Women,Apparel,Topwear,Dupatta,Cream,Summer,2012,Ethnic,Fabindia Women Cream Chanderi Dupatta
52413,Women,Apparel,Loungewear and Nightwear,Nightdress,Black,Winter,2015,Casual,Red Rose Women Black Nightdress
41004,Girls,Apparel,Bottomwear,Skirts,Navy Blue,Summer,2012,Casual,Gini and Jony Girls Woven Navy Blue Skirts
27216,Men,Apparel,Bottomwear,Shorts,Navy Blue,Summer,2012,Casual,Doodle Kids Boy  Navy Blue Shorts
19519,Men,Apparel,Topwear,Sweaters,Black,Fall,2011,Casual,United Colors of Benetton Men Stripes Black Sweater
34601,Men,Apparel,Innerwear,Briefs,Brown,Summer,2016,Casual,Hanes Men Brown Boxer Brief
27024,Women,Apparel,Bottomwear,Jeans,Blue,Summer,2012,Casual,Jealous 21 Women Washed Blue Jeans
20201,Men,Apparel,Topwear,Sweatshirts,White,Fall,2011,Casual,Wrangler Men Seattle Glow White Sweatshirt
56281,Women,Apparel,Innerwear,Bra,Purple,Summer,2017,Casual,Biara Women Purple Bra
41236,Girls,Apparel,Bottomwear,Capris,Black,Summer,2012,Casual,Gini and Jony Kids Girls Black Capris
57353,Women,Apparel,Innerwear,Bra,Grey,Winter,2015,Casual,Amante Grey Full-Coverage T-shirt Bra BGSI01
41699,Men,Apparel,Loungewear and Nightwear,Lounge Pants,Navy Blue,Summer,2016,Casual,DC Comics Men Blue Printed Lounge Pants
42820,Women,Apparel,Innerwear,Briefs,Blue,Summer,2012,Casual,Little Miss Intimates Women Blue Brief
53738,Men,Apparel,Bottomwear,Track Pants,White,Summer,2012,Casual,ADIDAS Men White Track Pant
57398,Women,Apparel,Innerwear,Briefs,Black,Winter,2015,Casual,Amante Women Black Briefs PGDI03
50981,Women,Apparel,Loungewear and Nightwear,Nightdress,Brown,Summer,2017,Casual,Enamor Women Brown Nightdress
56844,Men,Apparel,Bottomwear,Jeans,Blue,Summer,2012,Casual,John Players Men Blue Jeans
50975,Women,Apparel,Innerwear,Bra,Black,Summer,2017,Casual,Enamor Black Lift Bra
28053,Men,Apparel,Innerwear,Briefs,Navy Blue,Summer,2016,Casual,Jockey ELANCE Men Navy Blue Pack of 2 Briefs 1009
48384,Men,Apparel,Bottomwear,Jeans,Blue,Summer,2012,Casual,French Connection Men Blue Jeans
27229,Women,Apparel,Bottomwear,Capris,Green,Summer,2012,Casual,Doodle Kids Girl  Green Capris
19526,Men,Apparel,Topwear,Sweaters,Black,Summer,2011,Casual,United Colors of Benetton Men Striped Black Sweater
39121,Women,Apparel,Bottomwear,Leggings,Pink,Fall,2012,Casual,Aneri Women Pink Leggings
59692,Women,Apparel,Innerwear,Bra,Black,Summer,2014,Casual,Avirate Black Bra
5804,Women,Apparel,Bottomwear,Jeans,Blue,Summer,2011,Casual,Jealous 21 Women's Blue Jegging
27482,Women,Apparel,Innerwear,Bra,Pink,Winter,2015,Casual,Jockey Essence Pink Bra 2004
12765,Women,Apparel,Bottomwear,Jeans,Black,Fall,2011,Casual,Spykar Women Washed Black Jeans
30607,Men,Apparel,Bottomwear,Track Pants,Charcoal,Fall,2012,Sports,Nike Men Charcoal Track Pants
54342,Women,Apparel,Bottomwear,Leggings,Blue,Summer,2012,Casual,BIBA OUTLET Women Blue Premium Cotton Leggings
15772,Men,Apparel,Innerwear,Briefs,Red,Summer,2016,Casual,Facit Men Fusion Brie Red Briefs
40928,Boys,Apparel,Bottomwear,Jeans,Blue,Summer,2012,Casual,Gini and Jony Boys Rodeo Blue Jeans
21123,Men,Apparel,Topwear,Sweaters,Purple,Fall,2011,Casual,s.Oliver Men Check Purple Sweater
45654,Men,Apparel,Innerwear,Briefs,Navy Blue,Summer,2016,Casual,Park Avenue Men Navy Blue Brief
15124,Men,Apparel,Bottomwear,Trousers,Grey,Fall,2011,Formal,Arrow Men TR Finish Grey Trousers
57391,Women,Apparel,Innerwear,Briefs,White,Winter,2015,Casual,Amante Women Pack of 3 Printed Briefs PFCN04
56243,Men,Apparel,Loungewear and Nightwear,Night suits,White,Summer,2016,Casual,SDL by Sweet Dreams Men White & Black Pyjama Set
11584,Women,Apparel,Topwear,Kurtis,Grey,Summer,2011,Ethnic,W Women Printed Grey Kurtis
26134,Men,Apparel,Bottomwear,Trousers,Black,Summer,2012,Formal,John Miller Men Black Trousers
28892,Women,Apparel,Innerwear,Briefs,Black,Summer,2012,Casual,Enamor Women Black Mid-Rise Bikini Brief
50988,Women,Apparel,Innerwear,Briefs,Pink,Summer,2017,Casual,Enamor Women Pink Briefs
23446,Women,Apparel,Topwear,Kurtis,Red,Fall,2013,Ethnic,Satya Paul Women Red Kurti
13829,Men,Apparel,Topwear,Sweaters,Purple,Fall,2011,Casual,Indigo Nation Men Stripes Purple Sweaters
52425,Women,Apparel,Loungewear and Nightwear,Nightdress,Purple,Winter,2015,Casual,Red Rose Women Purple Nightdress
39128,Women,Apparel,Bottomwear,Leggings,Red,Fall,2012,Casual,Aneri Women Red Leggings
57365,Women,Apparel,Innerwear,Briefs,Blue,Winter,2015,Casual,Amante Women Blue Lace Briefs PCFR11
27012,Women,Apparel,Bottomwear,Capris,Blue,Summer,2012,Casual,Jealous 21 Women Navy Blue Capris
30899,Women,Apparel,Loungewear and Nightwear,Lounge Pants,Navy Blue,Summer,2012,Casual,Fabindia Women Navy Blue Salwar
27476,Women,Apparel,Innerwear,Bra,Black,Winter,2015,Casual,Jockey Essence Black Seamless Bra 2003
19379,Men,Apparel,Innerwear,Boxers,Green,Summer,2016,Casual,Crusoe Men Surge Green Boxer Shorts
50524,Men,Apparel,Innerwear,Briefs,Grey,Winter,2016,Casual,Chromozome Men Grey Pack of 2 Briefs
34253,Men,Apparel,Bottomwear,Track Pants,Black,Summer,2012,Casual,Proline Men Black Track Pants
15786,Men,Apparel,Innerwear,Briefs,Blue,Summer,2016,Casual,Facit Men Blue Comfort Briefs
44918,Men,Apparel,Bottomwear,Shorts,White,Summer,2012,Casual,Puma Men White Shorts
51059,Women,Apparel,Loungewear and Nightwear,Nightdress,Black,Summer,2017,Casual,Enamor Women Black Nightdress
28091,Men,Apparel,Innerwear,Trunk,White,Summer,2016,Casual,Jockey GOLDEDN Men White Trunks 4013
15329,Men,Apparel,Topwear,Sweaters,White,Fall,2011,Sports,Nike Men Solid White Sweaters
30638,Women,Apparel,Bottomwear,Shorts,Black,Summer,2012,Sports,Nike Women Tempo Black Shorts
34298,Women,Apparel,Topwear,Dupatta,Khaki,Summer,2012,Ethnic,Fabindia Women Khaki Tussar Dupatta
42816,Women,Apparel,Innerwear,Briefs,Grey,Summer,2012,Casual,Little Miss Intimates Women Grey Brief
11319,Women,Apparel,Bottomwear,Capris,Blue,Fall,2011,Casual,United Colors of Benetton Women Washed Blue Capris
19948,Men,Apparel,Bottomwear,Shorts,Black,Summer,2011,Casual,Puma Men Black Baggy Shorts
27449,Women,Apparel,Innerwear,Bra,Pink,Winter,2015,Casual,Jockey Essence Pink Full-Coverage Slim Fit Bra 1615-0105
50943,Women,Apparel,Bottomwear,Jeans,Blue,Winter,2011,Casual,Lee Womens Blue Maxi Fit Jeans
28065,Men,Apparel,Innerwear,Briefs,Charcoal,Summer,2016,Casual,Jockey ELANCE Men Charcoal Elance Brief 1015
20208,Women,Apparel,Topwear,Jackets,Purple,Fall,2011,Casual,Wrangler Women Solid Purple Jacket
56288,Women,Apparel,Innerwear,Bra,Black,Winter,2015,Casual,Biara Women Black Bra
39117,Women,Apparel,Bottomwear,Leggings,Green,Fall,2012,Casual,Aneri Women Green Leggings
9095,Men,Apparel,Bottomwear,Shorts,Navy Blue,Fall,2011,Sports,ADIDAS Men's Schelse Navy Blue Shorts
34608,Men,Apparel,Innerwear,Briefs,Grey,Summer,2016,Casual,Hanes Men Grey Stretch Duo Dry Cotton Stretch Hip Briefs
50711,Men,Apparel,Innerwear,Trunk,Grey Melange,Summer,2016,Casual,Chromozome Men Pack of Two Trunks
7553,Men,Apparel,Bottomwear,Track Pants,Black,Summer,2011,Sports,Nike Men's Ope Black Track Pant
15781,Men,Apparel,Innerwear,Briefs,Black,Summer,2016,Casual,Facit Black Comfort Briefs
50523,Men,Apparel,Innerwear,Briefs,Black,Winter,2016,Casual,Chromozome Men Black Pack of 2 Briefs
20230,Women,Apparel,Topwear,Sweaters,Grey,Fall,2011,Casual,Wrangler Women Fluro Grey Sweater
57362,Women,Apparel,Innerwear,Bra,Purple,Winter,2015,Casual,Amante Purple Full-Coverage Bra BGTC01
27015,Women,Apparel,Bottomwear,Jeans,White,Summer,2012,Casual,Jealous 21 Women White Jeans
46022,Women,Apparel,Topwear,Kurtis,White,Summer,2012,Ethnic,Fabindia Women White Printed Kurti
19528,Men,Apparel,Topwear,Sweaters,Red,Fall,2011,Casual,United Colors of Benetton Men Solid Red Sweater
7137,Men,Apparel,Bottomwear,Track Pants,Black,Fall,2011,Casual,Urban Yoga Men Bottoms Black Yoga Pants
52422,Women,Apparel,Loungewear and Nightwear,Nightdress,Multi,Winter,2015,Casual,Red Rose Women Multi Coloured Nightdress
15123,Men,Apparel,Bottomwear,Trousers,Grey,Fall,2011,Formal,Arrow Men Solid Grey Trousers
45653,Men,Apparel,Innerwear,Briefs,Grey,Summer,2016,Casual,Park Avenue Men Grey & Black Brief
56244,Men,Apparel,Loungewear and Nightwear,Night suits,Navy Blue,Summer,2016,Casual,SDL by Sweet Dreams Men Navy Blue Pyjama Set
26133,Men,Apparel,Bottomwear,Trousers,Grey,Summer,2012,Formal,John Miller Men Striped Grey Trousers
28895,Women,Apparel,Innerwear,Briefs,Pink,Summer,2017,Casual,Enamor Women Pink Mid-Rise Bikini Brief
51061,Women,Apparel,Loungewear and Nightwear,Nightdress,Teal,Summer,2017,NA,Enamor Women Teal Nightdress
23441,Women,Apparel,Topwear,Tunics,Blue,Fall,2011,Casual,Satya Paul Women Blue Printed Tunic
21124,Men,Apparel,Topwear,Sweaters,Black,Fall,2011,Casual,s.Oliver Men Solid Black Sweater
42220,Women,Apparel,Topwear,Tunics,Teal,Summer,2012,Casual,Sepia Women Teal Tunic
15775,Men,Apparel,Innerwear,Briefs,White,Summer,2016,Casual,Facit Men Stringz White Briefs
27485,Women,Apparel,Innerwear,Briefs,Pink,Winter,2015,Casual,Jockey Women Pink Bikini Briefs
12762,Women,Apparel,Bottomwear,Jeans,Blue,Fall,2011,Casual,Spykar Women Washed Blue Jeans
44578,Men,Apparel,Bottomwear,Jeans,Blue,Summer,2017,Casual,Lee Men Blue Party Jeans
19517,Men,Apparel,Topwear,Sweaters,Grey,Fall,2011,Casual,United Colors of Benetton Men Solid Grey Sweater
27218,Men,Apparel,Bottomwear,Shorts,Blue,Summer,2012,Casual,Doodle Kids Boy Printed Blue Shorts
50944,Women,Apparel,Bottomwear,Jeans,Navy Blue,Summer,2013,Casual,Lee Women Navy Blue Jeggings
28062,Men,Apparel,Innerwear,Briefs,Red,Summer,2016,Casual,Jockey ELANCE Mens Red Pack of two Briefs 1010
39322,Girls,Apparel,Bottomwear,Capris,Blue,Summer,2012,Casual,Gini and Jony Girls Blue Capris
19341,Men,Apparel,Topwear,Jackets,Grey,Fall,2011,Casual,United Colors of Benetton Men Solid Grey Blazer Jacket
34059,Boys,Apparel,Bottomwear,Shorts,Grey,Summer,2012,Casual,Gini and Jony Boys Grey Shorts
44920,Men,Apparel,Bottomwear,Shorts,Black,Summer,2012,Casual,Puma Men Black Shorts
16907,Men,Apparel,Topwear,Sweatshirts,Navy Blue,Fall,2011,Casual,Status Quo Men Solid Navy Blue Sweatshirt
42811,Women,Apparel,Innerwear,Briefs,Red,Summer,2012,Casual,Little Miss Intimates Women Red Brief
14698,Men,Apparel,Bottomwear,Trousers,Beige,Fall,2011,Casual,Basics Men Beige Trousers
18869,Women,Apparel,Bottomwear,Track Pants,Black,Fall,2011,Casual,Puma Women Black Core Track Pants
51608,Women,Apparel,Bottomwear,Trousers,Coffee Brown,Fall,2012,Casual,Kraus Jeans Women Brown Trousers
17479,Women,Apparel,Innerwear,Bra,Skin,Fall,2011,Casual,Beyouty Women Sofia BR 15  Skin Bra
16799,Men,Apparel,Bottomwear,Trousers,Grey,Fall,2011,Casual,Highlander Men Solid Grey Trouser
28096,Men,Apparel,Innerwear,Briefs,Navy Blue,Summer,2016,Casual,Jockey MC Men Navy Blue Y Front Briefs 8003
26990,Women,Apparel,Bottomwear,Shorts,Blue,Summer,2012,Casual,Jealous 21 Women Washed Blue Shorts
28036,Men,Apparel,Innerwear,Briefs,Blue,Summer,2016,Casual,Jockey ELANCE Men Blue Y Front Briefs 1006
18491,Men,Apparel,Topwear,Jackets,Black,Fall,2011,Sports,Nike Men Sideline Black Jacket
52449,Women,Apparel,Loungewear and Nightwear,Nightdress,White,Summer,2017,Casual,Red Rose White Nightdress
17881,Men,Apparel,Innerwear,Innerwear Vests,Black,Summer,2016,Casual,Levis Men Comfort Style Black Innerwear Vest
27628,Men,Apparel,Bottomwear,Shorts,Navy Blue,Summer,2012,Casual,Scullers Men Check Navy Blue Shorts
28452,Women,Apparel,Bottomwear,Leggings,Black,Summer,2012,Casual,Urban Yoga Women Black Leggings
50548,Men,Apparel,Innerwear,Briefs,Navy Blue,Summer,2016,Casual,Chromozome Men Pack of Two Briefs
55806,Women,Apparel,Loungewear and Nightwear,Night suits,Green,Summer,2017,Casual,SDL by Sweet Dreams Women Green & White Printed Night Suit S11-3134
17875,Men,Apparel,Innerwear,Innerwear Vests,Black,Summer,2016,Casual,Levis Men Comfort Style Black Innerwear Vest
18001,Women,Apparel,Loungewear and Nightwear,Lounge Pants,Black,Summer,2011,Sports,Puma Women Black Essential Skinny Capris
39382,Men,Apparel,Bottomwear,Jeans,Blue,Summer,2012,Casual,Peter England Men Blue Jeans
45638,Men,Apparel,Innerwear,Briefs,Red,Summer,2016,Casual,Park Avenue Men Red Briefs
26158,Men,Apparel,Bottomwear,Trousers,Grey,Summer,2012,Formal,John Miller Men Striped Grey Trousers
3508,Men,Apparel,Bottomwear,Track Pants,White,Fall,2010,Sports,ADIDAS Men's White Black Tracksuit
56821,Men,Apparel,Bottomwear,Shorts,Brown,Summer,2012,Casual,John Players Men Brown Shorts
50577,Men,Apparel,Innerwear,Trunk,Navy Blue,Summer,2016,Casual,Chromozome Men Navy Blue Trunks
46412,Men,Apparel,Topwear,Jackets,White,Summer,2012,Sports,ADIDAS Men White & Blue Jacket
25372,Men,Apparel,Innerwear,Innerwear Vests,Navy Blue,Summer,2016,Casual,Levis Men Navy Blue Innerwear Vest
7507,Women,Apparel,Bottomwear,Capris,Grey,Fall,2011,Sports,Nike Women As Be Strong Grey Capri
22365,Men,Apparel,Topwear,Sweatshirts,Purple,Fall,2011,Casual,ADIDAS Men Hooded  Purple SweatShirt
46244,Women,Apparel,Topwear,Tunics,Black,Summer,2012,Casual,Fusion Beats Women Black & Red Tunic
50321,Women,Apparel,Topwear,Kurtis,Black,Summer,2012,Ethnic,Aurelia Women Black Kurti
27273,Women,Apparel,Topwear,Tunics,Grey,Fall,2011,Ethnic,Mother Earth Women Printed Grey Tunic
28009,Men,Apparel,Innerwear,Trunk,Navy Blue,Summer,2016,Casual,Jockey ZONE Men Navy Blue Modern Trunks US19
57336,Women,Apparel,Innerwear,Bra,Off White,Winter,2015,Casual,Amante Off-White Striped Bra BCSY01
15183,Men,Apparel,Topwear,Sweaters,Blue,Fall,2011,Casual,Arrow Sport Men Check Blue Sweaters
40147,Girls,Apparel,Bottomwear,Capris,Blue,Summer,2012,Casual,Gini and Jony Girls Blue Pedal Pusher
32567,Women,Apparel,Bottomwear,Jeans,Blue,Summer,2012,Casual,ONLY Women Blue Jeans
15345,Men,Apparel,Topwear,Sweatshirts,Blue,Fall,2011,Casual,Nike Men Solid Blue Sweatshirts
51207,Women,Apparel,Innerwear,Bra,Black,Summer,2017,Casual,Enamor Women Black Bra
12160,Women,Apparel,Bottomwear,Leggings,Yellow,Fall,2011,Ethnic,Aurelia Women Solid Yellow Leggings
51035,Women,Apparel,Loungewear and Nightwear,Nightdress,Cream,Summer,2017,Casual,Enamor Women Cream Nightdress
17620,Girls,Apparel,Bottomwear,Leggings,Red,Fall,2011,Casual,Doodle Girls Red Leggings
51809,Women,Apparel,Loungewear and Nightwear,Nightdress,Lavender,Summer,2016,Casual,Bwitch Lavender Nightdress
54547,Women,Apparel,Topwear,Tunics,Pink,Summer,2012,Casual,Global Desi Women Pink Tunic
20290,Men,Apparel,Innerwear,Innerwear Vests,Grey,Summer,2016,Casual,Facit Men Printed Grey Innerwear Vest
15177,Men,Apparel,Topwear,Sweaters,Navy Blue,Fall,2011,Casual,Arrow Sport Men Solid Navy Blue Sweaters
50583,Men,Apparel,Innerwear,Briefs,Grey,Winter,2016,Casual,Chromozome Men Grey Pack of 2 Briefs
28499,Men,Apparel,Bottomwear,Track Pants,Black,Summer,2012,Sports,Urban Yoga Men Black Track Pants
23071,Men,Apparel,Topwear,Sweaters,Black,Fall,2011,Casual,Arrow Men Black Sweater
30466,Women,Apparel,Innerwear,Bra,Pink,Summer,2014,Casual,Lovable Women All Day Long Pink Bra
4978,Men,Apparel,Bottomwear,Jeans,Blue,Summer,2011,Casual,Gini and Jony Boy's Kang Jeans Kidswear
25386,Men,Apparel,Innerwear,Briefs,Beige,Summer,2016,Casual,Levis Men Beige Brief
1604,Women,Apparel,Bottomwear,Track Pants,Blue,Fall,2010,Sports,Reebok Track Pants Women Blue
29779,Men,Apparel,Bottomwear,Trousers,Khaki,Summer,2013,Casual,Basics Men Khaki Trousers
54311,Women,Apparel,Innerwear,Briefs,Pink,Summer,2017,Casual,Garfield Women Pink Cheeky Hipster Briefs
46288,Women,Apparel,Topwear,Tunics,Yellow,Summer,2012,Casual,109F Women Yellow & Grey Striped Tunic
12158,Women,Apparel,Bottomwear,Leggings,Navy Blue,Fall,2011,Ethnic,Aurelia Women Solid Navy Blue Leggings
39385,Men,Apparel,Bottomwear,Jeans,Grey,Summer,2012,Casual,Peter England Men Grey Jeans
56228,Men,Apparel,Loungewear and Nightwear,Night suits,Grey Melange,Summer,2016,Casual,SDL by Sweet Dreams Men Grey Melange Pyjama Set
17618,Girls,Apparel,Bottomwear,Leggings,Black,Fall,2011,Casual,Doodle Girls Lace Bow Black Leggings
4940,Men,Apparel,Bottomwear,Jeans,Blue,Summer,2011,Casual,Gini and Jony Boys Karnel Jeans
18006,Women,Apparel,Bottomwear,Track Pants,Black,Summer,2010,Sports,Puma Women Jersey Black Track Pant
54329,Women,Apparel,Innerwear,Briefs,Black,Summer,2017,Casual,Garfield Women Black String Briefs
28455,Women,Apparel,Bottomwear,Skirts,Black,Summer,2012,Sports,Urban Yoga Women Black Skirt With Leggings
55801,Women,Apparel,Loungewear and Nightwear,Nightdress,White,Summer,2017,Casual,SDL by Sweet Dreams Women Blue Nightdress
17886,Men,Apparel,Innerwear,Innerwear Vests,White,Summer,2016,Casual,Levis Men Comfort Style White Innerwear Vest
26997,Women,Apparel,Bottomwear,Jeans,Blue,Summer,2012,Casual,Jealous 21 Women Blue Jeans
28031,Men,Apparel,Innerwear,Briefs,Red,Summer,2016,Casual,Jockey ELANCE Men Red Elance Brief 1005
11386,Women,Apparel,Topwear,Sweatshirts,Green,Fall,2011,Casual,United Colors Of Benetton Women Light Winter Green Sweatshirts
1603,Men,Apparel,Topwear,Sweatshirts,Navy Blue,Fall,2010,Casual,Reebok Men Hoops Athletic Navy Sweatshirt
50584,Men,Apparel,Innerwear,Briefs,Navy Blue,Winter,2016,Casual,Chromozome Men Navy Blue Pack of 2 Briefs
54918,Men,Apparel,Bottomwear,Shorts,Brown,Summer,2012,Casual,Do u speak green Men Brown 3/4th Pant
16391,Men,Apparel,Bottomwear,Trousers,Black,Spring,2013,Formal,Peter England Men Solid Black Trouser
26504,Men,Apparel,Bottomwear,Trousers,Navy Blue,Fall,2012,Casual,Arrow Sport Men Dark Navy Blue Trousers
22998,Men,Apparel,Loungewear and Nightwear,Lounge Pants,Black,Summer,2016,Sports,2go Active Gear USA Men Black Brian Lounge Pants
25381,Men,Apparel,Innerwear,Innerwear Vests,Navy Blue,Summer,2016,Casual,Levis Men Navy Blue Innerwear Vest
51032,Women,Apparel,Loungewear and Nightwear,Nightdress,Lavender,Summer,2017,Casual,Enamor Women Lavender Nightdress
26160,Men,Apparel,Bottomwear,Trousers,Navy Blue,Summer,2012,Formal,John Miller Men  Navy Blue Trouser
32560,Women,Apparel,Bottomwear,Jeans,Blue,Summer,2012,Casual,ONLY Women Blue Jeans
53557,Men,Apparel,Innerwear,Boxers,Black,Summer,2016,Casual,Probase Black Printed Boxers
51200,Women,Apparel,Innerwear,Bra,Pink,Summer,2017,Casual,Enamor Women Pink Bra
7190,Women,Apparel,Bottomwear,Jeans,Black,Fall,2011,Casual,Jealous 21 Women Rinse Wash Black Jegging
12167,Women,Apparel,Topwear,Dupatta,Pink,Fall,2011,Ethnic,Aurelia Women Voile Pink Dupatta
28832,Women,Apparel,Innerwear,Briefs,White,Summer,2014,Casual,Enamor Women Pack of 3 Briefs
50928,Men,Apparel,Innerwear,Briefs,Navy Blue,Summer,2016,Casual,Parx Men Navy Blue Briefs
57331,Women,Apparel,Innerwear,Bra,Peach,Winter,2015,Casual,Amante Peach-Coloured Demi-Cup Balconette Bra BCPP01
11524,Men,Apparel,Topwear,Sweatshirts,Blue,Fall,2011,Casual,United Colors of Benetton Men Blue Sweatshirt
15184,Men,Apparel,Topwear,Sweaters,Grey,Fall,2011,Casual,Arrow Sport Men Solid Grey Sweaters
59099,Women,Apparel,Innerwear,Briefs,Purple,Summer,2017,Casual,Peri Peri Women Purple Brief
46243,Women,Apparel,Topwear,Tunics,White,Summer,2012,Ethnic,Fusion Beats Women White & Green Tunic
27274,Women,Apparel,Topwear,Kurtis,Purple,Fall,2011,Ethnic,Mother Earth Women Printed Purple Kurti
27610,Men,Apparel,Bottomwear,Trousers,Grey,Summer,2012,Casual,Scullers Men Grey Trousers
50570,Men,Apparel,Innerwear,Trunk,Brown,Summer,2016,Casual,Chromozome Men Brown Trunks
30495,Women,Apparel,Innerwear,Bra,Beige,Summer,2014,Casual,Lovable Women Fiona Beige Bra
27422,Women,Apparel,Loungewear and Nightwear,Lounge Pants,Red,Winter,2015,Casual,Jockey Women Red Relaxed Lounge Pants
13617,Men,Apparel,Innerwear,Innerwear Vests,Black,Summer,2016,Casual,Hanes Men Black V DuoDry Body Fit V-Neck T-shirt
28497,Men,Apparel,Bottomwear,Shorts,Grey,Summer,2012,Sports,Urban Yoga Men Grey Shorts
30468,Women,Apparel,Innerwear,Bra,Black,Summer,2014,Casual,Lovable Women All Day Long Black Bra
18202,Men,Apparel,Topwear,Sweatshirts,Grey,Fall,2011,Casual,Nike Men AS Squad Fleec LS Crew Grey Sweatshirt
25388,Men,Apparel,Innerwear,Briefs,White,Summer,2016,Casual,Levis Men Pack of 3 Briefs
29777,Men,Apparel,Bottomwear,Trousers,Black,Summer,2012,Casual,Basics Men Black Trousers
56810,Women,Apparel,Topwear,Kurtis,Red,Summer,2012,Ethnic,Aneri Women Red Kurti
59064,Women,Apparel,Innerwear,Bra,Black,Summer,2017,Casual,Peri Peri Women Black Bra
51209,Women,Apparel,Innerwear,Bra,Pink,Summer,2017,Casual,Enamor Women Pink Bra
6877,Women,Apparel,Topwear,Jackets,Pink,Summer,2011,Casual,Forever New Women Soft Magnolia Pink Jacket
54549,Women,Apparel,Topwear,Tunics,Multi,Summer,2012,Casual,Global Desi Women Multi Coloured Tunic
26169,Men,Apparel,Bottomwear,Trousers,Black,Summer,2012,Formal,John Miller Men Black Trousers
51807,Women,Apparel,Loungewear and Nightwear,Nightdress,Blue,Summer,2016,Casual,Bwitch Blue Nightdress
15179,Men,Apparel,Topwear,Sweaters,Red,Fall,2011,Casual,Arrow Sport Men Stripes Red Sweaters
59090,Women,Apparel,Innerwear,Bra,Black,Summer,2017,Casual,Peri Peri Women Black Bra
28007,Men,Apparel,Innerwear,Trunk,Grey,Summer,2016,Casual,Jockey ZONE Men Grey Modern Trunks US19
50921,Men,Apparel,Innerwear,Briefs,White,Summer,2016,Casual,Parx Men White & Red Briefs
18692,Men,Apparel,Innerwear,Trunk,Blue,Summer,2016,Casual,Hanes Men Blue Modern Duo Dry Cotton Stretch Trunks
57338,Women,Apparel,Innerwear,Bra,Purple,Winter,2015,Casual,Amante Purple Demi-Cup Lace Bra BGDC01
50579,Men,Apparel,Innerwear,Briefs,Charcoal,Winter,2016,Casual,Chromozome Men Charcoal Pack of 2 Briefs
28463,Women,Apparel,Bottomwear,Shorts,Black,Summer,2012,Sports,Urban Yoga Women Black Shorts
19324,Men,Apparel,Topwear,Sweatshirts,Maroon,Fall,2011,Casual,Myntra Men Solid Maroon Sweatshirt
44945,Women,Apparel,Bottomwear,Trousers,Navy Blue,Summer,2012,Casual,United Colors of Benetton Women Navy Blue Jeans
33817,Men,Apparel,Bottomwear,Trousers,Navy Blue,Summer,2012,Formal,Van Heusen Men Travelite Pleated Navy Blue Trousers
56221,Men,Apparel,Loungewear and Nightwear,Night suits,Purple,Summer,2016,Casual,SDL by Sweet Dreams Men Purple Pyjama Set
21373,Men,Apparel,Topwear,Sweatshirts,Black,Fall,2011,Casual,Manchester United Men Printed Black Sweatshirt
45636,Men,Apparel,Innerwear,Briefs,Navy Blue,Summer,2016,Casual,Park Avenue Men Navy Blue Brief
53753,Men,Apparel,Bottomwear,Shorts,Red,Summer,2012,Casual,ADIDAS Men Red Shorts
34493,Women,Apparel,Bottomwear,Skirts,Grey,Summer,2012,Formal,Van Heusen Woman Grey Skirt
51004,Women,Apparel,Innerwear,Bra,Pink,Summer,2017,Casual,Enamor Brownish Pink Full Figure Bra FB09
26156,Men,Apparel,Bottomwear,Trousers,Brown,Summer,2012,Formal,John Miller Men Striped Brown Trousers
51838,Women,Apparel,Innerwear,Briefs,Black,Summer,2016,Casual,Bwitch Women Black Brief
42413,Men,Apparel,Innerwear,Briefs,Grey,Summer,2016,Casual,Basics Men Grey Hip Brief
9800,Women,Apparel,Topwear,Tunics,Purple,Fall,2011,Casual,Scullers For Her Women Scullers Purple Tunics
54744,Women,Apparel,Topwear,Kurtis,Off White,Fall,2012,Ethnic,Prafful Women Printed Off White Kurti
12151,Women,Apparel,Topwear,Kurtis,Pink,Fall,2011,Ethnic,Aurelia Women Printed Pink Kurtis
26364,Women,Apparel,Bottomwear,Skirts,Grey,Summer,2012,Formal,Arrow Woman Grey Skirt
16195,Men,Apparel,Topwear,Sweaters,Yellow,Fall,2011,Casual,Puma Men Stripped SL Yellow Sweater
54320,Women,Apparel,Innerwear,Briefs,Pink,Summer,2017,Casual,Garfield Women Pink String Briefs
10262,Men,Apparel,Bottomwear,Trousers,Black,Fall,2011,Formal,John Miller Men Black Trousers
4949,Men,Apparel,Bottomwear,Shorts,Blue,Summer,2011,Casual,Gini and Jony Boy's Kimon Blue Bermuda Kidswear
23040,Men,Apparel,Bottomwear,Trousers,Charcoal,Summer,2011,Formal,Arrow Men Charcoal Solid Trousers
47505,Men,Apparel,Innerwear,Innerwear Vests,Orange,Summer,2016,Casual,Facit Men Orange Innerwear Vest
27626,Men,Apparel,Bottomwear,Shorts,Brown,Summer,2012,Casual,Scullers Men Check Brown Cargo Shorts
11344,Men,Apparel,Bottomwear,Jeans,Blue,Summer,2017,Casual,Lee Men Blue Chicago Fit Jeans
45094,Women,Apparel,Innerwear,Briefs,White,Summer,2016,Casual,Bw!tch White Spirit Briefs
52023,Men,Apparel,Topwear,Jackets,Black,Summer,2012,Travel,Just Natural Unisex Black Photographers Jacket
24291,Men,Apparel,Topwear,Sweatshirts,Grey Melange,Fall,2012,Casual,Quick Silver Men Grey Melange Zip-up Sweatshirt
11176,Men,Apparel,Topwear,Sweaters,Grey,Fall,2011,Casual,Scullers Men Stripes Grey Sweaters
20631,Men,Apparel,Topwear,Sweaters,Green,Fall,2011,Casual,Wrangler Men Flag Green Sweater
50546,Men,Apparel,Innerwear,Briefs,Charcoal,Summer,2016,Casual,Chromozome Men Pack of Two Grey Briefs
31571,Men,Apparel,Bottomwear,Trousers,Black,Summer,2012,Formal,Mark Taylor Men Striped Black Trousers
27414,Women,Apparel,Loungewear and Nightwear,Lounge Pants,Navy Blue,Winter,2015,Casual,Jockey Women Navy Blue Lounge Pants
28038,Men,Apparel,Innerwear,Briefs,Grey,Summer,2016,Casual,Jockey ELANCE Men Grey Y Front Briefs 1006
28804,Men,Apparel,Bottomwear,Jeans,Blue,Summer,2012,Casual,Denizen Men Blue Jeans
13245,Men,Apparel,Bottomwear,Shorts,Black,Fall,2011,Casual,Palm Tree Kids Boys Solid Black Shorts
31115,Boys,Apparel,Bottomwear,Capris,Blue,Summer,2012,Casual,Gini and Jony Boys Washed Blue 3/4 Length Pants
16505,Men,Apparel,Bottomwear,Jeans,Blue,Fall,2011,Casual,Locomotive Men Washed Blue Jeans
46275,Women,Apparel,Topwear,Tunics,Blue,Summer,2012,Casual,109F Women Blue & White Printed Tunic
40182,Women,Apparel,Topwear,Kurtis,Blue,Summer,2012,Ethnic,Mumbai Slang Women Floral Blue Kurti
52447,Women,Apparel,Loungewear and Nightwear,Nightdress,Black,Summer,2017,Casual,Red Rose Black Nightdress
55830,Women,Apparel,Loungewear and Nightwear,Nightdress,Pink,Summer,2017,Casual,SDL by Sweet Dreams Women & Grey Pink Nightdress
28464,Women,Apparel,Bottomwear,Capris,Turquoise Blue,Summer,2012,Sports,Urban Yoga Women Turquoise Blue Capri
19323,Men,Apparel,Topwear,Sweatshirts,Navy Blue,Fall,2011,Casual,Myntra Men Solid Navy Blue Sweatshirt
13619,Women,Apparel,Innerwear,Innerwear Vests,White,Winter,2015,Casual,Hanes Women Short Sleeve White Innerwear T-shirt
28000,Men,Apparel,Innerwear,Briefs,Blue,Summer,2016,Casual,Jockey ZONE Men Blue Tanga Brief US18
18695,Men,Apparel,Innerwear,Trunk,White,Summer,2016,Casual,Hanes Men White Modern Duo Dry Cotton Stretch Trunks
59097,Women,Apparel,Innerwear,Bra,Lavender,Summer,2017,Casual,Peri Peri Women Lavender Bra
6884,Women,Apparel,Topwear,Jackets,Cream,Summer,2011,Casual,Forever New Women Ivory Cream Jacket
7956,Men,Apparel,Bottomwear,Shorts,Grey,Fall,2011,Casual,Puma Men's Jersey Grey Short
17629,Men,Apparel,Topwear,Jackets,Blue,Fall,2011,Casual,ADIDAS Men Solid Blue Jacket
13289,Men,Apparel,Topwear,Sweatshirts,Black,Fall,2011,Casual,Gini and Jony Kids Boys Printed Black Sweatshirts
48111,Women,Apparel,Bottomwear,Shorts,Brown,Summer,2012,Casual,French Connection Women Light Brown Shorts
51800,Women,Apparel,Loungewear and Nightwear,Nightdress,White,Summer,2016,Casual,Bwitch White Nightdress
20299,Women,Apparel,Topwear,Sweaters,Blue,Fall,2011,Casual,Jealous 21 Women Blue Sweater
53559,Men,Apparel,Innerwear,Boxers,Purple,Summer,2016,Casual,Probase Purple Printed Boxers
12169,Women,Apparel,Topwear,Dupatta,Green,Fall,2011,Ethnic,Aurelia Women Voile Green Dupatta
54318,Women,Apparel,Innerwear,Bra,Red,Summer,2017,Casual,Garfield Women Pink & Red Bra
18205,Men,Apparel,Topwear,Jackets,Navy Blue,Fall,2011,Casual,Probase Men Solid Navy Blue Jacket
46272,Women,Apparel,Topwear,Tunics,Peach,Summer,2012,Casual,109F Women Peach-Coloured Solid Tunic
40185,Women,Apparel,Topwear,Kurtis,White,Summer,2012,Ethnic,Mumbai Slang Women Floral White Kurti
52440,Women,Apparel,Loungewear and Nightwear,Nightdress,Black,Summer,2017,Casual,Red Rose Black Nightdress
15989,Men,Apparel,Topwear,Sweaters,White,Fall,2011,Casual,Turtle Stripes Men White Sweaters
21380,Men,Apparel,Bottomwear,Track Pants,Grey,Fall,2011,Casual,Manchester United Men Solid Grey Track Pants
26999,Women,Apparel,Bottomwear,Jeans,Blue,Summer,2012,Casual,Jealous 21 Women Washed Blue Jeans
13242,Men,Apparel,Bottomwear,Shorts,Beige,Fall,2011,Casual,Palm Tree Kids Boys Solid Beige Shorts
31112,Boys,Apparel,Bottomwear,Capris,Yellow,Summer,2012,Casual,Gini and Jony Boys Yellow 3/4 Length Pants
11171,Men,Apparel,Topwear,Sweaters,Grey,Fall,2011,Casual,Scullers Men Stripes Grey Sweaters
25344,Men,Apparel,Innerwear,Briefs,Burgundy,Summer,2016,Casual,Levis Men Pack of 2 Briefs
50541,Men,Apparel,Innerwear,Briefs,Navy Blue,Summer,2016,Casual,Chromozome Men Navy Blue Brief
27413,Women,Apparel,Loungewear and Nightwear,Lounge Pants,Grey Melange,Summer,2018,Casual,Jockey Women Grey Melange Lounge Pants
17888,Men,Apparel,Innerwear,Innerwear Vests,Green,Summer,2016,Casual,Levis Men Cruiser Green Innerwear Vest
27621,Men,Apparel,Bottomwear,Trousers,Green,Summer,2012,Casual,Scullers Men Green Cargo Pants
11343,Men,Apparel,Bottomwear,Jeans,Blue,Summer,2017,Casual,Lee Men Blue Chicago Fit Jeans
45093,Women,Apparel,Innerwear,Bra,White,Winter,2015,Casual,Bwitch White Spirit Bra
56642,Women,Apparel,Topwear,Tunics,Black,Summer,2012,Casual,Mumbai Slang Women Black Tunic
47502,Men,Apparel,Innerwear,Innerwear Vests,Navy Blue,Summer,2016,Casual,Facit Men Navy Blue Innerwear Vest
23047,Women,Apparel,Topwear,Sweaters,Charcoal,Fall,2011,Casual,Arrow Woman Charcoal Solid Sweater
16192,Men,Apparel,Topwear,Sweaters,Grey,Fall,2011,Casual,Puma Men Knitted Vest Grey Sweater
12532,Women,Apparel,Topwear,Jackets,Black,Fall,2011,Casual,Puma Women Solid Black Jackets
54327,Women,Apparel,Innerwear,Bra,Black,Summer,2017,Casual,Garfield Women Black Bra GFA12-026
46286,Women,Apparel,Topwear,Tunics,Multi,Summer,2012,Casual,109F Women Multicoloured Printed Tunic
51231,Women,Apparel,Topwear,Kurtis,Orange,Summer,2012,Casual,Satya Paul Women Orange & Brown Kurti
12156,Women,Apparel,Bottomwear,Leggings,Cream,Fall,2011,Ethnic,Aurelia Women Solid Cream Leggings
56828,Men,Apparel,Bottomwear,Jeans,Blue,Fall,2013,Casual,John Players Men Blue Slim Fit Jeans
56226,Men,Apparel,Loungewear and Nightwear,Night suits,Green,Summer,2016,Casual,SDL by Sweet Dreams Men Green & Grey Pyjama Set
24606,Men,Apparel,Topwear,Sweatshirts,Blue,Fall,2011,Casual,Proline Men Blue Sweatshirt
45631,Men,Apparel,Innerwear,Briefs,White,Summer,2016,Casual,Park Avenue Men White Briefs
53754,Men,Apparel,Topwear,Sweatshirts,Olive,Summer,2012,Casual,ADIDAS Men Olive Chelsea FC Sweatshirt
34494,Women,Apparel,Bottomwear,Skirts,Black,Summer,2012,Formal,Van Heusen Woman Black Skirt
51003,Women,Apparel,Innerwear,Bra,Burgundy,Summer,2017,Casual,Enamor Full Figure Burgundy Coloured Bra FB 09
42414,Men,Apparel,Innerwear,Briefs,Multi,Summer,2016,Casual,Basics Men Multicoloured Hip Brief
26151,Men,Apparel,Bottomwear,Trousers,Navy Blue,Summer,2012,Formal,John Miller Men Navy Blue Trousers
57397,Women,Apparel,Innerwear,Briefs,Pink,Winter,2015,Casual,Amante Women Pink Briefs PGDI03
56245,Men,Apparel,Loungewear and Nightwear,Night suits,White,Summer,2016,Casual,SDL by Sweet Dreams Men Black Pyjama Set
11582,Women,Apparel,Topwear,Kurtis,White,Summer,2011,Ethnic,W Women Printed White Kurtis
53737,Men,Apparel,Bottomwear,Shorts,Olive,Summer,2012,Casual,ADIDAS Men Olive Shorts
45652,Men,Apparel,Innerwear,Briefs,White,Summer,2016,Casual,Park Avenue Men White Trunks
15122,Men,Apparel,Bottomwear,Trousers,Brown,Fall,2011,Formal,Arrow Men  Autoflex Brown Trousers
22592,Men,Apparel,Topwear,Sweatshirts,Red,Fall,2011,Casual,Nike Men Red Striped Sweatshirt
51060,Women,Apparel,Loungewear and Nightwear,Nightdress,Lavender,Summer,2017,Casual,Enamor Women Lavender Nightdress
26132,Men,Apparel,Bottomwear,Trousers,Navy Blue,Summer,2012,Formal,John Miller Men Navy Blue Trousers
28894,Women,Apparel,Innerwear,Briefs,Black,Summer,2017,Casual,Enamor Women Black Boy Shorts Brief
41696,Men,Apparel,Bottomwear,Shorts,Black,Summer,2012,Casual,Superman Men Black Printed Shorts
23024,Women,Apparel,Topwear,Tunics,Pink,Summer,2011,Ethnic,Global Desi Women Pink Tunic
27484,Women,Apparel,Innerwear,Briefs,Black,Winter,2015,Casual,Jockey Women Black Bikini Briefs
15774,Men,Apparel,Innerwear,Briefs,Green,Summer,2016,Casual,Facit Men Stringz Green Briefs
50522,Men,Apparel,Innerwear,Innerwear Vests,White,Summer,2016,Casual,Chromozome Men White Innerwear Vest
34255,Men,Apparel,Bottomwear,Track Pants,Navy Blue,Summer,2012,Casual,Proline Men Navy Blue Track Pants
11320,Men,Apparel,Bottomwear,Jeans,Grey,Fall,2011,Casual,United Colors of Benetton Men Washed Grey Jeans
15780,Men,Apparel,Innerwear,Briefs,Red,Summer,2016,Casual,Facit Men Mid- Rise BF Red Briefs
25929,Women,Apparel,Bottomwear,Leggings,Black,Summer,2012,Casual,Femella Women Black Leggings
7136,Men,Apparel,Bottomwear,Track Pants,Green,Fall,2011,Casual,Urban Yoga Men Bottom Olive Green Yoga Pants
52423,Women,Apparel,Loungewear and Nightwear,Nightdress,Blue,Summer,2017,Casual,Red Rose Women Blue Nightdress
57363,Women,Apparel,Innerwear,Bra,Grey,Winter,2015,Casual,Amante Grey Lace Full-Coverage Bra BGVT01
11576,Women,Apparel,Topwear,Kurtis,Cream,Summer,2011,Ethnic,W Women Printed Cream Kurtis
20231,Women,Apparel,Topwear,Sweaters,Black,Fall,2011,Casual,Wrangler Women Fluro Black Sweater
5453,Men,Apparel,Bottomwear,Shorts,Grey,Summer,2011,Sports,Nike Men's Vapor Knit Grey Short
27014,Women,Apparel,Bottomwear,Capris,Blue,Summer,2012,Casual,Jealous 21 Women Washed Blue Capris
14699,Men,Apparel,Bottomwear,Trousers,Black,Fall,2011,Casual,Basics Men Black Trousers
18868,Men,Apparel,Bottomwear,Shorts,Navy Blue,Fall,2011,Casual,Puma Men Solid Navy Blue Knits Panel Shorts
51609,Women,Apparel,Bottomwear,Trousers,Cream,Fall,2012,Casual,Kraus Jeans Women Cream Trousers
42810,Women,Apparel,Innerwear,Briefs,Black,Summer,2012,Casual,Little Miss Intimates Women Black Bikini Brief
16798,Men,Apparel,Bottomwear,Trousers,Black,Fall,2011,Casual,Highlander Men Solid Black Trouser
28097,Men,Apparel,Innerwear,Briefs,Navy Blue,Summer,2016,Casual,Jockey MC Men Navy Blue Y Front Briefs 8003
12338,Women,Apparel,Bottomwear,Jeans,Blue,Fall,2011,Casual,Spykar Women Ep Jeans Blue Jeans
1804,Men,Apparel,Bottomwear,Shorts,Black,Fall,2010,Sports,Kalenji Men Essential Baggy Black Shorts
28063,Men,Apparel,Innerwear,Briefs,White,Summer,2016,Casual,Jockey ELANCE Men Pack Of 2 Briefs 1010
50945,Women,Apparel,Bottomwear,Jeans,Blue,Summer,2013,Casual,Lee Womens Blue Maxi Fit Jeans
39323,Girls,Apparel,Bottomwear,Shorts,Blue,Summer,2012,Casual,Gini and Jony Girls Blue Shorts
44579,Men,Apparel,Bottomwear,Jeans,Blue,Spring,2013,Casual,Lee Men Blue Pent Jeans
7935,Men,Apparel,Bottomwear,Shorts,Black,Fall,2011,Sports,Puma Men Jersey Black Short
19516,Men,Apparel,Topwear,Sweaters,Black,Fall,2011,Casual,United Colors of Benetton Men Black  Sweater
44921,Men,Apparel,Bottomwear,Shorts,Blue,Summer,2012,Casual,Puma Men Blue Shorts
16906,Men,Apparel,Topwear,Sweatshirts,Maroon,Fall,2011,Casual,Status Quo Men Solid Maroon Sweatshirt
34058,Boys,Apparel,Bottomwear,Capris,Navy Blue,Summer,2012,Casual,Gini and Jony Boys Washed Navy Blue 3/4 Length Pants
19340,Men,Apparel,Topwear,Jackets,Black,Fall,2011,Casual,United Colors of Benetton Men Solid Black Jacket
5454,Men,Apparel,Bottomwear,Shorts,Black,Summer,2011,Sports,Nike Men's Basic Woven Med Black Short
27013,Women,Apparel,Bottomwear,Capris,Blue,Summer,2012,Casual,Jealous 21 Women Washed Blue Shorts
7131,Men,Apparel,Bottomwear,Track Pants,Black,Fall,2011,Casual,Urban Yoga Men Bottom Black Track Pants
13828,Men,Apparel,Topwear,Sweaters,Navy Blue,Fall,2011,Casual,Indigo Nation Men Solid Navy Blue Sweaters
39129,Women,Apparel,Bottomwear,Leggings,Red,Fall,2012,Ethnic,Aneri Women Rust Red Leggings
52424,Women,Apparel,Loungewear and Nightwear,Nightdress,Cream,Winter,2015,Casual,Red Rose Women Cream Nightdress
34252,Men,Apparel,Bottomwear,Shorts,Grey Melange,Summer,2013,Sports,Proline Grey Melange Shorts
11327,Men,Apparel,Bottomwear,Jeans,Blue,Fall,2011,Casual,United Colors of Benetton Men Washed Blue Jeans
44919,Men,Apparel,Bottomwear,Shorts,Black,Summer,2012,Casual,Puma Men Black Shorts
15787,Men,Apparel,Innerwear,Briefs,Grey,Summer,2016,Casual,Facit Men Grey Melange Comfort Briefs
50525,Men,Apparel,Innerwear,Briefs,Grey Melange,Winter,2016,Casual,Chromozome Men Grey Melange Pack of 2 Briefs
34060,Boys,Apparel,Bottomwear,Shorts,Grey,Summer,2012,Casual,Gini and Jony Boys Grey Shorts
7767,Men,Apparel,Bottomwear,Track Pants,Black,Summer,2011,Sports,Nike Men's As Vapor Wove Black Track Pants
16330,Men,Apparel,Bottomwear,Trousers,Brown,Fall,2011,Casual,Peter England Men Solid Brown Trouser
27477,Women,Apparel,Innerwear,Bra,Beige,Winter,2015,Casual,Jockey Essence Beige Seamless Bra 2003
30606,Men,Apparel,Bottomwear,Shorts,Blue,Summer,2012,Sports,Nike Men Running Blue Shorts
15773,Men,Apparel,Innerwear,Briefs,Grey,Summer,2016,Casual,Facit Men Trophy BKN Grey Briefs
10033,Men,Apparel,Bottomwear,Shorts,Navy Blue,Fall,2011,Sports,Nike Men As Ad Breakli Navy Blue Shorts
27483,Women,Apparel,Innerwear,Bra,White,Winter,2015,Casual,Jockey Essence White Bra 2004
57390,Women,Apparel,Innerwear,Briefs,White,Winter,2015,Casual,Amante Women Pack of 3 Briefs PFCN04
11585,Women,Apparel,Topwear,Kurtis,White,Summer,2011,Ethnic,W Women Printed White Kurtis
15125,Men,Apparel,Bottomwear,Trousers,Grey,Fall,2011,Formal,Arrow Men Autoflex Grey Trousers
45655,Men,Apparel,Innerwear,Briefs,White,Summer,2016,Casual,Park Avenue White Brief
26135,Men,Apparel,Bottomwear,Trousers,Beige,Summer,2012,Formal,John Miller Men Beige Trousers
28893,Women,Apparel,Innerwear,Briefs,Black,Summer,2017,Casual,Enamor Women Black Regular-Rise Bikini Brief
50989,Women,Apparel,Innerwear,Briefs,Gold,Summer,2017,Casual,Enamor Women Gold Briefs
48378,Men,Apparel,Bottomwear,Jeans,Blue,Summer,2012,Casual,French Connection Men Blue paint Stained Regular Fit Jeans
38833,Women,Apparel,Topwear,Tunics,Black,Summer,2012,Casual,Latin Quarters Women Black & White Tunic
40929,Boys,Apparel,Bottomwear,Jeans,Blue,Summer,2012,Casual,Gini and Jony Boys Rodeo Blue Jeans
15317,Men,Apparel,Topwear,Sweatshirts,Navy Blue,Fall,2011,Casual,Nike Men Solid Navy Blue Sweatshirts
11318,Women,Apparel,Bottomwear,Jeans,Black,Fall,2011,Casual,United Colors of Benetton Women Solid Black Jeans
28632,Women,Apparel,Bottomwear,Capris,Black,Summer,2012,Sports,Nike Women Black Sports Capris
19949,Men,Apparel,Topwear,Sweatshirts,Purple,Fall,2011,Casual,Puma Men Solid Purple Sweatshirt
34609,Men,Apparel,Innerwear,Briefs,Grey,Summer,2016,Casual,Hanes Men Grey Stretch Duo Dry Cotton Stretch Hip Briefs
7932,Women,Apparel,Loungewear and Nightwear,Lounge Pants,Black,Fall,2011,Sports,Puma Women's Jersey Black Track Pant
28064,Men,Apparel,Innerwear,Trunk,Black,Summer,2016,Casual,Jockey ELANCE Men Black Trunk 1015
50942,Women,Apparel,Bottomwear,Jeans,Blue,Summer,2013,Casual,Lee Women Blue Jeans
39324,Girls,Apparel,Bottomwear,Shorts,Blue,Summer,2012,Casual,Gini and Jony Girls Blue Shorts
56289,Women,Apparel,Innerwear,Bra,Purple,Summer,2017,Casual,Biara Women Wine Bra
20209,Women,Apparel,Topwear,Sweatshirts,Purple,Fall,2011,Casual,Wrangler Women Cowl Purple Sweatshirt
21921,Women,Apparel,Topwear,Tunics,Pink,Fall,2011,Ethnic,BIBA OUTLET Women Printed Multi Tunic
15328,Men,Apparel,Topwear,Sweaters,Blue,Fall,2011,Sports,Nike Men Solid Blue Sweaters
22798,Men,Apparel,Bottomwear,Shorts,White,Fall,2011,Casual,Manchester United Men White Shorts
51058,Women,Apparel,Innerwear,Briefs,Lavender,Summer,2017,Casual,Enamor Women Lavender Briefs
28090,Men,Apparel,Innerwear,Trunk,Grey,Summer,2016,Casual,Jockey GOLDEDN Men Gold Edition Grey Trunks 4013
34299,Women,Apparel,Topwear,Dupatta,Pink,Summer,2012,Ethnic,Fabindia Women Pink Tussar Dupatta
30639,Women,Apparel,Bottomwear,Shorts,Purple,Summer,2012,Sports,Nike Women Tempo Purple Shorts
11311,Men,Apparel,Bottomwear,Jeans,Blue,Summer,2016,Casual,Wrangler Men Blue Texas Jeans
21584,Men,Apparel,Bottomwear,Jeans,Blue,Summer,2011,Casual,Locomotive Men Washed Blue Jeans
34264,Women,Apparel,Topwear,Dupatta,Pink,Summer,2012,Ethnic,Fabindia Women Pink Chanderi Dupatta
16908,Men,Apparel,Topwear,Sweatshirts,Black,Fall,2011,Casual,Status Quo Men Solid Black Sweatshirt
50513,Men,Apparel,Innerwear,Trunk,Grey,Winter,2016,Casual,Chromozome Men Grey Trunks
34056,Boys,Apparel,Bottomwear,Capris,Blue,Summer,2012,Casual,Gini and Jony Boys Washed Blue 3/4 Length Pants
2223,Women,Apparel,Bottomwear,Track Pants,Black,Fall,2010,Sports,ADIDAS Women Stripe Black Track Pant
33273,Girls,Apparel,Bottomwear,Leggings,Green,Summer,2012,Casual,Gini and Jony Girls Green Leggings
39749,Boys,Apparel,Bottomwear,Shorts,Beige,Summer,2012,Casual,Gini Jony Boys Beige Shorts
27025,Women,Apparel,Bottomwear,Jeans,Pink,Summer,2012,Casual,Jealous 21 Women Pink Jeans
56280,Women,Apparel,Innerwear,Bra,Red,Winter,2015,Casual,Biara Women Red Bra
57352,Women,Apparel,Innerwear,Bra,Black,Winter,2015,Casual,Amante Black T-Shirt Bra BGSC02
41005,Girls,Apparel,Bottomwear,Skirts,Navy Blue,Summer,2012,Casual,Gini and Jony Girls Woven Navy Blue Skirts
52412,Women,Apparel,Loungewear and Nightwear,Nightdress,Pink,Winter,2015,Casual,Red Rose Pink Nightdress 9005
27217,Men,Apparel,Bottomwear,Shorts,Beige,Summer,2012,Casual,Doodle Kids Boy  Beige Shorts
19518,Men,Apparel,Topwear,Sweaters,Blue,Fall,2011,Casual,United Colors of Benetton Men Stripes Blue Sweater
51051,Women,Apparel,Innerwear,Bra,Green,Summer,2017,Casual,Enamor Sage Green Bra
56274,Women,Apparel,Innerwear,Bra,Pink,Summer,2017,Casual,Biara Women Pink Bra
15113,Men,Apparel,Bottomwear,Trousers,Black,Fall,2011,Formal,Arrow Men Solid Black Trousers
45663,Men,Apparel,Innerwear,Innerwear Vests,Black,Summer,2016,Casual,Park Avenue Men Black Innerwear T-Shirt
57194,Women,Apparel,Topwear,Tunics,Yellow,Summer,2012,Casual,Elle Women Yellow Vintage Tunic
15321,Men,Apparel,Topwear,Jackets,Black,Fall,2011,Casual,Nike Men Solid Black Jackets
44583,Men,Apparel,Bottomwear,Jeans,Blue,Summer,2017,Casual,Lee Men Blue Scraped Jeans
17476,Women,Apparel,Innerwear,Bra,Purple,Summer,2017,Casual,Beyouty Women Lisa BR 10 Purple Bra
12104,Women,Apparel,Topwear,Kurtis,Brown,Fall,2011,Ethnic,W Women Printed Brown Kurtis
56422,Women,Apparel,Innerwear,Bra,Red,Summer,2017,Casual,Biara Red Blush Bra ST 5001
14697,Men,Apparel,Bottomwear,Trousers,Beige,Fall,2011,Casual,Basics Men Beige Trousers
51607,Women,Apparel,Bottomwear,Trousers,Black,Fall,2012,Casual,Kraus Jeans Women Black Trousers
18866,Men,Apparel,Bottomwear,Track Pants,Grey,Fall,2011,Casual,Puma Men Solid Grey Core Sweat Pants
12752,Men,Apparel,Bottomwear,Jeans,Blue,Fall,2011,Casual,Spykar Men Ep Jeans Blue Jeans
7138,Women,Apparel,Topwear,Tunics,Black,Fall,2011,Casual,Scullers For Her Women Lace Black Silver Tunics
48385,Men,Apparel,Bottomwear,Jeans,Navy Blue,Summer,2012,Casual,French Connection Men Navy Blue Jeans
19527,Men,Apparel,Topwear,Sweaters,Olive,Fall,2011,Casual,United Colors of Benetton Men Solid Olive Sweater
39120,Women,Apparel,Bottomwear,Leggings,Brown,Fall,2012,Casual,Aneri Women Brown Leggings
50974,Women,Apparel,Innerwear,Bra,Gold,Summer,2017,Casual,Enamor Golden Lift Bra
59693,Women,Apparel,Innerwear,Bra,Pink,Summer,2017,Casual,Avirate Women Pink Bra
43309,Women,Apparel,Bottomwear,Shorts,White,Fall,2012,Casual,United Colors of Benetton Women's White Washed Shorts
41698,Men,Apparel,Loungewear and Nightwear,Lounge Pants,Black,Summer,2012,Casual,DC Comics Men Black and Green Printed Pyjamas DCS12MTPJ47700
19385,Men,Apparel,Innerwear,Innerwear Vests,Grey,Summer,2016,Casual,Crusoe Men Grey Xtreme Game Innerwear Vest
56845,Men,Apparel,Bottomwear,Jeans,Blue,Fall,2012,Casual,John Players Men Blue Regular Fit Jeans
29174,Men,Apparel,Bottomwear,Trousers,Brown,Summer,2012,Casual,United Colors of Benetton Men Brown Trousers
50980,Women,Apparel,Loungewear and Nightwear,Nightdress,Purple,Summer,2017,Casual,Enamor Women Purple Nightdress
33280,Unisex,Apparel,Bottomwear,Jeans,Blue,Summer,2012,Casual,Gini and Jony Kids Unisex Blue Jeans
10002,Women,Apparel,Bottomwear,Skirts,Blue,Summer,2011,Casual,Palm Tree Kids Sp Jema Skt Blue Skirts
14690,Men,Apparel,Bottomwear,Trousers,Grey,Fall,2011,Casual,Basics Men Grey Trousers
51600,Women,Apparel,Bottomwear,Jeans,Blue,Summer,2012,Casual,Wrangler Women Blue Molly Jeans
34297,Women,Apparel,Topwear,Dupatta,Gold,Summer,2012,Ethnic,Fabindia Women Gold Tussar Dupatta
30637,Women,Apparel,Bottomwear,Shorts,Red,Summer,2012,Sports,Nike Women Printed Tempo Red Shorts
57193,Women,Apparel,Topwear,Tunics,Pink,Summer,2012,Casual,Elle Women Pink Tunic
10654,Women,Apparel,Bottomwear,Skirts,Blue,Fall,2011,Casual,Doodle Girl Denim skirt with belt Blue Skirts
44584,Men,Apparel,Bottomwear,Jeans,Blue,Summer,2017,Casual,Lee Men Blue Brushed Jeans
9852,Men,Apparel,Bottomwear,Trousers,Beige,Fall,2011,Formal,Indian Terrain Men Jason Beige Trousers
17471,Women,Apparel,Innerwear,Bra,White,Summer,2017,Casual,Beyouty Women Julia BR 02 White Bra
12103,Women,Apparel,Topwear,Kurtis,Brown,Fall,2011,Ethnic,W Women Printed Brown Kurti
12331,Women,Apparel,Bottomwear,Jeans,Blue,Fall,2011,Casual,Spykar Women Ep Jeans Blue Jeans
56273,Women,Apparel,Innerwear,Bra,Blue,Summer,2017,Casual,Biara Women Blue Bra
45664,Men,Apparel,Innerwear,Innerwear Vests,Grey Melange,Summer,2016,Casual,Park Avenue Men Grey Innerwear T-Shirt
15114,Men,Apparel,Bottomwear,Trousers,Charcoal,Fall,2011,Formal,Arrow Men TR Finish Charcoal Trousers
39118,Women,Apparel,Bottomwear,Leggings,Black,Fall,2012,Casual,Aneri Women Black Leggings
41002,Girls,Apparel,Bottomwear,Skirts,Blue,Summer,2012,Casual,Gini and Jony Girls Woven Blue Skirt
52415,Women,Apparel,Loungewear and Nightwear,Night suits,Pink,Winter,2015,Casual,Red Rose Pink Pyjama Set
4785,Men,Apparel,Bottomwear,Shorts,Grey,Summer,2011,Sports,ADIDAS Men's Ess 3s Chelse Grey Black Short
50342,Women,Apparel,Topwear,Kurtis,Purple,Summer,2012,Ethnic,Aurelia Women Purple Printed Kurti
22762,Women,Apparel,Topwear,Kurtis,Navy Blue,Fall,2011,Ethnic,BIBA OUTLET Women Printed Navy Blue Kurti
16557,Men,Apparel,Topwear,Sweatshirts,Navy Blue,Fall,2011,Casual,Basics Men Navy Printed Sweatshirt
27022,Women,Apparel,Bottomwear,Jeans,Blue,Summer,2012,Casual,Jealous 21 Women Washed Blue Jeans
56287,Women,Apparel,Innerwear,Bra,White,Summer,2017,Casual,Biara Women White Bra
57355,Women,Apparel,Innerwear,Bra,Black,Winter,2015,Casual,Amante Black Full-Coverage Bra BGSK01
20207,Women,Apparel,Topwear,Sweatshirts,Green,Fall,2011,Casual,Wrangler Women Ann Green Sweatshirt
50514,Men,Apparel,Innerwear,Trunk,Grey Melange,Winter,2016,Casual,Chromozome Men Grey Melange Trunks
33274,Girls,Apparel,Bottomwear,Leggings,Black,Summer,2012,Casual,Gini and Jony Girls Black Leggings
5001,Women,Apparel,Bottomwear,Capris,Blue,Summer,2011,Casual,Gini and Jony Girl's Tamira Blue Kidswear
11316,Women,Apparel,Bottomwear,Trousers,Beige,Fall,2011,Casual,United Colors of Benetton Women Beige Trouser
21583,Men,Apparel,Bottomwear,Jeans,Black,Summer,2011,Casual,Locomotive Men Washed Black Jeans
34263,Women,Apparel,Topwear,Dupatta,Green,Summer,2012,Ethnic,Fabindia Women Green Chanderi Dupatta
29173,Girls,Apparel,Bottomwear,Skirts,Green,Summer,2012,Casual,United Colors of Benetton Kids Girls Printed Green Skirt
48376,Men,Apparel,Bottomwear,Trousers,Blue,Summer,2012,Casual,French Connection Men Bluish Grey Trousers
15319,Men,Apparel,Topwear,Jackets,Navy Blue,Fall,2011,Casual,Nike Men Solid Navy Blue Jackets
40927,Boys,Apparel,Bottomwear,Jeans,Blue,Summer,2012,Casual,Gini and Jony Boys Comics Blue Jeans
30608,Men,Apparel,Bottomwear,Track Pants,Navy Blue,Summer,2012,Casual,Nike Men Navy Blue Track Pants
1658,Men,Apparel,Topwear,Jackets,Blue,Fall,2012,Sports,Nike Men Windrunner Blue Jacket
44917,Men,Apparel,Bottomwear,Track Pants,Blue,Summer,2012,Casual,Puma Men Blue Track Pants
39543,Women,Apparel,Innerwear,Bra,Red,Winter,2015,Casual,Bwitch Red Bra
11329,Men,Apparel,Bottomwear,Trousers,Grey,Fall,2011,Casual,United Colors of Benetton Men Solid Grey Trousers
7769,Men,Apparel,Topwear,Jackets,Red,Summer,2011,Sports,Nike Men FFF N98 Red Jacket
27479,Women,Apparel,Innerwear,Bra,White,Winter,2015,Casual,Jockey Essence White Seamless Bra 2003
13228,Men,Apparel,Bottomwear,Trousers,Navy Blue,Fall,2011,Casual,Palm Tree Kids Boy Solid Navy Blue Trousers
50973,Women,Apparel,Innerwear,Bra,Maroon,Summer,2017,Casual,Enamor Claret Coloured Lift Bra
13826,Men,Apparel,Topwear,Sweaters,Navy Blue,Fall,2011,Casual,Indigo Nation Men Stripes Navy Blue Sweaters
48382,Men,Apparel,Bottomwear,Jeans,Blue,Summer,2012,Casual,French Connection Men Blue Jeans
19520,Men,Apparel,Topwear,Sweaters,Blue,Fall,2011,Casual,United Colors of Benetton Men Stripes Blue Sweater
39127,Women,Apparel,Bottomwear,Leggings,Pink,Fall,2012,Casual,Aneri Women Dusky Pink Leggings
53558,Men,Apparel,Innerwear,Boxers,Navy Blue,Summer,2016,Casual,Probase Navy Boxers
12168,Women,Apparel,Topwear,Dupatta,Maroon,Fall,2011,Ethnic,Aurelia Women Voile Maroon Dupatta
48110,Women,Apparel,Bottomwear,Shorts,Red,Summer,2012,Casual,French Connection Women Red Shorts
13288,Men,Apparel,Bottomwear,Trousers,Beige,Fall,2011,Casual,Gini and Jony Kids Solid Beige Trousers
51801,Women,Apparel,Loungewear and Nightwear,Nightdress,Pink,Summer,2016,Casual,Bwitch Women Pink Nightdress
17628,Men,Apparel,Topwear,Jackets,Charcoal,Fall,2011,Casual,ADIDAS Men Solid Grey Jacket
20298,Women,Apparel,Topwear,Sweaters,Pink,Fall,2011,Casual,Jealous 21 Women Solid Pink Sweater
16990,Women,Apparel,Topwear,Sweaters,Red,Summer,2011,Casual,United Colors of Benetton Women Solid Red Sweater
19322,Men,Apparel,Topwear,Sweatshirts,Blue,Fall,2011,Casual,Myntra Men Solid Blue Sweatshirt
13618,Men,Apparel,Innerwear,Innerwear Vests,Black,Summer,2016,Casual,Hanes Men Black Muscle Duo Dry Cotton Stretch Muscle T-shirt
55831,Women,Apparel,Loungewear and Nightwear,Nightdress,White,Summer,2017,Casual,SDL by Sweet Dreams Women White Nightdress
39725,Women,Apparel,Bottomwear,Skirts,Charcoal,Summer,2012,Formal,Arrow Woman Charcoal Skirt
59096,Women,Apparel,Innerwear,Bra,White,Summer,2017,Casual,Peri Peri Women White Bra
19574,Men,Apparel,Bottomwear,Track Pants,Grey,Summer,2011,Casual,United Colors of Benetton Men Solid Grey Track Pants
18694,Men,Apparel,Innerwear,Trunk,Blue,Summer,2016,Casual,Hanes Men Blue Modern Duo Dry Cotton Stretch Trunks
1892,Men,Apparel,Topwear,Sweatshirts,Blue,Winter,2010,Casual,FIFA Men Full Sleeves Hoody Sweatshirt
12533,Women,Apparel,Topwear,Jackets,Purple,Fall,2011,Casual,Puma Women Solid Purple Jackets
16193,Men,Apparel,Topwear,Sweaters,Green,Fall,2011,Casual,Puma Men Knitted Vest Green Sweater
56643,Women,Apparel,Topwear,Tunics,Blue,Summer,2012,Casual,Mumbai Slang Women Blue Tunic
23046,Women,Apparel,Bottomwear,Leggings,Black,Fall,2011,Casual,Arrow Woman Black Printed Jeggings
47503,Men,Apparel,Innerwear,Innerwear Vests,Green,Summer,2016,Casual,Facit Men Green Innerwear Vest
53755,Men,Apparel,Bottomwear,Shorts,Blue,Summer,2012,Casual,ADIDAS Men Blue Shorts
14092,Women,Apparel,Topwear,Sweaters,Green,Fall,2011,Casual,Flying Machine Women Stripes Green Sweaters
56227,Men,Apparel,Loungewear and Nightwear,Night suits,Blue,Summer,2016,Casual,SDL by Sweet Dreams Men Blue Pyjama Set
24607,Women,Apparel,Bottomwear,Jeans,Blue,Fall,2011,Casual,Spykar Women Blue Washed Jeans
26150,Men,Apparel,Bottomwear,Trousers,Grey,Summer,2012,Formal,John Miller Men Grey Trousers
34495,Women,Apparel,Bottomwear,Skirts,Grey,Fall,2012,Formal,Van Heusen Woman Grey Skirt
51002,Women,Apparel,Innerwear,Bra,White,Summer,2018,Casual,Enamor White Full Figure Bra
12157,Women,Apparel,Bottomwear,Leggings,Orange,Fall,2011,Ethnic,Aurelia Women Solid Orange Leggings
46287,Women,Apparel,Topwear,Tunics,Black,Summer,2012,Casual,109F Women Black & Cream-Coloured Colourblocked Printed Tunic
56829,Men,Apparel,Bottomwear,Jeans,Blue,Fall,2012,Casual,John Players Men Blue Slim Fit Low-Rise Clean Look Stretchable Jeans
21147,Women,Apparel,Topwear,Sweatshirts,Grey,Fall,2011,Casual,s.Oliver Women Grey Hooded Sweatshirt
21381,Men,Apparel,Bottomwear,Track Pants,Navy Blue,Fall,2011,Casual,Manchester United Men Solid Navy Blue Track Pants
28802,Men,Apparel,Bottomwear,Jeans,Blue,Summer,2012,Casual,Denizen Men Blue Jeans
13243,Men,Apparel,Bottomwear,Shorts,Beige,Fall,2011,Casual,Palm Tree Kids Boys Solid Beige Shorts
31113,Boys,Apparel,Bottomwear,Capris,Navy Blue,Summer,2012,Casual,Gini and Jony Boys Washed Navy Blue 3/4 Length Pants
18499,Men,Apparel,Topwear,Sweaters,Navy Blue,Fall,2011,Casual,Puma Men Striped Navy Blue Sweater
46273,Women,Apparel,Topwear,Tunics,Black,Summer,2012,Casual,109F Women Black Embellished Tunic
52441,Women,Apparel,Loungewear and Nightwear,Nightdress,Pink,Winter,2015,Casual,Red Rose Pink Nightdress
40184,Women,Apparel,Topwear,Kurtis,Pink,Summer,2012,Ethnic,Mumbai Slang Women Floral Pink Kurti
17889,Men,Apparel,Innerwear,Innerwear Vests,Red,Summer,2016,Casual,Levis Men Cruiser Red Innerwear Vest
14630,Women,Apparel,Bottomwear,Skirts,Brown,Fall,2011,Casual,United Colors of Benetton Women Check Brown Skirts
45092,Women,Apparel,Innerwear,Bra,Blue,Winter,2015,Casual,Bwitch Blue Delicate Bra
11342,Men,Apparel,Bottomwear,Jeans,Black,Spring,2013,Casual,Lee Men Black Chicago Fit Jeans
11170,Men,Apparel,Topwear,Sweaters,Yellow,Fall,2011,Casual,Scullers Men Stripes Yellow Sweaters
27412,Women,Apparel,Loungewear and Nightwear,Lounge Pants,Charcoal,Summer,2018,Casual,Jockey Women Charcoal Grey Lounge Pants
18693,Men,Apparel,Innerwear,Trunk,Grey,Summer,2016,Casual,Hanes Men Grey Modern Duo Dry Cotton Stretch Trunks
28006,Men,Apparel,Innerwear,Trunk,Grey,Summer,2016,Casual,Jockey ZONE Men Grey Modern Trunks US19
1895,Men,Apparel,Topwear,Sweatshirts,Black,Winter,2010,Casual,FIFA Men Full Sleeves Hoody Sweatshirt
57339,Women,Apparel,Innerwear,Bra,Green,Winter,2015,Casual,Amante Green Demi-Cup Lace Bra BGDC01
59091,Women,Apparel,Innerwear,Bra,White,Summer,2017,Casual,Peri Peri Women White Bra
13049,Men,Apparel,Topwear,Sweaters,Black,Fall,2011,Casual,Spykar Men Stripes Black Sweaters
6882,Women,Apparel,Topwear,Jackets,Cream,Summer,2011,Casual,Forever New Women Long Peach Jacket
19573,Men,Apparel,Bottomwear,Track Pants,Blue,Summer,2011,Casual,United Colors of Benetton Men Solid Blue Track Pants
29782,Men,Apparel,Bottomwear,Trousers,Green,Summer,2013,Casual,Basics Men Green Trousers
19325,Men,Apparel,Topwear,Sweatshirts,Grey,Fall,2011,Casual,Myntra Men Solid Grey Sweatshirt
28462,Women,Apparel,Bottomwear,Capris,Pink,Summer,2012,Casual,Urban Yoga Women Pink Capris
18203,Men,Apparel,Topwear,Sweatshirts,Black,Fall,2011,Casual,Nike Men AS Squad Fleec LS Crew Black Sweatshirt
30469,Women,Apparel,Innerwear,Bra,White,Summer,2014,Casual,Lovable Women All Day Long White Bra
28496,Men,Apparel,Bottomwear,Track Pants,Grey,Summer,2012,Casual,Urban Yoga Men Solid Grey Track Pants
4977,Men,Apparel,Bottomwear,Jeans,Blue,Summer,2011,Casual,Gini and Jony Boy's Kang Jeans Infant Kidswear
54548,Women,Apparel,Topwear,Tunics,Yellow,Summer,2012,Casual,Global Desi Women Yellow Tunic
51806,Women,Apparel,Loungewear and Nightwear,Nightdress,Green,Summer,2016,Casual,Bwitch Mint Green Nightdress
59065,Women,Apparel,Innerwear,Bra,Blue,Summer,2017,Casual,Peri Peri Women Blue Bra
56811,Women,Apparel,Topwear,Kurtis,White,Summer,2012,Ethnic,Aneri Women Printed Pink Kurti
6876,Women,Apparel,Topwear,Jackets,Peach,Summer,2011,Casual,Forever New Women Peach Jacket
12953,Men,Apparel,Bottomwear,Trousers,Brown,Fall,2011,Casual,Basics Men Brown Trousers
24290,Men,Apparel,Topwear,Sweatshirts,Red,Summer,2012,Casual,Quiksilver Men Red Printed Sweatshirt
31570,Men,Apparel,Bottomwear,Trousers,Black,Summer,2012,Formal,Mark Taylor Men Striped Black Trousers
27415,Women,Apparel,Bottomwear,Capris,Black,Winter,2015,Casual,Jockey Women Black Relaxed Capris
51495,Men,Apparel,Bottomwear,Jeans,Blue,Summer,2012,Casual,Denizen Men Blue Jeans
55809,Women,Apparel,Loungewear and Nightwear,Night suits,Pink,Summer,2017,Casual,SDL by Sweet Dreams Women Pink & Purple Night Suit S11-3186
7537,Men,Apparel,Bottomwear,Track Pants,Grey,Summer,2011,Sports,Nike Men's Classic Fresh Grey Track Pant
45095,Women,Apparel,Loungewear and Nightwear,Night suits,Silver,Winter,2015,Casual,Bwitch Silver Pyjama Set
11345,Men,Apparel,Bottomwear,Jeans,Black,Fall,2011,Casual,Lee Men Elvira Rinse Black Jeans
31326,Women,Apparel,Topwear,Kurtis,Rust,Summer,2012,Ethnic,Aurelia Women Rust Kurti
16504,Men,Apparel,Bottomwear,Jeans,Blue,Fall,2011,Casual,Locomotive Men Washed Blue Jeans
52446,Women,Apparel,Loungewear and Nightwear,Nightdress,Red,Winter,2015,Casual,Red Rose Red & Black Nightdress
40183,Women,Apparel,Topwear,Kurtis,Pink,Summer,2012,Ethnic,Mumbai Slang Women Floral Pink Kurti
39379,Men,Apparel,Bottomwear,Jeans,Navy Blue,Summer,2012,Casual,Peter England Men Navy Blue Party Jeans
13244,Men,Apparel,Bottomwear,Shorts,Black,Fall,2011,Casual,Palm Tree Kids Boys Solid Black Shorts
31114,Boys,Apparel,Bottomwear,Capris,Blue,Summer,2012,Casual,Gini and Jony Boys Washed Blue 3/4 Length Pants
12150,Women,Apparel,Topwear,Kurtis,Red,Fall,2011,Ethnic,Aurelia Women Printed Red Kurtis
3507,Men,Apparel,Bottomwear,Shorts,Black,Fall,2010,Sports,ADIDAS Men's Cont Black Short
46280,Women,Apparel,Topwear,Tunics,Multi,Summer,2012,Casual,109F Women Multicoloured Printed Tunic
20092,Women,Apparel,Topwear,Kurtis,Blue,Fall,2011,Ethnic,Diva Women Printed Blue Kurti
53752,Men,Apparel,Bottomwear,Shorts,Blue,Summer,2012,Casual,ADIDAS Men Blue Shorts
26157,Men,Apparel,Bottomwear,Trousers,Black,Summer,2012,Formal,John Miller Men Black Trousers
34492,Women,Apparel,Bottomwear,Skirts,Black,Summer,2012,Formal,Van Heusen Woman Black Skirt
51005,Women,Apparel,Innerwear,Bra,Purple,Summer,2017,Casual,Enamor Purple Full Figure Bra
24264,Men,Apparel,Bottomwear,Shorts,Green,Summer,2012,Casual,Quiksilver Men Ocean Walk Reversible Green Shorts
47504,Men,Apparel,Innerwear,Innerwear Vests,Grey Melange,Summer,2016,Casual,Facit Men Grey Melange Innerwear Vest
23041,Men,Apparel,Bottomwear,Trousers,Grey,Fall,2011,Formal,Arrow Men Navy Grey Trousers
12534,Men,Apparel,Topwear,Sweatshirts,Grey,Fall,2011,Casual,Puma Men Printed Grey Sweatshirts
16194,Men,Apparel,Topwear,Sweaters,Grey,Fall,2011,Casual,Puma Men Stripped SL Grey Sweater
17887,Men,Apparel,Innerwear,Innerwear Vests,Grey,Summer,2016,Casual,Levis Men Comfort Style Grey Innerwear Vest
28454,Women,Apparel,Bottomwear,Capris,Black,Summer,2012,Sports,Urban Yoga Women Black Capris
55800,Women,Apparel,Loungewear and Nightwear,Nightdress,White,Summer,2017,Casual,SDL by Sweet Dreams Women Green Nightdress
26996,Women,Apparel,Bottomwear,Jeans,Black,Summer,2012,Casual,Jealous 21 Women Washed Black Jeans
56229,Men,Apparel,Loungewear and Nightwear,Night suits,Black,Summer,2016,Casual,SDL by Sweet Dreams Men Brown Pyjama Set
39384,Men,Apparel,Bottomwear,Jeans,Blue,Summer,2012,Casual,Peter England Men Blue Jeans
17619,Girls,Apparel,Bottomwear,Leggings,White,Fall,2011,Casual,Doodle Girls Lace Bow White Leggings
12159,Women,Apparel,Bottomwear,Leggings,Red,Fall,2011,Ethnic,Aurelia Women Solid Red Leggings
41890,Men,Apparel,Bottomwear,Shorts,Blue,Summer,2012,Casual,Flying Machine Men Blue Solid Regular Fit Denim Shorts
56827,Men,Apparel,Bottomwear,Jeans,Blue,Summer,2012,Casual,John Players Men Blue Jeans
17873,Men,Apparel,Innerwear,Innerwear Vests,Navy Blue,Summer,2016,Casual,Levis Men Comfort Style Navy Blue Innerwear Vest
23048,Women,Apparel,Topwear,Sweaters,Black,Fall,2011,Casual,Arrow Woman Black Sweater
59098,Women,Apparel,Innerwear,Bra,Purple,Summer,2017,Casual,Peri Peri Women Purple Bra
15185,Men,Apparel,Topwear,Sweaters,Black,Fall,2011,Casual,Arrow Sport Men Solid Black Sweaters
57330,Women,Apparel,Innerwear,Bra,Cream,Winter,2015,Casual,Amante Cream-Coloured Demi-Cup Balconette Bra BCPP01
13616,Men,Apparel,Innerwear,Innerwear Vests,Blue,Summer,2016,Casual,Hanes Men Blue V DuoDry Body Fit V-Neck T-shirt
30494,Women,Apparel,Innerwear,Bra,Brown,Summer,2014,Casual,Lovable Women Fiona Brown Bra
50571,Men,Apparel,Innerwear,Trunk,Navy Blue,Summer,2016,Casual,Chromozome Men Pack of Two Blue Trunks
46414,Men,Apparel,Bottomwear,Trousers,Black,Summer,2012,Casual,ADIDAS Men Black Trousers
36551,Women,Apparel,Topwear,Tunics,White,Summer,2012,Casual,AND by Anita Dongre Women White Tunic
22363,Men,Apparel,Topwear,Jackets,Navy Blue,Fall,2011,Casual,ADIDAS Men Ess 3S Rain Jkt Navy Blue Jacket
22999,Men,Apparel,Loungewear and Nightwear,Lounge Pants,Black,Summer,2016,Sports,2go Active Gear USA Men Black Roger Lounge Pants
12730,Men,Apparel,Topwear,Sweatshirts,Blue,Fall,2011,Casual,Timberland Men Solid Blue Sweatshirts
54919,Men,Apparel,Bottomwear,Shorts,Olive,Summer,2012,Casual,Do u speak green Men Olive 3/4th Pant
16390,Men,Apparel,Bottomwear,Trousers,Olive,Spring,2013,Formal,Peter England Men Solid Olive Trouser
25380,Men,Apparel,Innerwear,Innerwear Vests,Grey,Summer,2016,Casual,Levis Men Black & Grey Innerwear Vest
53556,Men,Apparel,Innerwear,Boxers,Multi,Summer,2016,Casual,Probase Multicoloured Printed Boxers
32561,Women,Apparel,Bottomwear,Jeans,Peach,Summer,2012,Casual,ONLY Women Peach Jeans
12166,Women,Apparel,Topwear,Dupatta,Red,Fall,2011,Ethnic,Aurelia Women Voile Red Dupatta
7191,Women,Apparel,Bottomwear,Jeans,Grey,Fall,2011,Casual,Jealous 21 Women Jealous Grey Jegging
13888,Men,Apparel,Bottomwear,Trousers,Navy Blue,Fall,2011,Casual,Scullers Men Solid Navy Blue Trousers
51033,Women,Apparel,Loungewear and Nightwear,Nightdress,Brown,Summer,2017,Casual,Enamor Women Brown Nightdress
17626,Men,Apparel,Topwear,Jackets,White,Fall,2011,Sports,ADIDAS Men Solid White Jacket
53338,Men,Apparel,Innerwear,Boxers,White,Summer,2016,Casual,Smugglerz Men White Check Boxers
54921,Women,Apparel,Bottomwear,Capris,Olive,Summer,2012,Casual,Do u speak green Women Olive Capris
18000,Men,Apparel,Bottomwear,Track Pants,Black,Fall,2010,Casual,Puma Men Black Track Pants
17874,Men,Apparel,Innerwear,Innerwear Vests,White,Summer,2016,Casual,Levis Men Comfort Style White Innerwear Vest
32901,Women,Apparel,Bottomwear,Trousers,White,Summer,2012,Casual,Allen Solly Woman White Trousers
32559,Women,Apparel,Bottomwear,Jeans,Black,Summer,2012,Casual,ONLY Women Black Jeans
26159,Men,Apparel,Bottomwear,Trousers,Navy Blue,Summer,2012,Formal,John Miller Men Striped Navy Blue Trousers
52448,Women,Apparel,Loungewear and Nightwear,Nightdress,Red,Summer,2017,Casual,Red Rose Red Nightdress
26991,Women,Apparel,Bottomwear,Jeans,Grey,Summer,2012,Casual,Jealous 21 Women Washed Grey Jeans
28453,Women,Apparel,Bottomwear,Leggings,Maroon,Summer,2012,Casual,Urban Yoga Women Maroon Leggings
55807,Women,Apparel,Loungewear and Nightwear,Night suits,Grey Melange,Summer,2017,Casual,SDL by Sweet Dreams Women Grey & Green Night Suit S11-3144
27629,Men,Apparel,Bottomwear,Shorts,Brown,Summer,2012,Casual,Scullers Men Check Brown Shorts
17880,Men,Apparel,Innerwear,Innerwear Vests,Grey,Summer,2016,Casual,Levis Men Comfort Style Grey Innerwear Vest
26166,Men,Apparel,Bottomwear,Trousers,Black,Summer,2012,Formal,John Miller Men Striped Black Trousers
51808,Women,Apparel,Loungewear and Nightwear,Nightdress,Red,Summer,2016,Casual,Bwitch Red Nightdress
51034,Women,Apparel,Loungewear and Nightwear,Nightdress,Pink,Summer,2017,Casual,Enamor Women Pink Highspirit Nightdress
17621,Girls,Apparel,Bottomwear,Leggings,Pink,Fall,2011,Casual,Doodle Girls Lace Bow LT.Pink Leggings
47151,Girls,Apparel,Bottomwear,Capris,Black,Summer,2012,Casual,Gini and Jony Kids Girls Black Capris
20291,Men,Apparel,Innerwear,Innerwear Vests,Orange,Summer,2016,Casual,Facit Men Printed Orange Innerwear Vest
40146,Girls,Apparel,Bottomwear,Capris,Black,Summer,2012,Casual,Gini and Jony Girls Elasticated Black Capris
12161,Women,Apparel,Bottomwear,Leggings,Green,Fall,2011,Ethnic,Aurelia Women Solid Green Leggings
6878,Women,Apparel,Topwear,Jackets,Blue,Summer,2011,Casual,Forever New Women Long Blue Jacket
51206,Women,Apparel,Innerwear,Bra,White,Summer,2017,Casual,Enamor Women White Bra
1605,Women,Apparel,Bottomwear,Track Pants,Black,Fall,2010,Sports,Reebok Black Track Pant
29778,Men,Apparel,Bottomwear,Trousers,Brown,Summer,2013,Casual,Basics Men Brown Trousers
30467,Women,Apparel,Innerwear,Bra,White,Summer,2014,Casual,Lovable Women All Day Long White Bra
28498,Men,Apparel,Bottomwear,Shorts,Black,Summer,2012,Sports,Urban Yoga Men Black Shorts
34201,Men,Apparel,Bottomwear,Track Pants,Grey Melange,Summer,2012,Sports,Proline Men Grey Melange Track Pants
22364,Men,Apparel,Topwear,Sweatshirts,Blue,Fall,2011,Casual,ADIDAS Men Hooded  Blue SweatShirt
30493,Women,Apparel,Innerwear,Bra,Pink,Summer,2014,Casual,Lovable Women Fiona Rose Pink Bra
13611,Men,Apparel,Innerwear,Innerwear Vests,White,Summer,2016,Casual,Hanes Men Sleeveless V Neck White Grey Innerwear T-shirt
27424,Women,Apparel,Loungewear and Nightwear,Shorts,Black,Winter,2015,Casual,Jockey Black Shorts
50576,Men,Apparel,Innerwear,Trunk,Navy Blue,Summer,2016,Casual,Chromozome Men Pack of Two Trunks
25373,Men,Apparel,Innerwear,Innerwear Vests,White,Summer,2016,Casual,Levis Men White Innerwear Vest
28008,Men,Apparel,Innerwear,Trunk,Blue,Summer,2016,Casual,Jockey ZONE Men Blue Modern Trunks US19
15182,Men,Apparel,Topwear,Sweaters,Green,Fall,2011,Casual,Arrow Sport Men Stripes Green Sweaters
11522,Men,Apparel,Topwear,Sweaters,Blue,Fall,2011,Casual,United Colors of Benetton Men Blue Sweater
31317,Women,Apparel,Topwear,Jackets,Teal,Summer,2012,Casual,W Women Teal Jacket
27272,Women,Apparel,Topwear,Kurtis,Green,Fall,2011,Ethnic,Mother Earth Women Printed Green Kurti
46245,Women,Apparel,Topwear,Tunics,Beige,Summer,2012,Ethnic,Fusion Beats Women Beige & Orange Tunic
31057,Men,Apparel,Bottomwear,Shorts,Blue,Summer,2012,Casual,Arrow Sport Men Check Blue Shorts
13307,Men,Apparel,Bottomwear,Trousers,Black,Fall,2011,Casual,Gini and Jony Kids Solid Black Trousers
28946,Women,Apparel,Topwear,Tunics,White,Summer,2012,Ethnic,BIBA OUTLET Women White Tunic
41320,Women,Apparel,Bottomwear,Leggings,Rust,Summer,2012,Casual,Aurelia Women Rust Leggings
14122,Women,Apparel,Bottomwear,Jeans,Blue,Fall,2011,Casual,Flying Machine Women Washed Blue Jeans
5575,Girls,Apparel,Bottomwear,Skirts,Green,Summer,2011,Casual,Ant Kids Girl's Green Kidswear
36272,Women,Apparel,Loungewear and Nightwear,Night suits,Pink,Summer,2017,Casual,SDL by Sweet Dreams Women Pink Night suits
45780,Women,Apparel,Topwear,Tunics,Black,Summer,2012,Casual,Remanika Women Black Tunic
57077,Women,Apparel,Bottomwear,Jeans,Blue,Summer,2012,Casual,Elle Women Light Blue Jeans
20919,Men,Apparel,Bottomwear,Shorts,Blue,Fall,2011,Casual,Deni Yo Men Check Blue Short
14310,Men,Apparel,Topwear,Jackets,Grey,Fall,2011,Casual,ADIDAS Men Solid Grey Jackets
51380,Men,Apparel,Bottomwear,Shorts,Blue,Summer,2012,Casual,Myntra Men Blue Shorts
25033,Men,Apparel,Bottomwear,Track Pants,Grey,Summer,2011,Sports,Nike Men Grey Track Pant
50636,Men,Apparel,Innerwear,Innerwear Vests,Grey Melange,Winter,2016,Casual,Chromozome Men Grey Melange Innerwear Vest
18985,Men,Apparel,Topwear,Jackets,White,Summer,2011,Casual,ADIDAS Originals Men ST FB Track Top White Jacket
19857,Men,Apparel,Topwear,Jackets,Navy Blue,Fall,2011,Casual,U.S. Polo Assn. Men Reversible Navy Blue Jacket
2106,Men,Apparel,Bottomwear,Shorts,Navy Blue,Fall,2010,Sports,ADIDAS Men's Chelsea Striped Black Shorts
16211,Men,Apparel,Topwear,Jackets,Black,Fall,2011,Sports,Puma Men Track Black Jackets
52353,Women,Apparel,Loungewear and Nightwear,Nightdress,Blue,Winter,2015,Casual,Red Rose Women Blue Nightdress
32070,Men,Apparel,Innerwear,Boxers,Black,Summer,2016,Casual,Playboy Men Black Boxers
23330,Women,Apparel,Topwear,Tunics,Blue,Fall,2011,Casual,W Women Blue Tunic
17939,Men,Apparel,Bottomwear,Shorts,White,Fall,2011,Sports,Puma Men Solid White  Logo 3/4 Pants
30515,Women,Apparel,Innerwear,Bra,Blue,Summer,2017,Casual,Lovable Women Spice Blue Bra
20787,Men,Apparel,Topwear,Sweaters,Black,Fall,2011,Casual,Genesis Men Solid Black Sweater
12221,Men,Apparel,Bottomwear,Trousers,Grey,Summer,2013,Formal,Basics Men Grey Trousers
5581,Girls,Apparel,Bottomwear,Skirts,Pink,Summer,2011,Casual,Ant Kids Girl's Flower Print Frill Pink Kidswear
36286,Women,Apparel,Loungewear and Nightwear,Night suits,Grey,Summer,2017,Casual,SDL by Sweet Dreams Women Grey Night suits
15004,Men,Apparel,Topwear,Jackets,Grey,Fall,2011,Sports,ADIDAS Men Solid Grey Jackets
57083,Women,Apparel,Bottomwear,Skirts,Blue,Summer,2012,Casual,Elle Women Blue Skirt
40034,Men,Apparel,Bottomwear,Track Pants,Black,Summer,2012,Casual,ADIDAS Men Black Track Pants
59119,Men,Apparel,Topwear,Jackets,Black,Summer,2012,Casual,Just Natural Men Black Jacket
28521,Women,Apparel,Bottomwear,Capris,Black,Summer,2012,Sports,Nike Women Jersey Cuffed Black Capris
34942,Women,Apparel,Topwear,Dupatta,Cream,Summer,2012,Ethnic,Fabindia Printed Cream Cotton Silk Dupatta
16820,Men,Apparel,Bottomwear,Jeans,Blue,Fall,2011,Casual,Locomotive Men Washed Blue Jeans
11239,Women,Apparel,Bottomwear,Jeans,Black,Fall,2011,Casual,Flying Machine Women Low Rise Black Jeans
19430,Men,Apparel,Bottomwear,Shorts,Grey,Summer,2012,Casual,Quiksilver Men Grey Hammonds Cargo Shorts
28145,Men,Apparel,Innerwear,Innerwear Vests,Black,Summer,2018,Casual,Jockey 24 x 7 Men Black Innerwear Vest 9922
31068,Women,Apparel,Topwear,Dupatta,Red,Summer,2012,Ethnic,Fabindia Women Red Chanderi Dupatta
46906,Men,Apparel,Bottomwear,Jeans,Blue,Summer,2012,Casual,Peter England Men Blue Jeans
12810,Women,Apparel,Bottomwear,Track Pants,Black,Fall,2011,Sports,Nike Women Trainng Black Track Pants
9141,Women,Apparel,Bottomwear,Jeans,Blue,Summer,2013,Casual,Lee Women Blue Cherrie Slim Fit Jeans
59126,Men,Apparel,Topwear,Jackets,Navy Blue,Summer,2012,Casual,Just Natural Men Navy Blue & Black Reversible Jacket
15209,Men,Apparel,Topwear,Sweaters,Blue,Fall,2011,Casual,Arrow Sport Men Solid Blue Sweater
26817,Men,Apparel,Bottomwear,Trousers,Navy Blue,Summer,2012,Formal,Arrow Men Navy Blue Trousers
18724,Women,Apparel,Topwear,Sweaters,Black,Fall,2011,Casual,Arrow Woman Lara Black Sweater
4834,Men,Apparel,Bottomwear,Track Pants,Brown,Summer,2011,Sports,ADIDAS Men's Woven Sand Track Pant
52398,Women,Apparel,Loungewear and Nightwear,Nightdress,Blue,Winter,2015,Casual,Red Rose Women Blue Nightdress
17906,Men,Apparel,Topwear,Sweatshirts,Black,Fall,2011,Casual,Nike Men Sptcas Black Sweatshirt
38575,Men,Apparel,Bottomwear,Track Pants,Black,Summer,2012,Sports,Nike Men Breakline Black Track Pants
57084,Women,Apparel,Bottomwear,Skirts,Blue,Summer,2012,Casual,Elle Women Blue Skirt
12828,Men,Apparel,Bottomwear,Jeans,Blue,Fall,2011,Casual,Spykar Men Washed Blue Jeans
9945,Men,Apparel,Topwear,Sweaters,Navy Blue,Fall,2011,Sports,ADIDAS Men Frnt Str Navy Blue Sweaters
9179,Men,Apparel,Bottomwear,Jeans,Blue,Fall,2011,Casual,Locomotive Men Euro Blue Jeans
32621,Men,Apparel,Bottomwear,Shorts,Blue,Summer,2012,Sports,Nike Men Woven Reflective Blue Shorts
5586,Girls,Apparel,Bottomwear,Skirts,Brown,Summer,2011,Casual,Ant Kids Girl's Tiger Print Kidswear
15003,Men,Apparel,Topwear,Sweaters,Grey,Fall,2011,Casual,ADIDAS Men Stripes Solid Grey Sweaters
36281,Women,Apparel,Loungewear and Nightwear,Night suits,Blue,Summer,2017,Casual,SDL by Sweet Dreams Women Blue Night suits
18378,Men,Apparel,Innerwear,Trunk,Blue,Summer,2016,Casual,Undercolors of Benetton Men Blue Boxer Trunks
54057,Women,Apparel,Bottomwear,Leggings,Sea Green,Summer,2012,Casual,Myntra Women Sea Green Leggings
21652,Women,Apparel,Innerwear,Bra,Black,Summer,2015,Casual,Enamor Women Smooth Black Bra
59748,Women,Apparel,Loungewear and Nightwear,Nightdress,Cream,Summer,2017,Casual,Avirate Cream Nightdress
15467,Men,Apparel,Bottomwear,Shorts,Black,Fall,2011,Casual,Puma Men Logo Bermuda Black Shorts
18976,Men,Apparel,Bottomwear,Track Pants,Red,Summer,2011,Casual,ADIDAS Originals Men Firebird Red Track Pants
23337,Women,Apparel,Topwear,Dupatta,Brown,Fall,2011,Ethnic,W Women Brown Dupatta
7487,Women,Apparel,Bottomwear,Track Pants,Black,Summer,2011,Sports,Nike Women Be Strong Black Track Pant
28519,Men,Apparel,Bottomwear,Track Pants,Black,Summer,2012,Sports,Nike Men Breakline Black Track Pants
16216,Men,Apparel,Bottomwear,Track Pants,Grey,Fall,2011,Casual,Puma Men Lifestyle  Grey Track Pant
31434,Men,Apparel,Bottomwear,Trousers,Grey,Summer,2012,Casual,Highlander Men Grey Trousers
52354,Women,Apparel,Loungewear and Nightwear,Nightdress,Yellow,Winter,2015,Casual,Red Rose Women Yellow Nightdress
53286,Men,Apparel,Bottomwear,Jeans,Blue,Summer,2012,Casual,Locomotive Men Blue Jeans
25034,Men,Apparel,Bottomwear,Track Pants,Navy Blue,Summer,2011,Sports,Nike Men Navy Blue Track Pants
50631,Men,Apparel,Innerwear,Trunk,Grey Melange,Winter,2016,Casual,Chromozome Men Grey Melange & Black Trunks
57070,Women,Apparel,Bottomwear,Jeans,Blue,Summer,2012,Casual,Elle Women Blue Jeans
37195,Women,Apparel,Bottomwear,Trousers,Beige,Summer,2012,Casual,United Colors of Benetton Women Beige Trousers
51387,Men,Apparel,Innerwear,Boxers,White,Summer,2012,Casual,Myntra White Printed Boxers
49976,Men,Apparel,Innerwear,Innerwear Vests,Red,Summer,2016,Casual,Hanes Men Red Innerwear Vest
27909,Women,Apparel,Bottomwear,Trousers,White,Summer,2012,Casual,Scullers For Her Women White Trousers
48098,Women,Apparel,Bottomwear,Jeans,Blue,Summer,2012,Casual,French Connection Women Blue Jeans
43470,Women,Apparel,Loungewear and Nightwear,Night suits,White,Summer,2017,Casual,SDL by Sweet Dreams Women White Pyjama Set
13300,Men,Apparel,Bottomwear,Shorts,Beige,Fall,2011,Casual,Gini and Jony Men Solid Beige Shorts
41327,Women,Apparel,Topwear,Dupatta,Purple,Fall,2012,Ethnic,Aurelia Women Purple Dupatta
14125,Men,Apparel,Bottomwear,Jeans,Blue,Fall,2011,Casual,Flying Machine Men Washed Blue Jeans
36275,Women,Apparel,Loungewear and Nightwear,Night suits,Pink,Summer,2017,Casual,SDL by Sweet Dreams Women Pink Night suits
17901,Men,Apparel,Topwear,Jackets,Black,Fall,2011,Sports,Nike Men Football Soccer Black Jacket
38572,Men,Apparel,Bottomwear,Track Pants,Black,Fall,2012,Casual,Nike Men Black AD Striker Track Pants
4833,Men,Apparel,Bottomwear,Track Pants,Navy Blue,Spring,2013,Sports,ADIDAS Men's Navy Blue White Track Pant
26810,Men,Apparel,Bottomwear,Trousers,Grey,Summer,2013,Formal,Arrow Men Grey Flat Front Trousers
12219,Men,Apparel,Bottomwear,Trousers,Green,Fall,2011,Formal,Basics Men Green Trousers
9146,Women,Apparel,Bottomwear,Jeans,Blue,Summer,2013,Casual,Lee Women Mid Stone Blue Maxi Fit Jeans
59121,Men,Apparel,Topwear,Jackets,Black,Summer,2012,Casual,Just Natural Men Black Jacket
28142,Men,Apparel,Bottomwear,Shorts,Grey Melange,Summer,2016,Casual,Jockey 24 x 7 Men Grey Melange Lounge Shorts 9426
27936,Women,Apparel,Bottomwear,Jeans,Grey,Summer,2012,Casual,Jealous 21 Women Grey Magic Colour Jeans
7028,Men,Apparel,Bottomwear,Shorts,Grey,Summer,2011,Casual,s.Oliver Men Grey Checked Shorts
20921,Men,Apparel,Bottomwear,Shorts,Olive,Fall,2011,Casual,Deni Yo Men Solid Olive Short
18181,Boys,Apparel,Bottomwear,Jeans,Blue,Fall,2011,Casual,Doodle Boys-Boys Washed Blue Jeans
13569,Men,Apparel,Innerwear,Innerwear Vests,Navy Blue,Summer,2016,Casual,Hanes Men Racer Back Navy Blue Innerwear Vests
16229,Men,Apparel,Topwear,Sweatshirts,Black,Fall,2011,Casual,Puma Men Logo Crew  Black SweatShirt
34945,Women,Apparel,Topwear,Dupatta,Grey,Summer,2012,Ethnic,Fabindia Grey Hand Printed Chanderi Dupatta
41781,Women,Apparel,Topwear,Tunics,Black,Summer,2012,Casual,Remanika Women Black Tunic
52396,Women,Apparel,Loungewear and Nightwear,Nightdress,Peach,Winter,2015,Casual,Red Rose Peach Nightdress
7683,Men,Apparel,Topwear,Jackets,Black,Fall,2011,Sports,Puma Men Windbreaker Black Ferrari Jacket
12674,Men,Apparel,Bottomwear,Trousers,Olive,Fall,2011,Casual,Probase Men Solid Olive Cargos
42104,Men,Apparel,Bottomwear,Shorts,Navy Blue,Spring,2013,Casual,ADIDAS Men Navy Blue Shorts
23301,Women,Apparel,Bottomwear,Leggings,Beige,Fall,2011,Ethnic,W Women Solid Beige Leggings
17908,Men,Apparel,Topwear,Sweatshirts,Blue,Fall,2011,Casual,Nike Men Sptcas Blue Sweatshirt
37533,Boys,Apparel,Innerwear,Innerwear Vests,Yellow,Summer,2012,Casual,Madagascar3 Boys Yellow Innerwear Vest
9973,Men,Apparel,Topwear,Sweatshirts,White,Fall,2011,Sports,Nike Men As Arsenal Co White Sweatshirts
18518,Men,Apparel,Topwear,Jackets,Navy Blue,Fall,2011,Casual,C Vox Men Delirious Disclosure Navy Blue Jacket
59128,Men,Apparel,Topwear,Jackets,Olive,Summer,2012,Casual,Just Natural Men Olive Jacket
15207,Men,Apparel,Topwear,Sweaters,Black,Fall,2011,Casual,Arrow Sport Men Solid Black Sweaters
15035,Women,Apparel,Topwear,Sweaters,Purple,Fall,2011,Casual,ADIDAS Women Stripes Purple Sweaters
4462,Men,Apparel,Topwear,Jackets,Black,Summer,2011,Sports,Nike Men Track Black Jacket
26819,Men,Apparel,Bottomwear,Trousers,Navy Blue,Summer,2012,Formal,Arrow Men Striped Navy Blue Trousers
29851,Men,Apparel,Bottomwear,Trousers,Grey,Summer,2012,Casual,Basics Men Grey Trousers
13104,Men,Apparel,Topwear,Jackets,Black,Fall,2011,Casual,ADIDAS Men Bnce T-Top Black Jackets
3481,Men,Apparel,Bottomwear,Track Pants,Black,Fall,2010,Sports,ADIDAS Men's Black White Track Pant
39805,Men,Apparel,Bottomwear,Trousers,Black,Spring,2013,Formal,Peter England Men Black Formal Trousers
14321,Men,Apparel,Bottomwear,Shorts,Navy Blue,Fall,2011,Sports,ADIDAS Men Solid Navy Blue Shorts
41311,Girls,Apparel,Bottomwear,Capris,White,Summer,2012,Casual,Gini and Jony Girls Fixed Weast White Capris
44663,Women,Apparel,Bottomwear,Trousers,Brown,Summer,2012,Formal,Wills Lifestyle Women Brown Trousers
14113,Men,Apparel,Topwear,Sweatshirts,Olive,Fall,2011,Casual,Flying Machine Men Printed Olive Sweatshirts
50051,Men,Apparel,Innerwear,Innerwear Vests,Black,Summer,2016,Casual,Hanes Men Black Innerwear Vest
46908,Men,Apparel,Bottomwear,Jeans,White,Summer,2012,Casual,Peter England Men White Jeans
31066,Women,Apparel,Topwear,Dupatta,Brown,Summer,2012,Ethnic,Fabindia Women Printed Brown Dupatta
42594,Boys,Apparel,Bottomwear,Jeans,Blue,Summer,2012,Casual,United Colors of Benetton Boys Blue Slim Fit Jeans
52362,Women,Apparel,Loungewear and Nightwear,Nightdress,Off White,Winter,2015,Casual,Red Rose Women Off White Nightdress
16220,Men,Apparel,Topwear,Jackets,Black,Fall,2011,Sports,Puma Men Heroes Black Jackets
50435,Men,Apparel,Innerwear,Innerwear Vests,White,Winter,2016,Casual,Chromozome Men White Pack of 2 Innervests
40495,Women,Apparel,Bottomwear,Leggings,Olive,Summer,2012,Casual,Femella Women Olive Leggings
11237,Women,Apparel,Bottomwear,Jeans,Blue,Fall,2011,Casual,Flying Machine Women Blue Jeans
30943,Women,Apparel,Topwear,Kurtis,Black,Summer,2012,Ethnic,Fabindia Women Black Silk Kurti
26826,Men,Apparel,Bottomwear,Trousers,Black,Summer,2012,Casual,Highlander Men Black Trousers
9342,Men,Apparel,Bottomwear,Shorts,Navy Blue,Fall,2011,Casual,Puma Men Pants Navy Blue Shorts
36288,Women,Apparel,Loungewear and Nightwear,Night suits,Pink,Summer,2017,Casual,SDL by Sweet Dreams Women Pink Night suits
59117,Men,Apparel,Topwear,Jackets,Black,Summer,2012,Casual,Just Natural Men Black & Grey Reversible Jacket
9170,Men,Apparel,Bottomwear,Jeans,Blue,Fall,2011,Casual,Locomotive Men Lain Blue Jeans
39496,Men,Apparel,Topwear,Jackets,Black,Summer,2012,Casual,Wildcraft Men Black Jacket
19091,Women,Apparel,Topwear,Kurtis,Navy Blue,Fall,2011,Ethnic,W Women Gathered Design Navy Blue Kurti
13799,Men,Apparel,Topwear,Sweaters,Purple,Fall,2011,Casual,Proline Purple Striped Sweater
18371,Men,Apparel,Innerwear,Innerwear Vests,Red,Summer,2016,Casual,Undercolors of Benetton Men T-Shirts Red Innerwear T-shirt
24329,Women,Apparel,Bottomwear,Track Pants,Blue,Fall,2011,Sports,ADIDAS Women Blue Track Pants
20789,Men,Apparel,Topwear,Sweaters,Navy Blue,Fall,2011,Casual,Genesis Men Solid Navy Blue Sweater
59741,Women,Apparel,Innerwear,Bra,Red,Summer,2014,Casual,Avirate Red & Black Bra
19859,Men,Apparel,Topwear,Jackets,Olive,Fall,2011,Casual,U.S. Polo Assn. Men Solid Olive Jacket
50638,Men,Apparel,Innerwear,Innerwear Vests,White,Summer,2016,Casual,Chromozome Men White Innerwear Vest
2108,Men,Apparel,Bottomwear,Shorts,Black,Fall,2010,Sports,ADIDAS Men's Black Football Shorts
54896,Boys,Apparel,Bottomwear,Trousers,Olive,Summer,2012,Casual,Do u speak green Boys Olive Trousers
14548,Women,Apparel,Topwear,Kurtis,Black,Fall,2011,Ethnic,Vishudh Women Golden Thread Work Black Kurtis
27900,Women,Apparel,Bottomwear,Trousers,Beige,Summer,2012,Casual,Scullers For Her Women Beige Trousers
31059,Women,Apparel,Topwear,Dupatta,Off White,Summer,2012,Ethnic,Fabindia Women Off White Chanderi Dupatta
19861,Men,Apparel,Topwear,Jackets,Black,Fall,2011,Casual,U.S. Polo Assn. Men Solid Black Jackets
13567,Men,Apparel,Innerwear,Innerwear Vests,Black,Summer,2016,Casual,Hanes Men Racer Back Black Innerwear Vests
33160,Women,Apparel,Topwear,Tunics,Blue,Summer,2012,Casual,Sepia Women Hip Street Blue Tunic
41316,Women,Apparel,Bottomwear,Leggings,Purple,Summer,2012,Ethnic,Aurelia Women Purple Leggings
14114,Men,Apparel,Bottomwear,Jeans,Blue,Fall,2011,Casual,Flying Machine Men Washed Jeans
44664,Women,Apparel,Bottomwear,Trousers,Charcoal,Summer,2012,Formal,Wills Lifestyle Women Charcoal Trousers
27938,Women,Apparel,Bottomwear,Jeans,Blue,Summer,2012,Casual,Jealous 21 Women Blue Magic Colour Jeans
31061,Women,Apparel,Topwear,Dupatta,Rust,Summer,2012,Ethnic,Fabindia Women Rust Dupatta
9980,Men,Apparel,Topwear,Jackets,Black,Fall,2011,Sports,Nike Men As Sideline J Black Jackets
34721,Girls,Apparel,Bottomwear,Trousers,Black,Summer,2012,Casual,Allen Solly Kids Girls Twill Black Trousers
22644,Men,Apparel,Bottomwear,Shorts,Navy Blue,Fall,2011,Sports,Nike Men Solid Navy Blue Shorts
43673,Women,Apparel,Topwear,Jackets,Blue,Summer,2012,Casual,ONLY Women Blue Jacket
13103,Men,Apparel,Topwear,Sweatshirts,Black,Fall,2011,Casual,ADIDAS Men Sf Striped Hood Black Sweatshirts
5771,Women,Apparel,Bottomwear,Jeans,Black,Summer,2011,Casual,Jealous 21 Women's Black Grey Jegging
15032,Women,Apparel,Topwear,Sweaters,Blue,Fall,2011,Casual,ADIDAS Women Stripes Blue Sweaters
35435,Boys,Apparel,Bottomwear,Shorts,Blue,Summer,2012,Casual,Doodle Boys Check Blue Shorts
12217,Men,Apparel,Bottomwear,Trousers,Beige,Fall,2011,Formal,Basics Men Beige New Improved Fit Trousers
9148,Women,Apparel,Bottomwear,Jeans,Blue,Summer,2013,Casual,Lee Women Blue Jeans
6564,Men,Apparel,Bottomwear,Shorts,Blue,Summer,2011,Sports,Nike Men's Woven Blue Short
13593,Men,Apparel,Innerwear,Innerwear Vests,Grey,Summer,2016,Casual,Hanes Men Half Sleeve Crew Pack of 3 Grey Innerwear T-shirts
32046,Men,Apparel,Innerwear,Innerwear Vests,White,Summer,2016,Casual,Playboy Men Pack of 2 Innerwear Vests
37534,Boys,Apparel,Innerwear,Innerwear Vests,Blue,Summer,2012,Casual,Madagascar3 Boys Blue Innerwear Vest
1573,Women,Apparel,Bottomwear,Track Pants,Grey,Fall,2010,Sports,Kalenji Women Athletes Grey Track Pants
24311,Men,Apparel,Bottomwear,Shorts,Black,Fall,2011,Casual,ADIDAS Men Black Shorts
52391,Women,Apparel,Loungewear and Nightwear,Nightdress,Lavender,Winter,2015,Casual,Red Rose Women Lavender Nightdress
21663,Women,Apparel,Innerwear,Bra,White,Summer,2014,Casual,Enamor Women White Smooth Bra
35051,Women,Apparel,Topwear,Kurtis,Blue,Summer,2012,Ethnic,Fabindia Women Printed Blue Kurtis
12673,Men,Apparel,Bottomwear,Trousers,Beige,Fall,2011,Casual,Probase Men Solid Beige Cargos
20910,Men,Apparel,Bottomwear,Jeans,Blue,Fall,2011,Casual,Deni Yo Men Washed Blue Jeans
14319,Men,Apparel,Bottomwear,Shorts,White,Fall,2012,Sports,ADIDAS Men Solid White Shorts
51389,Men,Apparel,Innerwear,Boxers,White,Summer,2012,Casual,Myntra Men White Boxer
27907,Women,Apparel,Bottomwear,Trousers,Olive,Summer,2012,Casual,Scullers For Her Olive Trousers
49978,Men,Apparel,Innerwear,Innerwear Vests,Navy Blue,Summer,2016,Casual,Hanes Men Navy Blue Innerwear Vest
34148,Girls,Apparel,Bottomwear,Skirts,Blue,Summer,2012,Casual,Gini and Jony Girls Washed Blue Skirt
39465,Women,Apparel,Topwear,Kurtis,Beige,Summer,2012,Ethnic,Diva Women Beige Kurti
33963,Women,Apparel,Topwear,Tunics,Red,Summer,2012,Casual,Femella Women Red Tunic
19062,Women,Apparel,Topwear,Kurtis,Maroon,Fall,2011,Ethnic,Aurelia Women Solid Maroon Kurti
18376,Men,Apparel,Innerwear,Trunk,Black,Summer,2016,Casual,Under Colors of Benetton Men Black Boxer Trunks
54059,Women,Apparel,Bottomwear,Leggings,White,Summer,2010,Casual,Myntra Women White Leggings
59746,Women,Apparel,Loungewear and Nightwear,Nightdress,White,Summer,2014,Casual,Avirate White Babydoll Nightdress
7489,Women,Apparel,Bottomwear,Capris,Black,Summer,2011,Sports,Nike Women As Be Strong Black Capri
18978,Men,Apparel,Topwear,Jackets,White,Summer,2011,Casual,ADIDAS Originals Men CR WB PS White Jacket
17930,Women,Apparel,Bottomwear,Track Pants,Black,Fall,2011,Casual,Nike Women Casual Black Track Pant
9177,Men,Apparel,Bottomwear,Jeans,Blue,Fall,2011,Casual,Locomotive Men Bade Blue Jeans
18520,Women,Apparel,Topwear,Jackets,Black,Fall,2011,Casual,C Vox Women Solid 1354 Black Jacket
30944,Women,Apparel,Topwear,Kurtis,Olive,Summer,2012,Ethnic,Fabindia Women Olive Silk Kurti
26821,Men,Apparel,Bottomwear,Trousers,Brown,Summer,2012,Casual,Highlander Men Brown Trousers
18712,Women,Apparel,Bottomwear,Skirts,Black,Fall,2011,Formal,Arrow Women Solid Black Skirt
9345,Men,Apparel,Bottomwear,Shorts,Green,Fall,2011,Casual,Puma Men Checks Green Shorts
57218,Women,Apparel,Bottomwear,Capris,Blue,Fall,2012,Casual,Kraus Jeans Women Blue Capris
12288,Men,Apparel,Bottomwear,Trousers,Grey,Fall,2011,Formal,Genesis Men Solid Grey Trousers
8839,Men,Apparel,Bottomwear,Trousers,Grey,Summer,2011,Casual,Scullers Men Scul Grey Trousers
57816,Women,Apparel,Topwear,Tunics,Khaki,Fall,2012,Casual,United Colors of Benetton Women Khaki Tunic
28771,Women,Apparel,Topwear,Kurtis,Green,Summer,2012,Ethnic,Aurelia Women Printed Green Kurti
34920,Women,Apparel,Topwear,Dupatta,Magenta,Summer,2012,Ethnic,Fabindia Magenta Dupatta
8495,Women,Apparel,Bottomwear,Skirts,Blue,Fall,2011,Casual,Forever New Women Cornflower Blue Skirts
53228,Men,Apparel,Bottomwear,Trousers,Charcoal,Summer,2012,Formal,Mark Taylor Men Charcoal Grey Trousers
59712,Women,Apparel,Loungewear and Nightwear,Nightdress,Black,Summer,2012,Casual,Avirate Black Babydoll Nightdress
30910,Women,Apparel,Topwear,Kurtis,Grey,Summer,2012,Ethnic,Fabindia Women Striped Grey Kurti
7885,Men,Apparel,Bottomwear,Track Pants,Grey,Fall,2011,Casual,Proline Men Grey Track Pants
55789,Women,Apparel,Loungewear and Nightwear,Nightdress,Black,Summer,2017,Casual,SDL by Sweet Dreams Women Black Nightdress
32449,Men,Apparel,Bottomwear,Shorts,White,Summer,2012,Sports,ADIDAS Men White 3/4 Length Pants
10719,Women,Apparel,Bottomwear,Capris,Blue,Fall,2011,Casual,Nike Women Training Blue Capris
48499,Women,Apparel,Bottomwear,Jeans,Grey,Winter,2011,Casual,French Connection Women Black Jeans
50466,Men,Apparel,Innerwear,Trunk,Black,Winter,2016,Casual,Chromozome Men Black Trunks
33306,Boys,Apparel,Bottomwear,Jeans,Grey,Summer,2012,Casual,Gini and Jony Boys Washed Grey Jeans
52103,Women,Apparel,Topwear,Kurtis,Pink,Summer,2012,Ethnic,Myntra Women Pink Kurti
11264,Men,Apparel,Bottomwear,Trousers,Grey,Fall,2011,Casual,Indigo Nation Men TR Yarn Dyed Grey Trousers
49779,Women,Apparel,Loungewear and Nightwear,Night suits,White,Summer,2012,Casual,Little Miss Intimates White Printed Pyjama Set
19009,Women,Apparel,Topwear,Jackets,White,Summer,2011,Casual,ADIDAS Originals Women F Night Logo TT White Jacket
51786,Women,Apparel,Innerwear,Bra,Purple,Summer,2016,Casual,Bwitch Purple Bra
22610,Men,Apparel,Topwear,Sweatshirts,Black,Summer,2012,Casual,Nike Men Black Sweatshirt
50002,Women,Apparel,Innerwear,Bra,White,Winter,2015,Sports,Hanes Women White Cotton Stretch Shirred Crop Top Bra
15092,Women,Apparel,Topwear,Tunics,Red,Fall,2011,Casual,Mother Earth Women Printed Red Tunics
44630,Men,Apparel,Bottomwear,Track Pants,Charcoal,Summer,2012,Sports,Nike Men Charcoal Track Pants
32644,Men,Apparel,Bottomwear,Track Pants,Black,Summer,2012,Sports,Nike Men Knit Black Track Pants
56301,Women,Apparel,Innerwear,Bra,Orange,Summer,2017,Casual,Biara Women Orange Blush Bra
14988,Men,Apparel,Topwear,Sweatshirts,Grey,Fall,2011,Casual,ADIDAS Men Solid Grey Sweatshirts
50492,Men,Apparel,Innerwear,Innerwear Vests,Black,Winter,2016,Casual,Chromozome Men Black Innerwear Vest
21637,Women,Apparel,Innerwear,Bra,White,Summer,2014,Casual,Enamor Women White Bra
37560,Girls,Apparel,Bottomwear,Shorts,White,Summer,2012,Casual,Madagascar3 Girls White Shorts
25899,Women,Apparel,Bottomwear,Leggings,Charcoal,Summer,2012,Casual,Femella Women Charcoal Skinny Leggings
15630,Men,Apparel,Topwear,Jackets,Black,Fall,2011,Sports,Nike Men AS Thermal Black Jackets
40432,Women,Apparel,Bottomwear,Skirts,Black,Summer,2012,Formal,Tonga Women Black Skirt
53819,Women,Apparel,Topwear,Kurtis,Green,Fall,2012,Ethnic,Ayaany Women Green Kurti
11290,Men,Apparel,Bottomwear,Jeans,Blue,Summer,2016,Casual,Wrangler Men Blue Floyd Fit Jeans
2190,Men,Apparel,Bottomwear,Track Pants,Grey,Fall,2010,Sports,ADIDAS Men Lead Light Track Pant
18573,Men,Apparel,Topwear,Sweaters,Blue,Fall,2011,Casual,Puma Men Striped Full Zip Blue Sweater
7882,Men,Apparel,Bottomwear,Shorts,Black,Fall,2011,Casual,Proline Men Black Comfort Fit Shorts
12049,Men,Apparel,Topwear,Sweatshirts,Grey,Fall,2011,Casual,Spykar Men Solid Grey Sweatshirts
46399,Men,Apparel,Bottomwear,Shorts,Olive,Summer,2012,Casual,ADIDAS Men Grey Olive Shorts
53479,Women,Apparel,Innerwear,Bra,Pink,Summer,2017,Casual,Amante Pink Full-Coverage Bra BCSB02
30917,Women,Apparel,Bottomwear,Trousers,Black,Summer,2012,Ethnic,Fabindia Women Black Harem Pants
59715,Women,Apparel,Loungewear and Nightwear,Nightdress,Orange,Summer,2014,Casual,Avirate Light Orange Babydoll Nightdress
38722,Women,Apparel,Topwear,Tunics,Cream,Summer,2012,Ethnic,Global Desi Women Cream Tunic
4851,Women,Apparel,Bottomwear,Track Pants,Black,Summer,2011,Sports,ADIDAS Women's Tight Fresh Black Track Pant
9772,Men,Apparel,Bottomwear,Track Pants,Grey,Fall,2011,Casual,ADIDAS Men Cress 3sswptch Grey Track Pants
18117,Men,Apparel,Innerwear,Innerwear Vests,Black,Summer,2016,Casual,Crusoe Men Easy Tee Black Innerwear Vest
37558,Girls,Apparel,Bottomwear,Shorts,Pink,Summer,2012,Casual,Madagascar3 Girls Pink Shorts
15608,Men,Apparel,Bottomwear,Track Pants,Navy Blue,Spring,2014,Sports,Nike Navy Blue Team Woven     Training  Track Pants
34927,Women,Apparel,Topwear,Dupatta,Brown,Summer,2012,Ethnic,Fabindia Brown Dupatta
28544,Men,Apparel,Bottomwear,Shorts,Grey,Summer,2012,Casual,Nike Men Grey Shorts
17997,Men,Apparel,Bottomwear,Track Pants,Black,Summer,2010,Sports,Puma Men Wind Black Track Pant
28776,Women,Apparel,Topwear,Kurtis,Orange,Summer,2012,Ethnic,Aurelia Women Printed Orange Kurti
25855,Women,Apparel,Topwear,Kurtis,Red,Summer,2012,Ethnic,Diva Women Printed Red Kurti
24170,Women,Apparel,Topwear,Kurtis,Blue,Summer,2012,Ethnic,Aurelia Women Blue Printed Kurti
11297,Men,Apparel,Bottomwear,Jeans,Blue,Fall,2011,Casual,Wrangler Men Blue Custom Jeans
43082,Women,Apparel,Bottomwear,Track Pants,Grey,Summer,2012,Casual,Nike Women Grey Track Pants
16280,Men,Apparel,Topwear,Sweatshirts,Black,Fall,2011,Casual,Beatles Men Beatles Black Sweatshirts
50495,Men,Apparel,Innerwear,Innerwear Vests,Blue,Winter,2016,Casual,Chromozome Men Blue Innerwear Vest
30928,Women,Apparel,Bottomwear,Skirts,Blue,Summer,2012,Ethnic,Fabindia Women Printed Blue Skirt
56306,Women,Apparel,Innerwear,Bra,Maroon,Summer,2017,Casual,Biara Women Maroon Bra
10513,Women,Apparel,Topwear,Tunics,White,Fall,2011,Casual,Flying Machine Women RN HS Tunic Top
37103,Men,Apparel,Bottomwear,Trousers,Brown,Summer,2012,Formal,Wills Lifestyle Men Brown Trousers
40051,Men,Apparel,Topwear,Jackets,Navy Blue,Fall,2013,Sports,ADIDAS Men Navy Messi Track Jacket
26243,Men,Apparel,Bottomwear,Shorts,Grey Melange,Summer,2012,Sports,Proline Grey Melange Shorts
13998,Men,Apparel,Topwear,Sweatshirts,White,Fall,2011,Sports,Nike Men Printed White Sweatshirts
31032,Men,Apparel,Bottomwear,Trousers,Grey,Summer,2012,Formal,Arrow New York Men Grey Trousers
50005,Women,Apparel,Innerwear,Bra,White,Winter,2015,Casual,Hanes Women White Cotton Stretch Light Padded Bra
16610,Men,Apparel,Bottomwear,Trousers,Black,Fall,2011,Formal,Genesis Men Solid Black Trouser
36217,Girls,Apparel,Bottomwear,Shorts,Pink,Summer,2012,Casual,Gini Jony Girls Pink Shorts
20372,Women,Apparel,Bottomwear,Track Pants,Purple,Fall,2011,Casual,Urban Yoga Women Solid Purple Track Pants
38983,Men,Apparel,Bottomwear,Trousers,Charcoal,Summer,2012,Formal,Arrow Men Charcoal Striped Trousers
32485,Men,Apparel,Bottomwear,Shorts,Red,Summer,2012,Casual,Proline Red & White Checked Shorts
11263,Men,Apparel,Bottomwear,Trousers,Beige,Fall,2011,Casual,Indigo Nation Men PV Plan Beige Trousers
51781,Women,Apparel,Innerwear,Bra,Grey,Summer,2016,Casual,Bwitch Grey Lace  Bra
17194,Men,Apparel,Topwear,Sweaters,Black,Fall,2011,Casual,U.S. Polo Assn. Men Stripes Black Sweater
34918,Women,Apparel,Topwear,Dupatta,Brown,Summer,2012,Ethnic,Fabindia Brown Dupatta
43076,Women,Apparel,Bottomwear,Capris,Black,Summer,2012,Sports,Nike Womens Black Capris
16274,Men,Apparel,Topwear,Sweatshirts,Green,Fall,2011,Casual,Free Authority Men Stripes Green Sweatshirts
18313,Men,Apparel,Topwear,Sweaters,Grey,Spring,2013,Casual,Wills Lifestyle Men Grey Striped Sweater
23952,Men,Apparel,Topwear,Sweaters,Blue,Fall,2011,Casual,Provogue Men Blue Sweater
54800,Men,Apparel,Bottomwear,Jeans,Blue,Summer,2012,Casual,Peter England Men Blue Jeans
59723,Women,Apparel,Innerwear,Bra,Blue,Summer,2014,Casual,Avirate Blue Bra
21639,Women,Apparel,Innerwear,Bra,Black,Fall,2012,Casual,Enamor Women Smooth Black Bra
25897,Women,Apparel,Bottomwear,Leggings,Green,Summer,2012,Casual,Femella Women Green Skinny Leggings
18121,Men,Apparel,Innerwear,Innerwear Vests,Navy Blue,Summer,2016,Casual,Crusoe Men Easy Tee Navy Blue Innerwear Vest
49783,Women,Apparel,Loungewear and Nightwear,Night suits,Grey Melange,Summer,2012,Casual,Little Miss Intimates Grey & Black Pyjama Set
27398,Women,Apparel,Innerwear,Bra,Pink,Winter,2015,Casual,Jockey Pink Solid Non-Wired Non-Padded Cross Over Bra 1242-0105
26844,Men,Apparel,Bottomwear,Trousers,Black,Summer,2012,Casual,Highlander Men Black Trousers
30921,Women,Apparel,Bottomwear,Trousers,Blue,Summer,2012,Ethnic,Fabindia Women Blue Harem Pants
14986,Men,Apparel,Topwear,Sweatshirts,Navy Blue,Fall,2011,Casual,ADIDAS Men Printed Navy Blue Sweatshirts
27962,Men,Apparel,Innerwear,Trunk,White,Fall,2018,Casual,Jockey Men White SPORT PERFORMANCE Trunks SP08
28116,Men,Apparel,Innerwear,Trunk,Olive,Summer,2016,Casual,Jockey COMFORT PLUS Men Comfort Plus Olive Trunks 8015
48497,Women,Apparel,Bottomwear,Trousers,Black,Winter,2011,Casual,French Connection Women Black Trousers
50468,Men,Apparel,Innerwear,Trunk,Grey Melange,Winter,2016,Casual,Chromozome Men Grey Melange Trunks
33308,Boys,Apparel,Bottomwear,Jeans,Black,Summer,2012,Casual,Gini and Jony Boys Solid Black Jeans
19007,Women,Apparel,Topwear,Tunics,Blue,Fall,2011,Casual,ADIDAS Originals Women Blue Tunic
55787,Women,Apparel,Loungewear and Nightwear,Nightdress,Pink,Summer,2017,Casual,SDL by Sweet Dreams Women Pink Nightdress
46390,Men,Apparel,Bottomwear,Shorts,Blue,Summer,2012,Casual,ADIDAS Men Blue Cargo Shorts
37135,Men,Apparel,Bottomwear,Trousers,Cream,Summer,2012,Casual,Wills Lifestyle Men Cream Trousers
53470,Women,Apparel,Innerwear,Bra,Lavender,Summer,2017,Casual,Amante Lavender T-shirt  Bra BCNE11
38941,Boys,Apparel,Bottomwear,Shorts,Blue,Summer,2012,Casual,Gini and Jony Boys Blue Shorts
32447,Men,Apparel,Bottomwear,Shorts,Black,Winter,2014,Sports,ADIDAS Men Black 3/4 Length Pants
50691,Men,Apparel,Innerwear,Trunk,Charcoal,Summer,2016,Casual,Chromozome Men Charcoal Trunks
6501,Men,Apparel,Topwear,Jackets,White,Summer,2011,Casual,ADIDAS Men Chrome White Jacket
21434,Women,Apparel,Bottomwear,Shorts,Blue,Winter,2012,Casual,roxy Women Beach Brights Blue Short
15601,Men,Apparel,Topwear,Jackets,Navy Blue,Fall,2011,Sports,Nike Men Football Soccer Navy Blue Jackets
11093,Women,Apparel,Topwear,Sweaters,White,Fall,2011,Casual,Scullers Women Knit White Sweaters
50665,Men,Apparel,Bottomwear,Shorts,Navy Blue,Winter,2016,Sports,Chromozome Men Navy Blue Soccer Shorts
16070,Men,Apparel,Bottomwear,Trousers,Khaki,Fall,2011,Casual,Highlander Men Solid Khaki Trouser
27505,Women,Apparel,Innerwear,Bra,Black,Winter,2015,Casual,Jockey Women Black Underwired Bra SS 14
51585,Women,Apparel,Bottomwear,Jeans,Navy Blue,Summer,2012,Casual,Wrangler Women Navy Blue Giselle Jeans
57216,Women,Apparel,Bottomwear,Shorts,Brown,Fall,2012,Casual,Kraus Jeans Women Brown Shorts
12286,Men,Apparel,Bottomwear,Trousers,Navy Blue,Fall,2011,Formal,Genesis Men Solid Navy Blue Trousers
50033,Men,Apparel,Loungewear and Nightwear,Lounge Pants,Grey,Summer,2016,Casual,Hanes Men Grey Relaxed Sports Pants
43616,Women,Apparel,Topwear,Tunics,Yellow,Summer,2012,Casual,Vero Moda Women Yellow Tunic
8837,Men,Apparel,Bottomwear,Trousers,Cream,Summer,2011,Casual,Scullers Men Scul Cream Trousers
53484,Women,Apparel,Innerwear,Bra,Black,Winter,2015,Casual,Amante Black Sports Bra BCST03
52556,Women,Apparel,Bottomwear,Jeans,Blue,Summer,2012,Casual,Pepe Jeans Women Blue Jeans
43078,Women,Apparel,Bottomwear,Capris,Black,Summer,2012,Sports,Nike Women Black Capris
34916,Women,Apparel,Topwear,Dupatta,Black,Summer,2012,Ethnic,Fabindia Black Dupatta
31458,Men,Apparel,Bottomwear,Shorts,Grey,Summer,2012,Sports,Nike Men Running Grey Shorts
56798,Men,Apparel,Bottomwear,Jeans,Blue,Summer,2012,Casual,Horsefly Men Blue Jeans
28111,Men,Apparel,Innerwear,Boxers,White,Summer,2016,Casual,Jockey MODERN CLASSIC Men white Boxer 8009
27965,Men,Apparel,Innerwear,Innerwear Vests,Green,Summer,2016,Casual,Jockey Men Green Innerwear Vest
1982,Women,Apparel,Bottomwear,Shorts,Purple,Fall,2010,Casual,Puma Women's Island Shorts Purple
26843,Men,Apparel,Bottomwear,Trousers,Grey,Summer,2012,Casual,Highlander Men Light Grey Trousers
30926,Women,Apparel,Bottomwear,Skirts,Blue,Summer,2012,Ethnic,Fabindia Women Blue Ghera Crinkle Skirt
1976,Men,Apparel,Bottomwear,Shorts,White,Summer,2011,Casual,Tribord Mens Short Cargo Shorts
37931,Women,Apparel,Topwear,Tunics,Peach,Summer,2012,Casual,Mineral Women Peach Tunic
13996,Women,Apparel,Topwear,Jackets,Black,Fall,2011,Sports,Nike Women Solid Black Jackets
25890,Women,Apparel,Bottomwear,Leggings,White,Summer,2012,Casual,Femella Women White Leggings
49784,Women,Apparel,Loungewear and Nightwear,Night suits,White,Summer,2012,Casual,Little Miss Intimates White Printed Pyjama Set
59724,Women,Apparel,Innerwear,Bra,Beige,Summer,2012,Casual,Avirate Beige & Black Bra
31231,Women,Apparel,Bottomwear,Shorts,Black,Winter,2013,Sports,Puma Women Black Shorts
7878,Men,Apparel,Bottomwear,Shorts,Grey,Fall,2011,Sports,Proline Men Grey Comfort Fit Sports Shorts
22626,Men,Apparel,Topwear,Sweaters,Grey,Fall,2011,Sports,Nike Men Solid Grey Sweater
16621,Men,Apparel,Bottomwear,Trousers,Olive,Fall,2011,Casual,Probase Men Solid Olive Trouser
50034,Men,Apparel,Loungewear and Nightwear,Lounge Pants,Grey,Summer,2016,Casual,Hanes Men Grey Contrast piping Lounge Pants
34929,Women,Apparel,Topwear,Dupatta,Beige,Summer,2012,Ethnic,Fabindia Beige Dupatta
27502,Women,Apparel,Innerwear,Bra,Black,Summer,2018,Casual,Jockey Black Moulded Cami Bra SS12
17999,Men,Apparel,Bottomwear,Track Pants,Grey,Fall,2010,Casual,Puma Men Grey Track Pants
8468,Women,Apparel,Topwear,Tunics,Black,Fall,2011,Casual,Scullers For Her Women Layered Black Tunics
50662,Men,Apparel,Loungewear and Nightwear,Lounge Pants,Navy Blue,Summer,2016,Sports,Chromozome Men Navy Blue Lounge Pants
28778,Women,Apparel,Topwear,Kurtis,Orange,Summer,2012,Ethnic,Aurelia Women Printed Orange Kurti
11094,Women,Apparel,Topwear,Sweaters,Black,Fall,2011,Casual,Scullers Women Stripes Black Sweaters
17151,Men,Apparel,Topwear,Jackets,Navy Blue,Winter,2016,Casual,U.S. Polo Assn. Men Solid Navy Blue Jacket
21433,Women,Apparel,Bottomwear,Shorts,Blue,Winter,2012,Casual,Roxy Women Beach Brights Blue Shorts
53477,Women,Apparel,Innerwear,Bra,Black,Summer,2017,Casual,Amante Black Full-Coverage T-shirt Bra BCSB02
30919,Women,Apparel,Bottomwear,Trousers,Pink,Summer,2012,Ethnic,Fabindia Women Pink Harem Pants
9149,Women,Apparel,Bottomwear,Jeans,Blue,Summer,2013,Casual,Lee Women Rinse Blue Jeans
15033,Women,Apparel,Topwear,Sweaters,Grey,Fall,2011,Casual,ADIDAS Women Stripes Solid Grey Sweaters
12216,Men,Apparel,Bottomwear,Trousers,Green,Summer,2013,Formal,Basics Men Green Trousers
22483,Women,Apparel,Topwear,Kurtis,Yellow,Summer,2011,Ethnic,Global Desi Women Yellow Printed Kurti
52390,Women,Apparel,Loungewear and Nightwear,Nightdress,Green,Winter,2015,Casual,Red Rose Women Green Nightdress
21662,Women,Apparel,Innerwear,Bra,Skin,Summer,2014,Casual,Enamor Women Smooth Skin Bra
1572,Men,Apparel,Bottomwear,Track Pants,Black,Fall,2010,Sports,Kalenji Mens Essential Training Track Pants
12672,Men,Apparel,Bottomwear,Shorts,Yellow,Fall,2011,Casual,Probase Men Yellow Shorts
35050,Women,Apparel,Topwear,Kurtis,Brown,Summer,2012,Ethnic,Fabindia Women Printed Dark Brown Kurtis
23307,Women,Apparel,Topwear,Tunics,Green,Fall,2011,Casual,W Women Green Printed Tunic
33195,Women,Apparel,Topwear,Tunics,Pink,Summer,2012,Casual,Sepia Women Pink Tunic
52364,Women,Apparel,Loungewear and Nightwear,Nightdress,Pink,Winter,2015,Casual,Red Rose Women Pink Nightdress
16226,Women,Apparel,Bottomwear,Capris,Grey,Fall,2011,Casual,Puma Women Capri Sweat Grey Capris
50433,Men,Apparel,Innerwear,Innerwear Vests,Black,Winter,2016,Casual,Chromozome Men Black Pack of 2 Innerwear Vests
13566,Men,Apparel,Innerwear,Innerwear Vests,Grey,Summer,2016,Casual,Hanes Men Racer Back Grey Innerwear Vests
19860,Men,Apparel,Topwear,Jackets,Olive,Winter,2016,Casual,U.S. Polo Assn. Men Solid Olive Jacket
40493,Women,Apparel,Bottomwear,Leggings,Blue,Summer,2012,Casual,Femella Women Light Blue Leggings
33161,Women,Apparel,Topwear,Tunics,White,Summer,2012,Casual,Sepia Women Printed White Tunic
13102,Men,Apparel,Topwear,Sweatshirts,White,Fall,2011,Casual,ADIDAS Men Sf Striped Hood White Sweatshirts
19438,Men,Apparel,Bottomwear,Shorts,Blue,Summer,2012,Casual,Quiksilver Men Printed Blue Shorts
9981,Men,Apparel,Topwear,Jackets,Blue,Fall,2011,Sports,Nike Men As Sideline J Blue Jackets
44665,Women,Apparel,Bottomwear,Trousers,Brown,Summer,2012,Casual,Wills Lifestyle Women Brown Trousers
41317,Women,Apparel,Bottomwear,Leggings,Red,Summer,2012,Ethnic,Aurelia Women Red Leggings
31060,Women,Apparel,Topwear,Dupatta,Off White,Summer,2012,Ethnic,Fabindia Women Off White Chanderi Dupatta
27939,Women,Apparel,Bottomwear,Jeans,Purple,Summer,2012,Casual,Jealous 21 Women Purple Magic Colour Jeans
7488,Women,Apparel,Bottomwear,Capris,Black,Summer,2011,Sports,Nike Women Be Bold Black Capri
54058,Women,Apparel,Bottomwear,Leggings,Green,Summer,2012,Casual,Myntra Women Green Leggings
18377,Men,Apparel,Innerwear,Trunk,Red,Summer,2016,Casual,Undercolors of Benetton Men Red Boxer Trunks
59747,Women,Apparel,Loungewear and Nightwear,Nightdress,Black,Summer,2012,Casual,Avirate Black Night Dress
18713,Women,Apparel,Bottomwear,Skirts,Grey,Fall,2011,Formal,Arrow Woman Solid Grey Skirt
30945,Women,Apparel,Topwear,Kurtis,Purple,Summer,2012,Ethnic,Fabindia Women Purple Silk Kurti
26820,Men,Apparel,Bottomwear,Trousers,Navy Blue,Summer,2012,Casual,Highlander Men Navy Blue Trousers
18521,Women,Apparel,Topwear,Sweatshirts,Black,Summer,2015,Casual,C Vox Women Solid 1355 Black Sweatshirt
9176,Men,Apparel,Bottomwear,Jeans,Grey,Fall,2011,Casual,Locomotive Men Barney Grey Jeans
48097,Women,Apparel,Bottomwear,Trousers,Green,Winter,2011,Casual,French Connection Women Green Trousers
27906,Women,Apparel,Bottomwear,Trousers,Beige,Summer,2012,Casual,Scullers For Her Beige Trousers
49979,Men,Apparel,Innerwear,Innerwear Vests,Navy Blue,Summer,2016,Casual,Hanes Men Navy Blue Innerwear Vest
41328,Women,Apparel,Topwear,Dupatta,Red,Fall,2012,Ethnic,Aurelia Women Red Dupatta
14318,Men,Apparel,Topwear,Sweaters,Grey,Fall,2011,Casual,ADIDAS Men Stripes Grey Sweaters
51388,Men,Apparel,Innerwear,Boxers,Grey,Summer,2012,Casual,Myntra Grey Printed Boxers
33962,Women,Apparel,Topwear,Tunics,Grey,Summer,2012,Casual,Femella Women Grey Tunic
18383,Men,Apparel,Innerwear,Innerwear Vests,White,Summer,2016,Casual,Undercolors of Benetton Men Racer White Innerwear Vest
16219,Men,Apparel,Topwear,Sweaters,Black,Fall,2011,Casual,Puma Men ILP Black Sweater
34149,Girls,Apparel,Bottomwear,Skirts,Blue,Summer,2012,Casual,Gini and Jony Girls Washed Blue Skirt
14112,Men,Apparel,Topwear,Sweatshirts,Green,Fall,2011,Casual,Flying Machine Men Printed Green Sweatshirts
20327,Women,Apparel,Topwear,Kurtis,Red,Summer,2011,Ethnic,Mother Earth Women Stripes Red Kurti
42595,Boys,Apparel,Bottomwear,Jeans,Grey,Summer,2012,Casual,United Colors of Benetton Boys Grey Slim Fit Jeans
46909,Men,Apparel,Bottomwear,Jeans,Blue,Summer,2012,Casual,Peter England Men Blue Jeans
7212,Women,Apparel,Topwear,Tunics,Brown,Fall,2011,Casual,Scullers For Her Women Layered  Brown Tunics
13105,Men,Apparel,Topwear,Jackets,Black,Fall,2011,Sports,ADIDAS Men Ess 3s Rainjkt Black Jackets
22642,Men,Apparel,Topwear,Sweatshirts,Blue,Fall,2011,Casual,Nike Men Printed Blue Sweatshirt
39804,Men,Apparel,Bottomwear,Trousers,Olive,Spring,2013,Formal,Peter England Men Dark Olive Green Trousers
14320,Men,Apparel,Bottomwear,Shorts,Grey,Fall,2011,Sports,ADIDAS Men Solid Grey Shorts
40494,Women,Apparel,Bottomwear,Leggings,Brown,Summer,2012,Casual,Femella Women Brown Leggings
11236,Women,Apparel,Bottomwear,Jeans,Blue,Fall,2011,Casual,Flying Machine Women Low Rise Blue Jeans
52363,Women,Apparel,Loungewear and Nightwear,Nightdress,Peach,Winter,2015,Casual,Red Rose Women Peach Nightdress
16221,Men,Apparel,Bottomwear,Track Pants,Black,Fall,2011,Sports,Puma Men Heroes Black Track Pant
50434,Men,Apparel,Innerwear,Innerwear Vests,Grey Melange,Winter,2016,Casual,Chromozome Men Grey Melange Innerwear Vest (Pack of 2)
17909,Men,Apparel,Topwear,Sweatshirts,Black,Fall,2011,Casual,Nike Men Sptcas Black Sweatshirt
14582,Women,Apparel,Topwear,Sweaters,Black,Fall,2011,Casual,United Colors of Benetton Women Solid Black Sweaters
52397,Women,Apparel,Loungewear and Nightwear,Nightdress,Pink,Winter,2015,Casual,Red Rose Women Pink Nightdress
42105,Men,Apparel,Bottomwear,Shorts,Grey,Spring,2013,Casual,ADIDAS Men Grey Aess Hsj Shorts
12675,Men,Apparel,Bottomwear,Trousers,Green,Fall,2011,Casual,Probase Men Printed Green Trousers
30525,Women,Apparel,Innerwear,Bra,Red,Spring,2013,Casual,Lovable Cotton Essensuals Red Bra
7682,Men,Apparel,Topwear,Jackets,Black,Fall,2011,Sports,Puma Men Track Black Ferrari Jacket
15034,Women,Apparel,Topwear,Sweaters,Navy Blue,Fall,2011,Casual,ADIDAS Women Stripes Navy Blue Sweaters
24773,Women,Apparel,Bottomwear,Track Pants,Grey,Summer,2011,Casual,Nike Women Training Grey Track Pants
26818,Men,Apparel,Bottomwear,Trousers,Grey,Summer,2012,Formal,Arrow Men Check Grey Trousers
59129,Men,Apparel,Topwear,Jackets,Black,Summer,2012,Casual,Just Natural Men Black Jacket
18384,Men,Apparel,Innerwear,Innerwear Vests,Black,Summer,2016,Casual,Undercolors of Benetton Men Racer Black Innerwear Vest
14549,Women,Apparel,Topwear,Kurtis,Black,Fall,2011,Ethnic,Vishudh Women Golden Print Black Kurtis
2109,Women,Apparel,Bottomwear,Track Pants,Black,Fall,2010,Sports,ADIDAS Women's Slim Fit Lycra Track Pants
19858,Men,Apparel,Topwear,Jackets,Black,Fall,2011,Casual,U.S. Polo Assn. Men Solid Black Jacket
50639,Men,Apparel,Innerwear,Innerwear Vests,Black,Winter,2016,Casual,Chromozome Men Black Innerwear Vest
28949,Women,Apparel,Topwear,Kurtis,Pink,Summer,2012,Ethnic,BIBA OUTLET Women Dyed Pink Kurti
27901,Women,Apparel,Bottomwear,Trousers,Tan,Summer,2012,Casual,Scullers For Her Women Tan Trousers
59116,Men,Apparel,Topwear,Jackets,Olive,Summer,2012,Casual,Just Natural Men Olive Jacket
38121,Men,Apparel,Bottomwear,Trousers,Black,Summer,2012,Casual,Allen Solly Men Black Trousers
9171,Men,Apparel,Bottomwear,Jeans,Blue,Fall,2011,Casual,Locomotive Men Lio Blue Jeans
9343,Men,Apparel,Bottomwear,Shorts,Brown,Fall,2011,Casual,Puma Men Chino Brown Shorts
30942,Women,Apparel,Topwear,Kurtis,Green,Summer,2012,Ethnic,Fabindia Women Printed Green Kurtis
26827,Men,Apparel,Bottomwear,Trousers,Olive,Summer,2012,Casual,Highlander Men Olive Trousers
36289,Women,Apparel,Loungewear and Nightwear,Night suits,Blue,Summer,2017,Casual,SDL by Sweet Dreams Women Blue Night suits
18370,Men,Apparel,Innerwear,Innerwear Vests,Black,Summer,2016,Casual,Undercolors of Benetton Men Pack Of 3 Innerwear T-Shirts
20788,Men,Apparel,Topwear,Sweaters,Maroon,Fall,2011,Casual,Genesis Men Solid Maroon Sweater
59740,Women,Apparel,Innerwear,Bra,Peach,Summer,2014,Casual,Avirate Peach & Black Bra
16819,Men,Apparel,Bottomwear,Jeans,Blue,Fall,2011,Casual,Locomotive Men Washed Blue Jeans
50630,Men,Apparel,Innerwear,Trunk,Charcoal,Winter,2016,Casual,Chromozome Men Charcoal Grey & Black Trunks
31435,Men,Apparel,Bottomwear,Trousers,Black,Summer,2012,Casual,HIghlander Men Black Trousers
34147,Boys,Apparel,Bottomwear,Shorts,Blue,Summer,2012,Casual,Gini and Jony Boys Blue Denim Shorts
16217,Men,Apparel,Bottomwear,Track Pants,Grey,Fall,2011,Casual,Puma Men Lifestyle  Grey Track Pant
52355,Women,Apparel,Loungewear and Nightwear,Nightdress,Peach,Winter,2015,Casual,Red Rose Women Peach Nightdress
14540,Women,Apparel,Topwear,Kurtis,Beige,Fall,2011,Ethnic,Vishudh Women Embroidary Beige Kurtis
53287,Men,Apparel,Bottomwear,Jeans,Blue,Summer,2012,Casual,Locomotive Men Blue Jeans
51988,Women,Apparel,Loungewear and Nightwear,Lounge Pants,Purple,Summer,2017,Casual,Inaya Women Purple Lounge Pants
27134,Women,Apparel,Innerwear,Bra,Black,Summer,2012,Casual,Miss-T Black Bra
13301,Men,Apparel,Bottomwear,Shorts,Beige,Fall,2011,Casual,Gini and Jony Kids Boys Solid Beige Shorts
43471,Women,Apparel,Loungewear and Nightwear,Night suits,Black,Summer,2017,Casual,SDL by Sweet Dreams Women Black Night suits
48099,Women,Apparel,Bottomwear,Trousers,Brown,Summer,2012,Casual,French Connection Women Light Brown Trousers
49977,Men,Apparel,Innerwear,Innerwear Vests,Red,Summer,2016,Casual,Hanes Men Red Innerwear Vest
27908,Women,Apparel,Bottomwear,Trousers,Black,Summer,2012,Casual,Scullers For Her Black Trousers
14124,Men,Apparel,Bottomwear,Jeans,Blue,Winter,2016,Casual,Flying Machine Men Washed Blue Jeans
20311,Women,Apparel,Topwear,Tunics,White,Fall,2011,Casual,Jealous 21 Women Printed White Tunic
36274,Women,Apparel,Loungewear and Nightwear,Night suits,Grey,Summer,2017,Casual,SDL by Sweet Dreams Women Grey & Pink Night suits
14316,Men,Apparel,Topwear,Sweatshirts,Navy Blue,Fall,2011,Casual,ADIDAS Men Solid Navy Blue Sweatshirts
57071,Women,Apparel,Bottomwear,Jeans,Black,Summer,2012,Casual,Elle Women Black Jeans
51386,Men,Apparel,Innerwear,Boxers,Grey,Summer,2012,Casual,Myntra Grey Printed Boxers
36280,Women,Apparel,Loungewear and Nightwear,Night suits,Blue,Summer,2017,Casual,SDL by Sweet Dreams Women Blue Night suits
25697,Women,Apparel,Topwear,Kurtis,Green,Summer,2012,Ethnic,Mumbai Slang Women Printed Green Kurti
32620,Men,Apparel,Bottomwear,Track Pants,Black,Summer,2015,Sports,Nike Black Team Woven     Training  Track Pants
57085,Women,Apparel,Bottomwear,Skirts,Off White,Summer,2012,Casual,Elle Women Off-White & Orange Floral Print Tulip Skirt
9178,Men,Apparel,Bottomwear,Jeans,Blue,Fall,2011,Casual,Locomotive Men Eero Blue Jeans
2590,Women,Apparel,Bottomwear,Capris,Navy Blue,Summer,2011,Casual,Tribord Women Breeches Blue Capri
33998,Women,Apparel,Bottomwear,Leggings,Blue,Summer,2012,Casual,Femella Women Blue Leggings
23336,Women,Apparel,Topwear,Dupatta,Red,Fall,2011,Ethnic,W Women Red Dupatta
7486,Women,Apparel,Bottomwear,Track Pants,Navy Blue,Summer,2011,Sports,Nike Women's Be Bold Navy Blue Track Pant
54056,Women,Apparel,Bottomwear,Leggings,Pink,Summer,2012,Casual,Myntra Women Pink Leggings
21653,Women,Apparel,Innerwear,Bra,Skin,Summer,2014,Casual,Enamor Women Smooth Skin Bra
15466,Men,Apparel,Topwear,Jackets,Blue,Fall,2011,Casual,Puma Men Mens Active Padded Vest Blue Jackets
59749,Women,Apparel,Loungewear and Nightwear,Nightdress,White,Summer,2012,Casual,Avirate White Nightdress
7029,Men,Apparel,Bottomwear,Shorts,White,Summer,2011,Casual,s.Oliver Men's Blue Black Stripes White Short
20920,Men,Apparel,Bottomwear,Shorts,Olive,Fall,2011,Casual,Deni Yo Men Check Olive Short
36845,Men,Apparel,Bottomwear,Jeans,Blue,Summer,2012,Casual,Spykar Men Skinny Blue Jeans
27937,Women,Apparel,Bottomwear,Jeans,Blue,Summer,2012,Casual,Jealous 21 Women Blue Magic Colour Jeans
28143,Men,Apparel,Bottomwear,Shorts,Navy Blue,Fall,2016,Casual,Jockey 24 x 7 Men Navy Blue Knit Sport Shorts 9426
34944,Women,Apparel,Topwear,Dupatta,Off White,Summer,2012,Ethnic,Fabindia Women Printed Off White Dupatta
16228,Men,Apparel,Topwear,Sweatshirts,Grey,Fall,2011,Casual,Puma Men Logo Crew  Grey SweatShirt
13568,Men,Apparel,Innerwear,Innerwear Vests,Grey,Summer,2016,Casual,Hanes Men Racer Back Grey Innerwear Vests
18180,Boys,Apparel,Bottomwear,Jeans,Blue,Fall,2011,Casual,Doodle Boys-Boys Acid Wash Blue Jeans
4832,Men,Apparel,Bottomwear,Track Pants,Yellow,Summer,2011,Sports,ADIDAS Men's Shale Yellow Track Pant
17900,Men,Apparel,Topwear,Jackets,Red,Fall,2011,Sports,Nike Men Football Soccer Red Jacket
38573,Men,Apparel,Bottomwear,Track Pants,Navy Blue,Fall,2012,Sports,Nike Men AD Striker Navy Blue Track Pants
9147,Women,Apparel,Bottomwear,Jeans,Blue,Fall,2011,Casual,Lee Women SS Blue Jeans
59120,Men,Apparel,Topwear,Jackets,Olive,Summer,2012,Casual,Just Natural Men Olive Jacket
12218,Men,Apparel,Bottomwear,Trousers,Beige,Fall,2011,Formal,Basics Men Solid Beige Trousers
26811,Men,Apparel,Bottomwear,Trousers,Brown,Summer,2012,Formal,Arrow Men Brown Flat Front Trousers
30514,Women,Apparel,Innerwear,Bra,Pink,Summer,2017,Casual,Lovable Women Spice Pink Bra
54051,Women,Apparel,Bottomwear,Leggings,Black,Summer,2012,Casual,Myntra Women Black Leggings
21654,Women,Apparel,Innerwear,Bra,White,Summer,2014,Casual,Enamor Women Smooth White Bra
20786,Men,Apparel,Topwear,Sweatshirts,White,Fall,2011,Casual,Classic Polo Men Striped White Sweatshirt
21466,Women,Apparel,Topwear,Sweaters,Blue,Winter,2012,Casual,Roxy Women Blue Striped Sweater
32071,Men,Apparel,Innerwear,Boxers,Blue,Summer,2016,Casual,Playboy Men Blue Boxers
59118,Men,Apparel,Topwear,Jackets,Navy Blue,Summer,2012,Casual,Just Natural Men Navy Blue Reversible Jacket
40035,Men,Apparel,Bottomwear,Shorts,Blue,Summer,2012,Casual,ADIDAS Men Blue Reversible Shorts
57082,Women,Apparel,Bottomwear,Skirts,Blue,Summer,2012,Casual,Elle Women Blue Skirt
12220,Men,Apparel,Bottomwear,Trousers,Black,Summer,2013,Formal,Basics Men Solid Black Trousers
26829,Men,Apparel,Bottomwear,Trousers,Brown,Summer,2012,Casual,Highlander Men Brown Trousers
15005,Men,Apparel,Topwear,Jackets,Grey,Fall,2011,Sports,ADIDAS Men Solid Grey Jackets
36287,Women,Apparel,Loungewear and Nightwear,Night suits,Blue,Summer,2017,Casual,SDL by Sweet Dreams Women Blue Night suits
14311,Men,Apparel,Topwear,Sweatshirts,Grey,Fall,2011,Casual,ADIDAS Men Solid Grey Sweatshirts
20918,Men,Apparel,Bottomwear,Jeans,Blue,Fall,2011,Casual,Deni Yo Men Washed Blue Jeans
57076,Women,Apparel,Bottomwear,Jeans,Blue,Summer,2012,Casual,Elle Women Blue Jeans
51381,Men,Apparel,Bottomwear,Shorts,Navy Blue,Summer,2012,Casual,Myntra Men Navy Blue Shorts
13306,Boys,Apparel,Bottomwear,Trousers,Black,Fall,2011,Casual,Gini and Jony Kids Solid Black Trousers
49970,Men,Apparel,Innerwear,Innerwear Vests,Navy Blue,Summer,2016,Casual,Hanes Men Navy Blue Innerwear Vest
14123,Men,Apparel,Bottomwear,Jeans,Blue,Fall,2011,Casual,Flying Machine Men Washed Blue Jeans
36273,Women,Apparel,Loungewear and Nightwear,Night suits,Pink,Summer,2017,Casual,SDL by Sweet Dreams Women Pink Night suits
52352,Women,Apparel,Loungewear and Nightwear,Nightdress,Pink,Winter,2015,Casual,Red Rose Women Pink Nightdress
25032,Men,Apparel,Topwear,Jackets,Black,Fall,2011,Sports,Nike Men Black Puffer Jacket
2107,Men,Apparel,Bottomwear,Shorts,Navy Blue,Fall,2010,Sports,ADIDAS Men's Chelsea Striped Navy Shorts
50637,Men,Apparel,Innerwear,Innerwear Vests,Red,Summer,2016,Casual,Chromozome Men Red Innerwear Vest
16022,Men,Apparel,Bottomwear,Trousers,Olive,Fall,2011,Casual,Turtle Men Solid Khakhi Trouser
19856,Men,Apparel,Topwear,Jackets,Olive,Winter,2016,Casual,U.S. Polo Assn. Men Solid Olive Jackets
32618,Men,Apparel,Topwear,Jackets,Black,Summer,2012,Sports,Nike Men Black Jacket
18725,Women,Apparel,Topwear,Sweaters,Purple,Fall,2011,Casual,Arrow Woman Ester Purple Sweater
18517,Men,Apparel,Topwear,Jackets,Black,Fall,2011,Casual,C Vox Men Ribstop 1348 Black Jacket
9140,Women,Apparel,Topwear,Tunics,Magenta,Fall,2011,Casual,Scullers For Her Women Viscose Tunics Magenta Tunics
12811,Men,Apparel,Bottomwear,Track Pants,Black,Summer,2012,Sports,Nike Men Dri-Fit Black Track Pants
59127,Men,Apparel,Topwear,Jackets,Brown,Summer,2012,Casual,Just Natural Men Brown Jacket
17907,Men,Apparel,Topwear,Sweatshirts,Black,Fall,2011,Casual,Nike Men Sptcas Black Sweatshirt
58491,Women,Apparel,Bottomwear,Shorts,Olive,Fall,2012,Casual,Tonga Women Olive Shorts
38574,Men,Apparel,Bottomwear,Track Pants,Grey,Summer,2012,Sports,Nike Men Grey Track Pants
52399,Women,Apparel,Loungewear and Nightwear,Nightdress,Orange,Winter,2015,Casual,Red Rose Women Orange Nightdress
4835,Men,Apparel,Bottomwear,Track Pants,Blue,Summer,2011,Sports,ADIDAS Men's Woven Steel Track Pant
34943,Women,Apparel,Topwear,Dupatta,Cream,Summer,2012,Ethnic,Fabindia Printed Cream Cotton Silk Dupatta
28520,Men,Apparel,Bottomwear,Track Pants,Grey,Summer,2012,Sports,Nike Men Breakline Grey Track Pants
13339,Women,Apparel,Bottomwear,Skirts,Black,Fall,2011,Casual,Gini and Jony Kids Girls Solid Black Skirts
19431,Men,Apparel,Bottomwear,Shorts,Grey,Summer,2012,Casual,Quiksilver Men Grey Ashland Cargo Shorts
37930,Women,Apparel,Bottomwear,Skirts,Brown,Summer,2012,Casual,Mineral Women Brown Skirt
13997,Men,Apparel,Topwear,Sweatshirts,Blue,Fall,2011,Sports,Nike Men Solid Blue Sweatshirts
19491,Men,Apparel,Innerwear,Trunk,Green,Summer,2016,Casual,Levis Men Jazz Stripes Green Trunks
30927,Women,Apparel,Bottomwear,Skirts,Red,Summer,2012,Ethnic,Fabindia Women Red Ghera Crinkle Skirt
1977,Men,Apparel,Bottomwear,Shorts,Grey,Summer,2011,Casual,Tribord Mens Grey Cargo Shorts
59725,Women,Apparel,Innerwear,Bra,White,Summer,2012,Casual,Avirate White Bra
11298,Men,Apparel,Bottomwear,Jeans,Blue,Fall,2011,Casual,Wrangler Men Blue Floyd Jeans
53811,Women,Apparel,Topwear,Tunics,White,Fall,2012,Casual,Ayaany Women Printed White Tunic
49785,Women,Apparel,Loungewear and Nightwear,Night suits,Black,Summer,2012,Casual,Little Miss Intimates Black Pyjama Set
34917,Women,Apparel,Topwear,Dupatta,Blue,Summer,2012,Ethnic,Fabindia Blue Dupatta
31459,Men,Apparel,Bottomwear,Shorts,Black,Summer,2012,Sports,Nike Men Football Black Shorts
27964,Men,Apparel,Innerwear,Innerwear Vests,Black,Summer,2016,Casual,Jockey Men Black Innerwear Vest
28110,Men,Apparel,Innerwear,Trunk,Olive,Summer,2016,Casual,Jockey MODERN CLASSIC Men Olive Trunks 8009
36218,Girls,Apparel,Bottomwear,Leggings,Pink,Summer,2012,Casual,Gini Jony Girls Pink Leggings
17150,Men,Apparel,Topwear,Jackets,Red,Winter,2016,Casual,U.S. Polo Assn. Men Solid Red Jacket
11095,Women,Apparel,Topwear,Sweaters,Black,Fall,2011,Casual,Scullers Women Knit Black Sweaters
21600,Men,Apparel,Bottomwear,Track Pants,Navy Blue,Fall,2011,Sports,Urban Yoga Men Solid Navy Blue Track Pants
30918,Women,Apparel,Bottomwear,Trousers,Beige,Summer,2012,Ethnic,Fabindia Women Beige Harem Pants
53476,Women,Apparel,Innerwear,Bra,Mushroom Brown,Summer,2017,Casual,Amante Mushroom Brown Medium-Coverage Bra BCSB01
20342,Men,Apparel,Topwear,Sweatshirts,Purple,Fall,2011,Casual,Proline Men Solid Purple Sweatshirt
50035,Women,Apparel,Innerwear,Bra,White,Winter,2015,Casual,Hanes Women White Cotton Lined SoftCup Wirefree Bra
19668,Men,Apparel,Topwear,Sweatshirts,Blue,Fall,2011,Casual,United Colors of Benetton Men Blue Printed Sweatshirt
43422,Men,Apparel,Bottomwear,Jeans,Blue,Winter,2013,Casual,SPYKAR Men Blue Slim Fit Jeans
22627,Men,Apparel,Topwear,Sweaters,White,Fall,2011,Sports,Nike Men White Sweater
7879,Men,Apparel,Bottomwear,Shorts,Grey,Fall,2011,Sports,Proline Men Grey Comfort Fit Sports Shorts
40095,Men,Apparel,Bottomwear,Shorts,Black,Summer,2012,Casual,ADIDAS Men Black Shorts
50663,Men,Apparel,Loungewear and Nightwear,Shorts,Black,Winter,2016,Sports,Chromozome Men Black Soccer Shorts
28779,Women,Apparel,Topwear,Kurtis,Green,Summer,2012,Ethnic,Aurelia Women Printed Green Kurti
8469,Women,Apparel,Topwear,Tunics,Black,Fall,2011,Casual,Scullers For Her Women Lace Black Tunics
11253,Men,Apparel,Bottomwear,Trousers,Olive,Fall,2011,Formal,Indigo Nation Men Tro Olive Trousers
34928,Women,Apparel,Topwear,Dupatta,Yellow,Summer,2012,Ethnic,Fabindia Yellow Dupatta
27503,Women,Apparel,Innerwear,Bra,Red,Fall,2015,Casual,Jockey Signature Stretch Red Bra SS 12
27963,Men,Apparel,Innerwear,Innerwear Vests,Black,Summer,2016,Casual,Jockey SP-OW Men Black Innerwear Vest SP11
39401,Men,Apparel,Bottomwear,Jeans,Blue,Winter,2016,Casual,U.S. Polo Assn. Denim Co. Men Blue Slim Straight Fit Jeans
50469,Men,Apparel,Innerwear,Trunk,Navy Blue,Winter,2016,Casual,Chromozome Men Navy Blue Trunks
48496,Women,Apparel,Bottomwear,Trousers,Black,Winter,2011,Casual,French Connection Women Black Trousers
34910,Women,Apparel,Topwear,Dupatta,Black,Summer,2012,Ethnic,Fabindia Black Hand Printed Chanderi Dupatta
33309,Boys,Apparel,Bottomwear,Jeans,Black,Summer,2012,Casual,Palm Tree Boys Solid Black Jeans
53816,Women,Apparel,Topwear,Tunics,White,Fall,2012,Casual,Ayaany Women Printed Red Tunic
25896,Women,Apparel,Bottomwear,Leggings,Black,Summer,2012,Casual,Femella Women Black Skinny Leggings
49782,Women,Apparel,Loungewear and Nightwear,Night suits,Pink,Summer,2012,Casual,Little Miss Intimates Pink & Black Pyjama Set
48462,Men,Apparel,Bottomwear,Shorts,Blue,Summer,2012,Casual,French Connection Men Blue Denim Shorts
18312,Men,Apparel,Topwear,Sweaters,Grey,Summer,2011,Casual,Wills Sport Men Grey Striped Sweater
1528,Men,Apparel,Topwear,Jackets,Black,Fall,2010,Sports,Puma Men Ferrari Black Fleece Jacket
21638,Women,Apparel,Innerwear,Bra,Peach,Fall,2012,Casual,Enamor Women Smooth Peach Bra
30920,Women,Apparel,Bottomwear,Trousers,Green,Summer,2012,Ethnic,Fabindia Women Green Harem Pants
14987,Men,Apparel,Topwear,Sweatshirts,Black,Fall,2011,Casual,ADIDAS Men Solid Black Sweatshirts
32479,Men,Apparel,Bottomwear,Track Pants,Charcoal,Summer,2012,Casual,Proline Men Charcoal Grey Track Pants
27399,Women,Apparel,Innerwear,Bra,Black,Summer,2018,Casual,Jockey Essence Black Bra 1242
51584,Women,Apparel,Bottomwear,Jeans,Blue,Summer,2012,Casual,Wrangler Women Blue Molly Jeans
27504,Women,Apparel,Innerwear,Bra,White,Summer,2018,Casual,Jockey White Solid Non-Wired Non-Padded Bra SS 12
31461,Men,Apparel,Bottomwear,Shorts,White,Summer,2012,Sports,Nike Men Tennis White Shorts
50664,Men,Apparel,Bottomwear,Shorts,Charcoal,Winter,2016,Sports,Chromozome Men Grey Melange Soccer Shorts S-5066
16071,Men,Apparel,Bottomwear,Trousers,Beige,Fall,2011,Casual,Highlander Men Solid Beige Trouser
52133,Women,Apparel,Bottomwear,Leggings,Navy Blue,Fall,2012,Casual,Femella Women Navy Blue Leggings
53485,Women,Apparel,Innerwear,Bra,Grey,Winter,2015,Casual,Amante Grey Sports Bra BCST03
52557,Women,Apparel,Bottomwear,Jeans,Blue,Summer,2012,Casual,Pepe Jeans Women Blue Jeans
57217,Women,Apparel,Bottomwear,Capris,Blue,Fall,2012,Casual,Kraus Jeans Women Blue Capris
11402,Men,Apparel,Topwear,Sweatshirts,Black,Fall,2011,Casual,United Colors of Benetton Men Winter Black Sweatshirts
50032,Men,Apparel,Loungewear and Nightwear,Lounge Pants,Navy Blue,Summer,2016,Casual,Hanes Men Navy Blue Relaxed Sports Pants
12287,Men,Apparel,Bottomwear,Trousers,Black,Fall,2011,Formal,Genesis Men Solid Black Trousers
55786,Women,Apparel,Loungewear and Nightwear,Nightdress,Black,Summer,2017,Casual,SDL by Sweet Dreams Women Black Nightdress
10716,Women,Apparel,Innerwear,Bra,White,Fall,2011,Sports,Nike Women Training Sports Bra
32446,Men,Apparel,Bottomwear,Shorts,Black,Summer,2012,Sports,ADIDAS Men Black 3/4 Length Pants
38940,Boys,Apparel,Bottomwear,Shorts,Blue,Summer,2012,Casual,Palm Tree Boys Blue Shorts
44290,Men,Apparel,Bottomwear,Trousers,Navy Blue,Summer,2012,Formal,Indian Terrain Men Navy Blue Trousers
23150,Women,Apparel,Topwear,Jackets,Purple,Fall,2011,Casual,Quechua Women  Fleece Purple Jacket
50690,Men,Apparel,Innerwear,Trunk,Black,Summer,2016,Casual,Chromozome Men Black Trunks
15600,Men,Apparel,Topwear,Sweatshirts,Grey,Fall,2011,Casual,Nike Men Casual Grey Sweatshirts
28777,Women,Apparel,Topwear,Kurtis,Blue,Summer,2012,Ethnic,Aurelia Women Printed Blue Kurti
17996,Men,Apparel,Bottomwear,Track Pants,Navy Blue,Summer,2010,Sports,Puma Men Wind Navy Blue Track Pant
25854,Women,Apparel,Topwear,Kurtis,Orange,Summer,2012,Ethnic,Diva Women Printed Orange Kurti
31468,Men,Apparel,Bottomwear,Track Pants,Off White,Summer,2012,Sports,Nike Men Cricket Off White Track Pants
34926,Women,Apparel,Topwear,Dupatta,Maroon,Summer,2012,Ethnic,Fabindia Maroon Dupatta
41975,Girls,Apparel,Bottomwear,Capris,White,Summer,2012,Casual,Gini and Jony Girls White Pedal Pusher
30916,Women,Apparel,Topwear,Kurtis,Red,Summer,2012,Ethnic,Fabindia Women Red Kurti
18572,Men,Apparel,Topwear,Sweaters,Blue,Fall,2011,Casual,Puma Men Solid Blue Sweater
7883,Men,Apparel,Bottomwear,Shorts,Grey,Fall,2011,Sports,Proline Men Grey Sports Shorts
53478,Women,Apparel,Innerwear,Bra,Off White,Summer,2017,Casual,Amante Off-White Full-Coverage Bra BCSB02
8493,Women,Apparel,Bottomwear,Skirts,Black,Fall,2011,Casual,Forever New Women Black Skirts
53820,Women,Apparel,Topwear,Kurtis,Turquoise Blue,Fall,2012,Ethnic,Ayaany Women Turquoise Blue Kurti
37559,Girls,Apparel,Bottomwear,Shorts,Green,Summer,2012,Casual,Madagascar3 Girls Green Shorts
15609,Men,Apparel,Bottomwear,Shorts,Grey,Summer,2012,Sports,Nike Men Trainng Grey Shorts
59714,Women,Apparel,Loungewear and Nightwear,Nightdress,Blue,Summer,2012,Casual,Avirate Blue Babydoll Nightdress
9773,Men,Apparel,Bottomwear,Shorts,Blue,Fall,2011,Casual,ADIDAS Men Gfx Re V 2L Sho Blue Shorts
50004,Women,Apparel,Innerwear,Bra,Grey Melange,Winter,2015,Sports,Hanes Women Grey Melange Cotton Stretch Shirred Crop Top Bra
16611,Men,Apparel,Bottomwear,Trousers,Black,Fall,2011,Formal,Genesis Men Stripes Black Trousers
36216,Girls,Apparel,Bottomwear,Shorts,Magenta,Summer,2012,Casual,Gini and Jony Girls Core Magenta Shorts
20373,Women,Apparel,Bottomwear,Track Pants,Pink,Fall,2011,Casual,Urban Yoga Women Solid Pink Track Pants
16275,Men,Apparel,Topwear,Sweatshirts,Black,Fall,2011,Casual,Free Authority Men Stripes Purple Sweatshirts
31457,Men,Apparel,Bottomwear,Shorts,Black,Summer,2012,Sports,Nike Men Running Black Shorts
43077,Women,Apparel,Bottomwear,Capris,Grey,Summer,2012,Sports,Nike Womens Grey Capris
33300,Men,Apparel,Bottomwear,Trousers,White,Summer,2012,Casual,Arrow Sport Men White Trousers
11262,Men,Apparel,Bottomwear,Trousers,Beige,Fall,2011,Casual,Indigo Nation Men TR Yarn Dyed Beige Trousers
17195,Men,Apparel,Topwear,Sweaters,Green,Winter,2016,Casual,U.S. Polo Assn. Men Stripes Green Sweater
16281,Men,Apparel,Topwear,Sweatshirts,Grey,Fall,2011,Casual,Batman Men Batman Grey Sweatshirts
50494,Men,Apparel,Innerwear,Innerwear Vests,Grey Melange,Winter,2016,Casual,Chromozome Men Grey Innerwear Vest
43083,Women,Apparel,Bottomwear,Track Pants,Black,Summer,2012,Casual,Nike Women Black  Track Pants
40434,Women,Apparel,Bottomwear,Skirts,Charcoal,Summer,2012,Casual,Tonga Women Charcoal Skirt
24171,Women,Apparel,Topwear,Kurtis,Blue,Fall,2011,Ethnic,Aurelia Women Blue Printed Kurti
11296,Men,Apparel,Bottomwear,Jeans,Blue,Fall,2011,Casual,Wrangler Men Blue Custom Jeans
6536,Men,Apparel,Bottomwear,Shorts,Black,Summer,2011,Sports,Nike Men's Trophy Woven Black Short
40050,Men,Apparel,Topwear,Jackets,Yellow,Summer,2012,Casual,ADIDAS Men Yellow Kaka Jacket
10720,Men,Apparel,Bottomwear,Shorts,White,Summer,2011,Sports,Nike Men Ftbll/Socc shorts White Shorts
37102,Men,Apparel,Bottomwear,Trousers,Grey,Summer,2012,Formal,Wills Lifestyle Men Grey Trousers
13999,Men,Apparel,Topwear,Sweatshirts,Black,Fall,2011,Sports,Nike Men Solid Black Jackets
30929,Women,Apparel,Bottomwear,Skirts,Grey,Summer,2012,Ethnic,Fabindia Women Grey Skirt
56307,Women,Apparel,Innerwear,Bra,Purple,Summer,2017,Casual,Biara Women Purple Bra
59713,Women,Apparel,Loungewear and Nightwear,Nightdress,White,Summer,2017,Casual,Avirate White Babydoll Nightdress
23962,Men,Apparel,Topwear,Jackets,Grey,Fall,2011,Casual,Provogue Men Grey Sleeveless Jacket
8494,Women,Apparel,Bottomwear,Skirts,Beige,Fall,2011,Casual,Forever New Women Clay Pleated Beige Skirts
55788,Women,Apparel,Loungewear and Nightwear,Nightdress,Black,Summer,2017,Casual,SDL by Sweet Dreams Women Light Blue Nightdress
7884,Men,Apparel,Bottomwear,Track Pants,Black,Fall,2011,Casual,Proline Men Black Track Pants
32448,Men,Apparel,Bottomwear,Shorts,Navy Blue,Summer,2012,Sports,ADIDAS Men Navy Blue 3/4 Length Pants
40068,Men,Apparel,Bottomwear,Shorts,Black,Summer,2012,Casual,ADIDAS Men Black Shorts
30911,Women,Apparel,Topwear,Kurtis,Black,Summer,2012,Ethnic,Fabindia Women Black Kurti
8838,Men,Apparel,Bottomwear,Trousers,Beige,Summer,2011,Casual,Scullers Men Scul Beige Trousers
19661,Men,Apparel,Topwear,Sweatshirts,Black,Fall,2011,Casual,United Colors of Benetton Men Printed Black Sweatshirt
12289,Men,Apparel,Bottomwear,Trousers,Black,Fall,2011,Formal,Genesis Men Solid Black Trousers
34921,Women,Apparel,Topwear,Dupatta,Green,Summer,2012,Ethnic,Fabindia Green Dupatta
28770,Women,Apparel,Topwear,Kurtis,Green,Summer,2012,Ethnic,Aurelia Women Printed Green Kurti
56300,Women,Apparel,Innerwear,Bra,Rose,Summer,2017,Casual,Biara Bright Rose Blush Bra
32645,Men,Apparel,Bottomwear,Track Pants,Navy Blue,Summer,2012,Sports,Nike Men Knit Navy Blue Track Pants
14989,Men,Apparel,Topwear,Sweatshirts,Blue,Fall,2011,Casual,ADIDAS Men Solid Aqua Blue Sweatshirts
37939,Women,Apparel,Topwear,Tunics,Black,Summer,2012,Casual,Mineral Women Black Tunic
47272,Men,Apparel,Innerwear,Boxers,Blue,Summer,2016,Casual,FCUK Underwear Blue Printed Boxers
24176,Women,Apparel,Topwear,Kurtis,Green,Fall,2011,Ethnic,Aurelia Women Green Kurti
40433,Women,Apparel,Bottomwear,Skirts,Multi,Summer,2012,Casual,Tonga Women Multi Colored Skirt
53818,Women,Apparel,Topwear,Kurtis,Pink,Fall,2012,Ethnic,Ayaany Women Pink Kurti
11291,Men,Apparel,Bottomwear,Jeans,Blue,Summer,2016,Casual,Wrangler Men Blue Millard Jeans
15631,Men,Apparel,Bottomwear,Track Pants,Navy Blue,Winter,2014,Sports,Nike Men Navy Cricket Track Pants
25898,Women,Apparel,Bottomwear,Leggings,Brown,Summer,2012,Casual,Femella Women Dark Brown Skinny Leggings
2191,Men,Apparel,Bottomwear,Shorts,Blue,Fall,2010,Sports,ADIDAS Men Chelsea Lead Short
50493,Men,Apparel,Innerwear,Innerwear Vests,Maroon,Winter,2016,Casual,Chromozome Men Maroon Innerwear Vest
11265,Men,Apparel,Bottomwear,Trousers,Black,Fall,2011,Casual,Indigo Nation Men TR Yarn Dyed Black Trousers
50467,Men,Apparel,Innerwear,Trunk,Charcoal,Winter,2016,Casual,Chromozome Men Charcoal Trunks
48498,Women,Apparel,Bottomwear,Trousers,Grey,Summer,2012,Casual,French Connection Women Black Trousers
33307,Boys,Apparel,Bottomwear,Jeans,Grey,Summer,2012,Casual,Gini and Jony Boys Washed Grey Jeans
50003,Women,Apparel,Innerwear,Bra,Black,Winter,2015,Sports,Hanes Women Black Cotton Stretch Shirred Crop Top Bra
11433,Women,Apparel,Topwear,Sweaters,Mauve,Fall,2011,Casual,United Colors of Benetton Women Light Winter Mauve Vest
36211,Boys,Apparel,Bottomwear,Shorts,Blue,Summer,2012,Casual,Gini Jony Boys Blue Shorts
15093,Women,Apparel,Topwear,Tunics,Brown,Fall,2011,Ethnic,Mother Earth Women Solid Brown Tunics
44631,Men,Apparel,Bottomwear,Track Pants,Black,Summer,2012,Sports,Nike Men Black Track Pants
23143,Women,Apparel,Topwear,Sweatshirts,Magenta,Fall,2011,Casual,Quechua Women  Fleece Magenta Sweatshirt
15613,Men,Apparel,Bottomwear,Shorts,Black,Fall,2011,Sports,Nike Men Runng Black Shorts
28799,Men,Apparel,Bottomwear,Jeans,Blue,Summer,2012,Casual,Denizen Men Blue Jeans
50683,Men,Apparel,Innerwear,Trunk,Brown,Summer,2016,Casual,Chromozome Men Pack of Two Trunks
53462,Women,Apparel,Innerwear,Bra,Maroon,Summer,2018,Casual,Amante Maroon T-Shirt Bra
9903,Men,Apparel,Bottomwear,Jeans,Blue,Fall,2011,Casual,Spykar Men Ep Skinny Low Waist Fit Blue Jeans
55795,Women,Apparel,Loungewear and Nightwear,Night suits,Pink,Summer,2017,Casual,SDL by Sweet Dreams Women Pink & Black Printed Night Suit 319371
19688,Men,Apparel,Bottomwear,Shorts,Navy Blue,Fall,2011,Casual,United Colors of Benetton Men Navy Blue Check Shorts
42510,Women,Apparel,Topwear,Kurtis,Maroon,Summer,2012,Ethnic,Mother Earth Women Maroon Kurti
11623,Women,Apparel,Topwear,Kurtis,Navy Blue,Summer,2011,Ethnic,W Women Check Navy  Blue Kurtis
41153,Women,Apparel,Bottomwear,Skirts,Charcoal,Summer,2012,Casual,Allen Solly Woman Charcoal Skirt
13948,Women,Apparel,Bottomwear,Jeans,Blue,Fall,2011,Casual,United Colors of Benetton Women Washed Blue Jeans
50021,Women,Apparel,Bottomwear,Leggings,Brown,Winter,2015,Casual,Hanes Women Brown Comfortsoft Waistband Cotton - Stretch Lace Capri Leggings
13346,Women,Apparel,Bottomwear,Jeans,Blue,Fall,2011,Casual,Spykar Women Washed Blue Jeans
57204,Women,Apparel,Bottomwear,Capris,Blue,Fall,2012,Casual,Kraus Jeans Women Blue Capris
41361,Men,Apparel,Bottomwear,Jeans,Navy Blue,Spring,2013,Casual,Wrangler Men Navy Blue Floyd Jeans
43052,Men,Apparel,Bottomwear,Shorts,Navy Blue,Summer,2012,Casual,Nike Men Navy Blue Legacy Shorts
11075,Men,Apparel,Topwear,Sweaters,Blue,Fall,2011,Casual,Scullers Men Stripes Blue Sweaters
16062,Men,Apparel,Bottomwear,Trousers,Navy Blue,Fall,2011,Casual,Highlander Men Solid Navy Blue Trouser
19816,Men,Apparel,Topwear,Sweatshirts,Grey,Fall,2011,Casual,U.S. Polo Assn. Men Solid Grey Sweatshirt
30792,Men,Apparel,Loungewear and Nightwear,Lounge Pants,White,Summer,2012,Casual,Fabindia Men White Pyjamas
40278,Men,Apparel,Bottomwear,Trousers,Brown,Summer,2012,Casual,Scullers Men Brown Trousers
14994,Men,Apparel,Topwear,Sweaters,Black,Fall,2011,Casual,ADIDAS Men Check Black Sweaters
26258,Men,Apparel,Bottomwear,Track Pants,Charcoal,Summer,2012,Sports,Proline Men Charcoal Grey Track Pants
18133,Men,Apparel,Innerwear,Innerwear Vests,White,Summer,2016,Casual,Crusoe Men Square Neck Tee White Innerwear Vests
17947,Men,Apparel,Bottomwear,Track Pants,Blue,Fall,2011,Sports,Puma Men No. 1 logo Blue Track Pant
50648,Men,Apparel,Loungewear and Nightwear,Lounge Pants,Black,Fall,2016,Casual,Chromozome Men Black Lounge Pants S-4801
3896,Girls,Apparel,Bottomwear,Skirts,Blue,Summer,2011,Casual,Disney Kids Girl's Denim Minnie Dark Blue Skirt
14538,Women,Apparel,Topwear,Kurtis,Black,Fall,2011,Ethnic,Vishudh Women Golden Print Black and Blue Kurtis
42983,Men,Apparel,Innerwear,Boxers,Blue,Summer,2016,Casual,FCUK Blue Boxers
34903,Women,Apparel,Topwear,Dupatta,Brown,Summer,2012,Ethnic,Fabindia Printed Brown Dupatta
14960,Men,Apparel,Topwear,Jackets,Blue,Fall,2011,Casual,Status Quo Men Printed Blue Jackets
1997,Men,Apparel,Bottomwear,Shorts,Grey,Fall,2010,Sports,Puma Men's Grey Sports Shorts
27970,Men,Apparel,Innerwear,Innerwear Vests,Black,Summer,2016,Casual,Jockey Men Black Innerwear Vest
19643,Women,Apparel,Topwear,Sweaters,Grey,Fall,2011,Casual,United Colors of Benetton Women Solid Grey Sweater
8026,Men,Apparel,Bottomwear,Track Pants,Black,Fall,2011,Sports,Fila Men's Cont Pipping Cotton Lower Black White Track Pant
11240,Women,Apparel,Bottomwear,Jeans,Blue,Fall,2011,Casual,Flying Machine Women Low Rise Blue Jeans
50670,Men,Apparel,Loungewear and Nightwear,Lounge Pants,Black,Summer,2016,Sports,Chromozome Men Black Ranger Lounge Pants
7432,Men,Apparel,Bottomwear,Shorts,Grey,Summer,2011,Sports,Proline Men Grey Sports Short SS11/VSSHT02 VG/PC/JR
19811,Men,Apparel,Topwear,Sweatshirts,Black,Fall,2011,Casual,U.S. Polo Assn. Men Solid Black Sweatshirt
16065,Men,Apparel,Bottomwear,Trousers,Navy Blue,Fall,2011,Casual,Highlander Men Solid Blue Trouser
27510,Women,Apparel,Innerwear,Bra,White,Fall,2015,Casual,Jockey White T-shirt Bra SS 15
49937,Men,Apparel,Innerwear,Innerwear Vests,White,Summer,2016,Casual,Hanes Men White Innerwear T-shirt
27948,Men,Apparel,Innerwear,Trunk,Charcoal,Summer,2016,Casual,Jockey CSM Men Comfort Stretch Charcoal Trunks CS04
50026,Women,Apparel,Bottomwear,Leggings,Maroon,Winter,2015,Casual,Hanes Women Maroon ComfortSoft Waistband Cotton Stretch Full Leggings
13341,Girls,Apparel,Bottomwear,Capris,Purple,Fall,2011,Casual,Gini and Jony Girls Purple Capris
57203,Women,Apparel,Topwear,Tunics,Olive,Summer,2012,Casual,Elle Women Olive Tunic
11416,Men,Apparel,Topwear,Sweatshirts,Black,Fall,2011,Casual,United Colors of Benetton Men Black Sweatshirt
20351,Men,Apparel,Bottomwear,Jeans,Blue,Fall,2011,Casual,Spykar Men Washed Blue Jeans
41154,Women,Apparel,Bottomwear,Shorts,Sea Green,Summer,2012,Casual,Allen Solly Woman Light Blue  Shorts
53491,Women,Apparel,Innerwear,Bra,Pink,Winter,2015,Casual,Amante Pink Push-Up Bra BFCV11
27180,Men,Apparel,Bottomwear,Trousers,Black,Summer,2012,Formal,Mark Taylor Men Striped Black Trousers
32452,Men,Apparel,Bottomwear,Shorts,Black,Winter,2015,Sports,ADIDAS Men Black Shorts
20197,Men,Apparel,Topwear,Sweatshirts,Grey,Fall,2011,Casual,Wrangler Men Printed Grey Sweatshirt
53465,Women,Apparel,Innerwear,Bra,Pink,Winter,2015,Casual,Amante Pink Full-Coverage Lace Bra BCLC12
45500,Women,Apparel,Bottomwear,Capris,Black,Summer,2012,Casual,Fila Women Black Savari 3/4th Pants
26260,Men,Apparel,Bottomwear,Track Pants,Grey,Summer,2012,Sports,Proline Men Grey Track Pants
10366,Women,Apparel,Bottomwear,Skirts,Black,Fall,2011,Casual,United Colors of Benetton Women Solid Black Skirt
50684,Men,Apparel,Innerwear,Trunk,Brown,Summer,2016,Casual,Chromozome Men Brown Trunks
23144,Women,Apparel,Topwear,Sweatshirts,Brown,Fall,2011,Casual,Quechua Women  Fleece Brown Sweatshirt
21613,Women,Apparel,Innerwear,Bra,White,Summer,2014,Casual,Enamor Women Smooth White Bra
19476,Men,Apparel,Topwear,Sweatshirts,Black,Summer,2012,Casual,Quiksilver Men Black Casual Sweatshirt
27379,Men,Apparel,Bottomwear,Jeans,Blue,Summer,2012,Casual,Spykar Men Washed Blue Jeans
41359,Men,Apparel,Bottomwear,Jeans,Blue,Summer,2016,Casual,Wrangler Men Blue Skanders Jeans
50019,Women,Apparel,Bottomwear,Leggings,Grey Melange,Winter,2015,Casual,Hanes Women Grey Comfortsoft Waistband Cotton - Stretch Lace Capri Leggings
34904,Women,Apparel,Topwear,Dupatta,Mustard,Summer,2012,Ethnic,Fabindia Mustard Hand Printed Kota Dupatta
30598,Men,Apparel,Bottomwear,Shorts,Black,Summer,2012,Sports,Nike Men Hustle Reversible Black Shorts
13528,Men,Apparel,Bottomwear,Trousers,Navy Blue,Fall,2011,Casual,Probase Navy Blue Printed Trousers
19012,Women,Apparel,Topwear,Jackets,Pink,Summer,2011,Casual,ADIDAS Originals Women Supergirl TT Pink Jacket
49762,Women,Apparel,Bottomwear,Leggings,Purple,Summer,2012,Casual,Vishudh Purple Leggings
50489,Men,Apparel,Innerwear,Trunk,Charcoal,Winter,2016,Casual,Chromozome Men Charcoal Trunk Trunks
14993,Men,Apparel,Topwear,Sweaters,Grey,Fall,2011,Casual,ADIDAS Men Stripes Grey Sweaters
30934,Women,Apparel,Topwear,Kurtis,Black,Summer,2012,Ethnic,Fabindia Women Black Kurti
41350,Men,Apparel,Bottomwear,Jeans,Blue,Fall,2013,Casual,Wrangler Men Blue Skanders Jeans
40282,Men,Apparel,Bottomwear,Trousers,Brown,Summer,2012,Casual,Scullers Men Brown Trousers
36202,Boys,Apparel,Bottomwear,Shorts,White,Summer,2012,Casual,Gini Jony Boys White Shorts
15080,Women,Apparel,Topwear,Kurtis,Orange,Fall,2011,Ethnic,Mother Earth Women Printed Orange Kurtis
1999,Men,Apparel,Bottomwear,Track Pants,Grey,Fall,2010,Casual,Puma Men's Grey Track Pants
50010,Women,Apparel,Innerwear,Bra,Grey,Winter,2015,Casual,Hanes Grey & Pink Contour Bra 83U203
22430,Women,Apparel,Topwear,Tunics,Green,Summer,2011,Ethnic,Global Desi Women Printed Green Tunic
27142,Women,Apparel,Innerwear,Bra,White,Summer,2012,Casual,Miss-T White Bra
2720,Boys,Apparel,Bottomwear,Trousers,Blue,Summer,2011,Casual,Disney Kids Boy's Mickey Mouse Print Pants
41162,Women,Apparel,Bottomwear,Trousers,Black,Summer,2012,Casual,Allen Solly Woman Black Trousers
38996,Boys,Apparel,Bottomwear,Jeans,Blue,Summer,2012,Casual,Gini and Jony Boys Rodeo Blue Jeans
11276,Men,Apparel,Topwear,Sweatshirts,Maroon,Fall,2011,Sports,Nike Men Running Maroon Sweatshirt
37586,Girls,Apparel,Innerwear,Innerwear Vests,Pink,Summer,2012,Casual,Madagascar Girls Pink Innerwear Vest
52111,Women,Apparel,Topwear,Kurtis,White,Summer,2012,Ethnic,Myntra Women White Printed Kurti
14536,Women,Apparel,Topwear,Kurtis,White,Fall,2011,Ethnic,Vishudh Women Flower Print White Kurtis
7636,Men,Apparel,Bottomwear,Track Pants,Black,Fall,2011,Sports,Puma Men's Sweat Black Track Pant
31443,Women,Apparel,Topwear,Jackets,Red,Summer,2012,Sports,Nike Women Football Red Jacket
6522,Men,Apparel,Bottomwear,Shorts,White,Summer,2011,Sports,Nike Men's Fit White Short
24165,Women,Apparel,Topwear,Kurtis,Pink,Summer,2011,Ethnic,Aurelia Women Pink Printed Kurti
11282,Men,Apparel,Bottomwear,Jeans,Blue,Summer,2016,Casual,Wrangler Men Blue Texas Jeans
15622,Men,Apparel,Bottomwear,Track Pants,Black,Summer,2012,Casual,Nike Men AD Breakline OH Black Track Pants
42979,Men,Apparel,Innerwear,Boxers,Black,Summer,2016,Casual,FCUK Black & White Boxers
40276,Men,Apparel,Bottomwear,Trousers,Brown,Summer,2012,Casual,Scullers Men Brown Trousers
27384,Men,Apparel,Loungewear and Nightwear,Night suits,Grey,Summer,2016,Casual,2go Active Gear USA Men Lounge Set
26256,Men,Apparel,Bottomwear,Track Pants,Grey,Summer,2012,Sports,Proline Men Grey Track Pants
34932,Women,Apparel,Topwear,Dupatta,Pink,Summer,2012,Ethnic,Fabindia Pink Dupatta
24992,Girls,Apparel,Bottomwear,Shorts,Pink,Summer,2012,Casual,United Colors of Benetton Kids Girls Pink Shorts
19818,Men,Apparel,Topwear,Sweatshirts,Green,Fall,2011,Casual,U.S. Polo Assn. Men Solid Green Sweatshirt
41961,Boys,Apparel,Bottomwear,Jeans,Navy Blue,Summer,2012,Casual,Gini and Jony Boys Raw Wash Navy Blue Jeans
53498,Women,Apparel,Innerwear,Bra,Peach,Summer,2017,Casual,Amante Peach-Coloured T-shirt Bra BFCV22
13348,Women,Apparel,Bottomwear,Jeans,Blue,Fall,2011,Casual,Spykar Women Washed Blue Jeans
31018,Men,Apparel,Bottomwear,Trousers,Navy Blue,Summer,2012,Formal,Arrow Men Striped Navy Blue Trousers
41995,Girls,Apparel,Bottomwear,Capris,Blue,Summer,2012,Casual,Gini and Jony Girls Blue Pedal Pusher
30902,Women,Apparel,Loungewear and Nightwear,Lounge Pants,Blue,Summer,2012,Ethnic,Fabindia Women Blue Salwar
31488,Men,Apparel,Bottomwear,Trousers,Black,Summer,2012,Formal,Black Coffee Men Striped Black Trousers
59700,Women,Apparel,Innerwear,Bra,Cream,Summer,2014,Casual,Avirate Cream Bra
38505,Girls,Apparel,Bottomwear,Skirts,Blue,Summer,2012,Casual,Gini and Jony Girls Woven Blue Skirt
42348,Women,Apparel,Bottomwear,Trousers,Charcoal,Summer,2012,Casual,Flying Machine Women Back Trousers
17516,Women,Apparel,Topwear,Sweaters,Magenta,Fall,2011,Casual,Jealous 21 Women Solid Magenta Sweater
26251,Men,Apparel,Bottomwear,Shorts,Grey Melange,Summer,2012,Sports,Proline Grey Melange Shorts
40043,Men,Apparel,Bottomwear,Track Pants,Black,Summer,2012,Casual,ADIDAS Men Black Track Pants
37111,Men,Apparel,Bottomwear,Trousers,Charcoal,Summer,2012,Formal,Wills Lifestyle Men Charcoal Trousers
21622,Women,Apparel,Innerwear,Bra,Pink,Summer,2014,Casual,Enamor Women Pink Bra
50487,Men,Apparel,Innerwear,Trunk,Red,Winter,2016,Casual,Chromozome Men Red Trunk Trunks
6525,Women,Apparel,Bottomwear,Shorts,Yellow,Summer,2011,Sports,Nike Women's Tempo yellow Short
11285,Men,Apparel,Bottomwear,Jeans,Blue,Summer,2016,Casual,Wrangler Men Blue Texas Jeans
15625,Men,Apparel,Topwear,Sweatshirts,Grey,Summer,2012,Casual,Nike Men AS Squad FT LS Crew Grey Sweatshirts
7631,Men,Apparel,Bottomwear,Shorts,Navy Blue,Fall,2011,Sports,Puma Men's Woven Navy Short
30596,Men,Apparel,Bottomwear,Shorts,Blue,Summer,2012,Sports,Nike Men Woven Blue Shorts
13714,Men,Apparel,Topwear,Sweaters,Black,Fall,2011,Casual,Proline Black Sleeveless Sweater
16054,Men,Apparel,Bottomwear,Trousers,Grey,Fall,2011,Casual,Highlander Men Solid Grey Trouser
29689,Men,Apparel,Bottomwear,Shorts,Blue,Summer,2012,Casual,Indigo Nation Men Check Blue Shorts
19820,Men,Apparel,Topwear,Sweaters,Green,Winter,2016,Casual,U.S. Polo Assn. Men Solid Green Sweater
50641,Men,Apparel,Innerwear,Innerwear Vests,Grey,Winter,2016,Casual,Chromozome Men Grey Innerwear Vest
37581,Girls,Apparel,Bottomwear,Shorts,Green,Summer,2012,Casual,Madagascar 3 Girls Light Green Shorts
41357,Men,Apparel,Bottomwear,Jeans,NA,Fall,2016,Casual,Wrangler Men Blue Millard Jeans
44625,Men,Apparel,Bottomwear,Shorts,Black,Summer,2012,Sports,Nike Men Black Shorts
50017,Men,Apparel,Innerwear,Innerwear Vests,White,Summer,2016,Casual,Hanes Men White DuoDry Body Fit V-Neck T-shirt
27145,Women,Apparel,Innerwear,Bra,White,Summer,2012,Casual,Miss-T White Bra
38502,Girls,Apparel,Bottomwear,Shorts,Navy Blue,Summer,2012,Casual,Gini and Jony Girls Woven Navy Blue Shorts
28790,Men,Apparel,Bottomwear,Jeans,Blue,Summer,2012,Casual,Denizen Men Blue Jeans
24539,Women,Apparel,Topwear,Kurtis,Red,Fall,2011,Ethnic,Mother Earth Women Red  Printed Kurti
41992,Boys,Apparel,Bottomwear,Shorts,Black,Summer,2012,Casual,Gini and Jony Boys Customised Black Shorts
20199,Men,Apparel,Topwear,Sweatshirts,Navy Blue,Fall,2011,Casual,Wrangler Men Falcon Navy Sweatshirt
7890,Men,Apparel,Bottomwear,Track Pants,Brown,Fall,2011,Casual,Proline Men Brown Track Pants
27946,Men,Apparel,Innerwear,Trunk,Black,Summer,2016,Casual,Jockey CSM Men Comfort Stretch Black Trunks CS04
33748,Women,Apparel,Topwear,Tunics,Black,Summer,2012,Casual,Vero Moda Women Black Tunic
44870,Men,Apparel,Bottomwear,Shorts,Red,Summer,2012,Casual,Puma Men Red Foundation Beach Shorts
24995,Boys,Apparel,Bottomwear,Jeans,Blue,Summer,2012,Casual,United Colors of Benetton Boys Boys Blue Washed Jeans
25847,Women,Apparel,Topwear,Kurtis,Pink,Summer,2012,Ethnic,Diva Women Printed Pink Kurti
13519,Men,Apparel,Topwear,Sweatshirts,White,Fall,2011,Casual,Spykar Men Stripes White Sweatshirts
34935,Women,Apparel,Topwear,Dupatta,Purple,Summer,2012,Ethnic,Fabindia Purple Dupatta
30509,Women,Apparel,Innerwear,Bra,Beige,Summer,2017,Casual,Lovable Women Spice Beige Bra
17925,Women,Apparel,Bottomwear,Capris,Blue,Fall,2011,Casual,Nike Women Casual Blue Capri
9162,Men,Apparel,Bottomwear,Jeans,Blue,Fall,2011,Casual,Locomotive Men Callum Blue Jeans
51368,Women,Apparel,Bottomwear,Jeans,Blue,Summer,2012,Casual,Spykar Women Blue Jeans
37946,Women,Apparel,Topwear,Tunics,Mustard,Summer,2012,Casual,Mineral Women Mustard Tunic
15018,Men,Apparel,Topwear,Sweatshirts,Grey,Fall,2011,Casual,ADIDAS Men Printed Grey Sweatshirts
15824,Men,Apparel,Innerwear,Innerwear Vests,Orange,Summer,2016,Casual,Facit Men Fitness Orange Innerwear Vest
51966,Women,Apparel,Loungewear and Nightwear,Nightdress,Blue,Summer,2017,Casual,Inaya Women Blue Nightdress
49999,Women,Apparel,Innerwear,Bra,White,Winter,2015,Sports,Hanes Women White Cotton Stretch Racer Back Sports Bra
51992,Women,Apparel,Loungewear and Nightwear,Lounge Pants,Black,Summer,2017,Casual,Inaya Women Black Lounge Pants
27912,Women,Apparel,Bottomwear,Trousers,Black,Summer,2012,Formal,Scullers For Her Women Striped Black Trousers
11028,Women,Apparel,Topwear,Tunics,Blue,Fall,2011,Casual,Wrangler Women Blue Kangroo Pocket Tunic
19245,Men,Apparel,Topwear,Jackets,Blue,Fall,2011,Casual,Puma Men Tech Graphic Hooded Jacket
28502,Men,Apparel,Topwear,Jackets,Yellow,Summer,2012,Sports,Nike Men Windrunner Yellow Jacket
16803,Girls,Apparel,Bottomwear,Shorts,Beige,Fall,2011,Casual,ANT Kids Girls Solid Beige Short
18999,Men,Apparel,Topwear,Jackets,Black,Summer,2011,Casual,ADIDAS Originals Men Adi Firebird TT Black Jacket
39470,Women,Apparel,Topwear,Kurtis,Red,Summer,2012,Ethnic,Diva Women Red Kurti
15027,Women,Apparel,Topwear,Sweatshirts,Pink,Fall,2011,Casual,ADIDAS Women Solid Pink Sweatshirts
38931,Girls,Apparel,Bottomwear,Jeans,Blue,Summer,2012,Casual,Gini and Jony Girls Blue Jeans
32437,Men,Apparel,Bottomwear,Track Pants,Navy Blue,Summer,2012,Sports,ADIDAS Men Navy Blue Track Pants
37521,Boys,Apparel,Bottomwear,Shorts,Blue,Summer,2012,Casual,Madagascar3 Infant Boys Light Blue Shorts
15671,Men,Apparel,Bottomwear,Jeans,Blue,Fall,2011,Casual,Highlander Men High Original Blue Jeans
24136,Men,Apparel,Topwear,Jackets,Navy Blue,Fall,2011,Casual,ADIDAS Men Navy Blue Jacket
38569,Men,Apparel,Bottomwear,Shorts,Navy Blue,Spring,2013,Casual,Nike Men Navy Blue Shorts
30536,Women,Apparel,Innerwear,Bra,White,Summer,2014,Casual,Lovable Cotton Essensuals White Bra
51501,Women,Apparel,Bottomwear,Jeans,Blue,Summer,2012,Casual,Denizen Women Blue Jeans
52384,Women,Apparel,Loungewear and Nightwear,Nightdress,Pink,Winter,2015,Casual,Red Rose Women Pink Nightdress
24304,Men,Apparel,Topwear,Sweatshirts,Black,Fall,2011,Casual,ADIDAS Men Printed Black Sweatshirt
4828,Men,Apparel,Bottomwear,Track Pants,Grey,Summer,2011,Sports,ADIDAS Men's Cont Grey Track Pant
41793,Women,Apparel,Topwear,Tunics,Peach,Summer,2012,Casual,Remanika Women Dark Peach Tunic
15685,Men,Apparel,Bottomwear,Trousers,Khaki,Fall,2011,Casual,Highlander Men Classic Chinos Khaki Trousers
13572,Men,Apparel,Innerwear,Innerwear Vests,Red,Summer,2016,Casual,Hanes Men Racer Back Red Innerwear Vests
16000,Men,Apparel,Topwear,Sweaters,Black,Fall,2011,Casual,Turtle Stripes Men Black Sweaters
31410,Men,Apparel,Innerwear,Innerwear Vests,White,Summer,2016,Casual,Spykar Men White Innerwear Vest
16232,Men,Apparel,Topwear,Sweatshirts,Grey,Fall,2011,Casual,Puma Men Ess Hooded Grey Sweatshirt
52370,Women,Apparel,Loungewear and Nightwear,Nightdress,Pink,Winter,2015,Casual,Red Rose Women Pink Nightdress
50043,Women,Apparel,Innerwear,Bra,Black,Winter,2015,Casual,Hanes Women Black Concealing Petals Strapless Bra
22463,Women,Apparel,Bottomwear,Leggings,Maroon,Fall,2011,Casual,Myntra Women Maroon Leggings
49952,Men,Apparel,Loungewear and Nightwear,Lounge Pants,Grey,Summer,2016,Casual,Hanes Men Grey Knitted Lounge Pants
36251,Men,Apparel,Loungewear and Nightwear,Night suits,Grey,Summer,2016,Casual,SDL by Sweet Dreams Men Grey & Navy Blue Pyjama Set
9995,Women,Apparel,Bottomwear,Skirts,Pink,Summer,2011,Casual,Gini And Jony Girls Su Scotia Sko Pink Skirts
46748,Men,Apparel,Bottomwear,Track Pants,Grey,Summer,2012,Sports,Nike Men Grey Track Pants
52348,Women,Apparel,Loungewear and Nightwear,Nightdress,Blue,Winter,2015,Casual,Red Rose Women Blue Nightdress
19242,Women,Apparel,Bottomwear,Capris,Grey,Fall,2011,Casual,Puma Women Grey Capri Pants
13778,Men,Apparel,Bottomwear,Trousers,Grey,Fall,2011,Casual,Belmonte Men Solid Grey Trousers
28505,Men,Apparel,Bottomwear,Shorts,Grey,Summer,2012,Sports,Nike Men Tempo Grey Shorts
36269,Women,Apparel,Loungewear and Nightwear,Night suits,White,Summer,2017,Casual,SDL by Sweet Dreams Women White & Pink Night suits
27129,Women,Apparel,Innerwear,Bra,White,Summer,2017,Casual,Miss-T White Bra
27915,Women,Apparel,Bottomwear,Trousers,Black,Summer,2012,Formal,Scullers For Her Women Striped Black Trousers
31870,Women,Apparel,Topwear,Dupatta,Blue,Summer,2012,Ethnic,Fabindia Women Blue Chanderi Dupatta
9191,Men,Apparel,Bottomwear,Jeans,Blue,Fall,2011,Casual,SPYKAR Men Slim Fit Free Republic Wheeler Spirit Blue Jeans
2579,Women,Apparel,Bottomwear,Shorts,Blue,Summer,2011,Sports,Domyos Women's Blue Short
15823,Men,Apparel,Innerwear,Innerwear Vests,Charcoal,Summer,2016,Casual,Facit Men Hunk Charcoal Innerwear Vest
37941,Women,Apparel,Topwear,Tunics,Green,Summer,2012,Casual,Mineral Women Floral Green Tunic
59754,Women,Apparel,Loungewear and Nightwear,Nightdress,Black,Summer,2012,Casual,Avirate Black Baby Doll Nightdress
23119,Men,Apparel,Topwear,Sweatshirts,Grey,Fall,2011,Casual,Quechua Men Warm Fleece Grey Sweatshirt
39810,Men,Apparel,Bottomwear,Trousers,Brown,Spring,2013,Formal,Peter England Men Brown Formal Trousers
13111,Men,Apparel,Bottomwear,Shorts,Black,Fall,2011,Sports,ADIDAS Men F 50 Style Black Shorts
9992,Men,Apparel,Topwear,Sweatshirts,Navy Blue,Fall,2011,Sports,Nike Men As Squad Flc Navy Blue Sweatshirts
8840,Men,Apparel,Bottomwear,Trousers,Charcoal,Winter,2012,Casual,Scullers Men Black Checked Trousers
27116,Women,Apparel,Innerwear,Bra,White,Summer,2017,Casual,Miss-T White Bra
50044,Women,Apparel,Innerwear,Bra,Skin,Winter,2015,Casual,Hanes Women Beige Concealing Petals Strapless Bra
46121,Women,Apparel,Topwear,Jackets,Black,Summer,2015,Casual,Wildcraft Women Black Jacket
49955,Men,Apparel,Loungewear and Nightwear,Lounge Pants,Grey,Summer,2016,Casual,Hanes Men Grey Lounge Pant
22464,Women,Apparel,Bottomwear,Leggings,Black,Fall,2011,Casual,Myntra Women Black Patiala Salwar
36256,Men,Apparel,Loungewear and Nightwear,Night suits,Grey,Summer,2016,Casual,SDL by Sweet Dreams Men Grey & Navy Blue Pyjama Set
54080,Women,Apparel,Topwear,Kurtis,Brown,Summer,2012,Ethnic,Mumbai Slang Women Brown Kurti
52377,Women,Apparel,Loungewear and Nightwear,Nightdress,Pink,Winter,2015,Casual,Red Rose Women Pink Nightdress
15682,Men,Apparel,Bottomwear,Trousers,Beige,Fall,2011,Casual,Highlander Men Classic Chinosdk.Cream Trousers
51506,Women,Apparel,Bottomwear,Jeans,Blue,Summer,2012,Casual,Denizen Women Blue Jeans
52383,Women,Apparel,Loungewear and Nightwear,Nightdress,White,Winter,2015,Casual,Red Rose Women White Maxi Nightdress
24303,Men,Apparel,Topwear,Sweatshirts,Charcoal,Fall,2011,Casual,ADIDAS Men Printed Charcoal Sweatshirt
32266,Men,Apparel,Loungewear and Nightwear,Lounge Pants,Navy Blue,Summer,2016,Casual,2go Active Gear USA Men Red Pele Track Pants
41794,Women,Apparel,Topwear,Tunics,Black,Summer,2012,Casual,Remanika Women Black Tunic
15676,Men,Apparel,Bottomwear,Jeans,Blue,Fall,2011,Casual,Highlander Men High Original Blue Jeans
38936,Boys,Apparel,Bottomwear,Shorts,Blue,Summer,2012,Casual,Gini and Jony Boys Blue Shorts
47007,Women,Apparel,Topwear,Kurtis,Multi,Summer,2012,Ethnic,Shree Women Multicoloured Kurti
15020,Men,Apparel,Topwear,Jackets,Maroon,Fall,2011,Sports,ADIDAS Men Solid Maroon Jackets
46914,Men,Apparel,Bottomwear,Jeans,Blue,Summer,2012,Casual,Peter England Men Blue Jeans
27923,Women,Apparel,Bottomwear,Trousers,Black,Summer,2012,Casual,Scullers Women Black Trousers
14933,Men,Apparel,Bottomwear,Shorts,Navy Blue,Fall,2011,Casual,Status Quo Men Check Navy Blue Shorts
52528,Women,Apparel,Bottomwear,Jeans,Grey,Summer,2012,Casual,Pepe Jeans Women Black Jeans
43668,Women,Apparel,Topwear,Tunics,Pink,Summer,2012,Casual,ONLY Women Pink Tunic
44815,Women,Apparel,Bottomwear,Jeans,Blue,Summer,2012,Casual,Spykar Women Blue Jeans
38567,Men,Apparel,Bottomwear,Shorts,Black,Summer,2012,Casual,Nike Men Black Reflective Shorts
47658,Women,Apparel,Bottomwear,Skirts,Purple,Summer,2012,Casual,Femella Women Purple & Black Skirt
4826,Men,Apparel,Bottomwear,Track Pants,Navy Blue,Summer,2011,Sports,ADIDAS Men's Woven Dark Navy White Track Pant
26805,Men,Apparel,Bottomwear,Trousers,Black,Summer,2012,Formal,Arrow Men Black Flat Front Trousers
30960,Women,Apparel,Topwear,Tunics,Black,Summer,2012,Ethnic,Fabindia Women Black Kalamkari Tunic
15029,Women,Apparel,Topwear,Sweatshirts,Purple,Fall,2011,Casual,ADIDAS Women Stripes Purple Sweatshirts
51359,Women,Apparel,Bottomwear,Capris,Blue,Summer,2012,Casual,Spykar Women Blue Washed Capri
52341,Women,Apparel,Loungewear and Nightwear,Nightdress,Orange,Winter,2015,Casual,Red Rose Women Orange Nightdress
6786,Men,Apparel,Topwear,Jackets,Black,Summer,2011,Casual,Timberland Men Falmouth Cycling Jac Black Jacket
16203,Men,Apparel,Topwear,Sweatshirts,Blue,Fall,2011,Casual,Puma Men Logo Hooded Blue SweatShirt
2114,Women,Apparel,Bottomwear,Track Pants,Black,Fall,2010,Sports,ADIDAS Women Essential Black Candy Pants
25021,Men,Apparel,Topwear,Sweatshirts,Grey,Fall,2011,Sports,Nike Men Poly Fleece Grey Sweatshirt
33144,Boys,Apparel,Bottomwear,Shorts,Blue,Summer,2012,Casual,Gini and Jony Boys Blue Shorts
43657,Women,Apparel,Bottomwear,Shorts,Purple,Summer,2012,Casual,ONLY Women Purple Shorts
51392,Men,Apparel,Innerwear,Boxers,White,Summer,2012,Casual,Myntra White Printed Boxers
20305,Women,Apparel,Topwear,Sweaters,Magenta,Fall,2011,Casual,Jealous 21 Women Solid Magenta Sweater
14130,Men,Apparel,Bottomwear,Jeans,Black,Fall,2011,Casual,Flying Machine Men Washed Black Jeans
36260,Men,Apparel,Loungewear and Nightwear,Night suits,Grey,Summer,2016,Casual,SDL by Sweet Dreams Men Grey & Black Pyjama Set
41332,Women,Apparel,Topwear,Dupatta,Green,Winter,2012,Ethnic,Aurelia Women Green Dupatta
43465,Women,Apparel,Loungewear and Nightwear,Night suits,Pink,Summer,2017,Casual,SDL by Sweet Dreams Women Pink Pyjama Set
2584,Unisex,Apparel,Bottomwear,Track Pants,Black,Fall,2010,Sports,Kalenji Unisex Tight Black Track Pant
51366,Women,Apparel,Bottomwear,Jeans,Blue,Summer,2012,Casual,Spykar Women Blue Jeans
8882,Men,Apparel,Bottomwear,Trousers,Navy Blue,Summer,2011,Formal,Scullers Men Scul Navy Blue Trousers
9950,Men,Apparel,Bottomwear,Shorts,Black,Fall,2011,Sports,ADIDAS Men M Rsp Black Shorts
38900,Girls,Apparel,Bottomwear,Capris,Yellow,Summer,2012,Casual,Allen Solly Kids Girls Poplin Yellow Capris
57091,Women,Apparel,Bottomwear,Skirts,Black,Summer,2012,Casual,Elle Women Black Skirt
32406,Women,Apparel,Bottomwear,Trousers,Black,Summer,2012,Casual,Arrow Woman Black Trousers
15016,Men,Apparel,Topwear,Sweatshirts,Grey,Fall,2011,Sports,ADIDAS Men Solid Grey Sweatshirts
32634,Women,Apparel,Bottomwear,Track Pants,Grey,Summer,2012,Sports,Nike Women Legend Slim Poly Grey Track Pants
21647,Women,Apparel,Innerwear,Bra,White,Summer,2018,Casual,Enamor White Smooth Bra
32250,Women,Apparel,Bottomwear,Skirts,Blue,Summer,2012,Ethnic,Fabindia Women Blue Skirts
4819,Men,Apparel,Bottomwear,Shorts,Navy Blue,Summer,2011,Sports,ADIDAS Men's Team Bermuda Navy Blue Short
13785,Men,Apparel,Bottomwear,Trousers,Black,Fall,2011,Formal,Belmonte Men Solid Black Trousers
9508,Men,Apparel,Bottomwear,Shorts,Black,Fall,2011,Casual,Puma Men Bermudas Black Shorts
18963,Women,Apparel,Topwear,Sweatshirts,Black,Fall,2011,Casual,United Colors of Benetton Women Solid Black Sweatshirt
7492,Women,Apparel,Bottomwear,Capris,Black,Summer,2011,Sports,Nike Women Squad Black Capri
38938,Boys,Apparel,Bottomwear,Shorts,Blue,Summer,2012,Casual,Gini and Jony Boys Blue Shorts
59133,Men,Apparel,Topwear,Jackets,Brown,Summer,2012,Casual,Just Natural Men Brown Reversible Jacket
18731,Women,Apparel,Topwear,Sweaters,Navy Blue,Fall,2011,Casual,Arrow Woman Georgina 2 Navy Blue Sweater
51508,Women,Apparel,Bottomwear,Jeans,Navy Blue,Summer,2012,Casual,Denizen Women Navy Blue Jeans
15678,Men,Apparel,Bottomwear,Trousers,Beige,Fall,2011,Casual,Highlander Men Classic Chinos Beige Trousers
17913,Men,Apparel,Topwear,Sweatshirts,Grey,Fall,2011,Casual,Nike Men Casual Grey Sweatshirt
52379,Women,Apparel,Loungewear and Nightwear,Nightdress,Peach,Winter,2015,Casual,Red Rose Women Peach Nightdress
18193,Men,Apparel,Bottomwear,Jeans,Blue,Fall,2011,Casual,Deni Yo Men Washed Blue Slim Fit Jeans
27924,Women,Apparel,Bottomwear,Trousers,Beige,Summer,2012,Casual,Scullers For Her Beige Trousers
28150,Men,Apparel,Innerwear,Innerwear Vests,White,Winter,2016,Casual,Jockey SPORT Men White Innerwear Vest 9924
14108,Men,Apparel,Topwear,Sweatshirts,Brown,Fall,2011,Casual,Flying Machine Men Printed Brown Sweatshirts
36258,Men,Apparel,Loungewear and Nightwear,Night suits,Green,Summer,2016,Casual,SDL by Sweet Dreams Men Green & Black Pyjama Set
14934,Men,Apparel,Bottomwear,Shorts,Red,Fall,2011,Casual,Status Quo Men Check Red Shorts
47660,Women,Apparel,Topwear,Tunics,White,Summer,2012,Casual,Femella Women White Printed Tunic
18964,Women,Apparel,Topwear,Sweatshirts,Grey,Fall,2011,Casual,United Colors of Benetton Women Solid Dark Grey Sweatshirt
21640,Women,Apparel,Innerwear,Bra,Black,Summer,2018,Casual,Enamor Women Lift Black Bra
20792,Men,Apparel,Topwear,Jackets,Beige,Fall,2011,Casual,Basics Men Beige Blazer Jacket
13782,Men,Apparel,Bottomwear,Trousers,Black,Fall,2011,Formal,Belmonte Men Solid Black Trousers
30500,Women,Apparel,Innerwear,Bra,Purple,Summer,2014,Casual,Lovable Women Fiona Purple Bra
42120,Men,Apparel,Bottomwear,Shorts,Black,Summer,2012,Casual,ADIDAS Men Black 3/4 Length Pants
26465,Men,Apparel,Bottomwear,Shorts,Black,Summer,2012,Sports,Puma Men Black Shorts
15011,Men,Apparel,Bottomwear,Track Pants,Black,Fall,2011,Sports,ADIDAS Men Solid Black Track Pants
24756,Men,Apparel,Topwear,Sweaters,Green,Fall,2011,Casual,Spykar Men Green Sweaters
25684,Men,Apparel,Innerwear,Innerwear Vests,White,Summer,2016,Casual,Levis Men White Innerwear T-Shirt
32633,Women,Apparel,Bottomwear,Capris,Black,Fall,2012,Sports,Nike Women Black Legend Slim Capris
30958,Women,Apparel,Topwear,Tunics,Red,Summer,2012,Ethnic,Fabindia Women Red Kalamkari Tunic
51361,Women,Apparel,Bottomwear,Capris,Blue,Summer,2012,Casual,Spykar Women Blue Washed Capri
8885,Men,Apparel,Bottomwear,Trousers,Green,Summer,2011,Formal,Scullers Men Scul Green Trousers
37173,Boys,Apparel,Bottomwear,Shorts,Red,Summer,2012,Casual,United Colors of Benetton Boys Knitted shorts
10751,Men,Apparel,Bottomwear,Track Pants,Grey,Fall,2011,Sports,Nike Men Breakline Grey Track Pants
57096,Women,Apparel,Bottomwear,Capris,Blue,Summer,2012,Casual,Elle Women Blue Chambray Capris
20302,Women,Apparel,Topwear,Sweaters,Blue,Fall,2011,Casual,Jealous 21 Women Blue Sweater
5560,Men,Apparel,Topwear,Jackets,Green,Summer,2011,Sports,Reebok Men Sport Revesable Black Green Jacket
36267,Women,Apparel,Loungewear and Nightwear,Night suits,Blue,Summer,2017,Casual,SDL by Sweet Dreams Women Blue Night suits
10597,Men,Apparel,Bottomwear,Jeans,Blue,Fall,2011,Casual,Flying Machine Men Skinny Jack Blue Jeans
28953,Women,Apparel,Topwear,Kurtis,Yellow,Summer,2012,Ethnic,BIBA OUTLET Women Yellow Kurti
43462,Women,Apparel,Loungewear and Nightwear,Night suits,White,Summer,2017,Casual,SDL by Sweet Dreams Women White Night suits
13120,Men,Apparel,Topwear,Jackets,Navy Blue,Fall,2011,Sports,ADIDAS Men Ess 3s Rainjkt Navy Blue Jackets
51395,Men,Apparel,Bottomwear,Shorts,Yellow,Summer,2012,Casual,Myntra Men Yellow Check Shorts
17580,Men,Apparel,Bottomwear,Trousers,Navy Blue,Fall,2011,Casual,Mark Taylor Men Solid Navy Blue Trouser
57062,Women,Apparel,Topwear,Jackets,Blue,Summer,2012,Casual,Elle Women Blue Jacket
2113,Women,Apparel,Bottomwear,Track Pants,Grey,Fall,2010,Sports,ADIDAS Women's Essential Cinder Grey Capris
46746,Men,Apparel,Bottomwear,Track Pants,Navy Blue,Summer,2012,Sports,Nike Men Navy Blue Track Pants
22203,Men,Apparel,Topwear,Sweatshirts,Cream,Fall,2011,Casual,Timberland Men Camel SweatShirt
39479,Women,Apparel,Topwear,Kurtis,Brown,Summer,2012,Ethnic,Diva Women Brown Kurti
52346,Women,Apparel,Loungewear and Nightwear,Nightdress,Peach,Winter,2015,Casual,Red Rose Peach Nightdress
15481,Men,Apparel,Bottomwear,Shorts,Black,Summer,2011,Casual,Puma Men Solid Black Short
19821,Men,Apparel,Topwear,Sweaters,Off White,Winter,2016,Casual,U.S. Polo Assn. Men Solid Off White Sweater
16055,Men,Apparel,Bottomwear,Trousers,Blue,Fall,2011,Casual,Highlander Men Solid Blue Trouser
29688,Men,Apparel,Bottomwear,Shorts,Beige,Summer,2012,Casual,Indigo Nation Men Check White And Khaki Shorts
50640,Men,Apparel,Innerwear,Innerwear Vests,Charcoal,Summer,2016,Casual,Chromozome Men Charcoal Innerwear Vest
37580,Girls,Apparel,Bottomwear,Shorts,Pink,Winter,2012,Casual,Madagascar 3 Girls Pink Shorts
14702,Men,Apparel,Topwear,Jackets,Black,Fall,2011,Casual,Basics Men Black Jackets
41356,Men,Apparel,Bottomwear,Jeans,Blue,Summer,2016,Casual,Wrangler Men Blue Skanders Jeans
27144,Women,Apparel,Innerwear,Bra,White,Summer,2012,Casual,Miss-T White Bra
50016,Men,Apparel,Innerwear,Innerwear Vests,Grey,Summer,2016,Casual,Hanes Men Grey Duo Dry Body Fit Crew T-shirt
22604,Men,Apparel,Bottomwear,Shorts,Black,Summer,2012,Sports,Nike Men Black Shorts
14392,Men,Apparel,Bottomwear,Track Pants,Black,Fall,2011,Casual,Puma Ess Sweat Pants Track Pant
6524,Women,Apparel,Bottomwear,Shorts,Blue,Summer,2011,Sports,Nike Women's Tempo Blue Short
15624,Women,Apparel,Topwear,Sweatshirts,Grey,Fall,2011,Casual,Nike Women AS Squad Fleece FZ Hoody Grey Sweatshirts
11284,Men,Apparel,Bottomwear,Jeans,Blue,Fall,2011,Casual,Wrangler Men Blue Texas Jeans
21623,Women,Apparel,Innerwear,Bra,Teal,Summer,2014,Casual,Enamor Women Teal Bra
59739,Women,Apparel,Innerwear,Bra,Pink,Summer,2014,Casual,Avirate Pink & Black Bra
21882,Women,Apparel,Topwear,Tunics,Blue,Fall,2011,Ethnic,BIBA OUTLET Women Printed Navy Blue Kaftan Top
40089,Men,Apparel,Bottomwear,Track Pants,White,Summer,2012,Casual,ADIDAS Men White Track Pants
2719,Boys,Apparel,Bottomwear,Trousers,Blue,Summer,2011,Casual,Disney Kids Boy's Tiger Print Denim Pants
27947,Men,Apparel,Innerwear,Trunk,Blue,Summer,2016,Casual,Jockey CSM Men Comfort Stretch Blue Trunks CS04
50029,Men,Apparel,Innerwear,Innerwear Vests,White,Summer,2016,Casual,Hanes Men Pack of 2 White 100% Cotton Sleeveless Vests
22409,Men,Apparel,Bottomwear,Trousers,Navy Blue,Fall,2011,Casual,Mark Taylor Men Solid Navy Blue Trouser
49938,Men,Apparel,Innerwear,Innerwear Vests,Black,Summer,2016,Casual,Hanes Men Black Innerwear Vest
33749,Women,Apparel,Topwear,Tunics,Blue,Summer,2012,Casual,Vero Moda Women Tulle Blue Tunic
34934,Women,Apparel,Topwear,Dupatta,Blue,Summer,2012,Ethnic,Fabindia Blue Dupatta
44871,Men,Apparel,Bottomwear,Shorts,Navy Blue,Summer,2013,Casual,Puma Men Navy Blue Jamaica Jam Shorts
59706,Women,Apparel,Innerwear,Bra,Red,Summer,2014,Casual,Avirate Red & White Bra
38503,Girls,Apparel,Bottomwear,Shorts,Blue,Summer,2012,Casual,Gini and Jony Girls Woven Blue Shorts
28791,Men,Apparel,Bottomwear,Jeans,Black,Summer,2012,Casual,Denizen Men Black Jeans
41993,Boys,Apparel,Bottomwear,Shorts,Black,Summer,2012,Casual,Gini and Jony Boys Customised Black Shorts
20198,Men,Apparel,Topwear,Sweatshirts,Blue,Fall,2011,Casual,Wrangler Men North Carolina Blue Sweatshirt
19680,Women,Apparel,Topwear,Sweatshirts,Magenta,Summer,2011,Casual,United Colors of Benetton Women Solid Magenta Sweatshirt
21624,Women,Apparel,Innerwear,Bra,Black,Summer,2014,Casual,Enamor Women Smooth Black Bra
42978,Men,Apparel,Innerwear,Boxers,Black,Summer,2016,Casual,FCUK Black Boxers
17948,Men,Apparel,Bottomwear,Track Pants,Grey,Fall,2011,Sports,Puma Men South Africa  Grey Track Pant
6523,Women,Apparel,Bottomwear,Capris,Black,Summer,2011,Sports,Nike Women Strong Poly Black Capri
15623,Women,Apparel,Topwear,Sweatshirts,Purple,Fall,2011,Casual,Nike Women AS Squad Fleece FZ Hoody Purple Sweatshirts
10351,Women,Apparel,Bottomwear,Skirts,Grey,Fall,2011,Casual,United Colors of Benetton Women Check Skirt Grey Skirts
11283,Men,Apparel,Bottomwear,Jeans,Blue,Winter,2016,Casual,Wrangler Men Blue Texas Jeans
27385,Men,Apparel,Loungewear and Nightwear,Night suits,Black,Summer,2016,Casual,2go Active Gear USA Men Lounge Set
30100,Men,Apparel,Bottomwear,Jeans,Blue,Summer,2012,Casual,Flying Machine Men Washed Blue Jeans
41163,Women,Apparel,Bottomwear,Trousers,Khaki,Summer,2012,Casual,Allen Solly Woman Khaki Trousers
15081,Women,Apparel,Topwear,Kurtis,Purple,Fall,2011,Ethnic,Mother Earth Women Printed Purple Kurtis
36203,Boys,Apparel,Bottomwear,Shorts,Beige,Summer,2012,Casual,Gini Jony Boys Beige Shorts
27143,Women,Apparel,Innerwear,Bra,White,Summer,2012,Casual,Miss-T White Bra
50011,Women,Apparel,Innerwear,Bra,White,Winter,2015,Sports,Hanes Women White Cotton Stretch Moulded Cup Bra
13520,Women,Apparel,Topwear,Sweaters,Purple,Fall,2011,Casual,Jealous 21 Women Solid Purple Sweaters
37587,Girls,Apparel,Innerwear,Innerwear Vests,Green,Summer,2012,Casual,Madagascar3 Girls Green Innerwear Vest
11277,Men,Apparel,Bottomwear,Track Pants,Blue,Fall,2011,Sports,Nike Men Crickt Blue Track Pants
19687,Men,Apparel,Bottomwear,Shorts,Grey,Fall,2011,Casual,United Colors of Benetton Men Grey Washed Shorts
41994,Boys,Apparel,Bottomwear,Shorts,White,Summer,2012,Casual,Gini and Jony Boys Boxer White Shorts
7896,Men,Apparel,Bottomwear,Shorts,Blue,Fall,2011,Casual,Proline Men Blue Shorts
38504,Girls,Apparel,Bottomwear,Skirts,Navy Blue,Summer,2012,Casual,Gini and Jony Girls Navy Blue Skirts
44882,Men,Apparel,Bottomwear,Track Pants,Navy Blue,Summer,2012,Casual,Puma Men Navy Blue Track Pants
42349,Women,Apparel,Bottomwear,Leggings,Red,Summer,2012,Casual,Flying Machine Women Red Leggings
24993,Girls,Apparel,Bottomwear,Shorts,Navy Blue,Summer,2012,Casual,United Colors of Benetton Kids Girls Navy Blue Shorts
11248,Men,Apparel,Bottomwear,Trousers,Khaki,Fall,2011,Formal,Indigo Nation Men Solid Khaki Trousers
19819,Men,Apparel,Topwear,Sweatshirts,Blue,Fall,2011,Casual,U.S. Polo Assn. Men Solid Blue Sweatshirt
50678,Men,Apparel,Innerwear,Trunk,Navy Blue,Summer,2016,Casual,Chromozome Men Navy Blue Trunks
34933,Women,Apparel,Topwear,Dupatta,Lavender,Summer,2012,Ethnic,Fabindia Women Lavender Dupatta
13349,Women,Apparel,Bottomwear,Jeans,Blue,Fall,2011,Casual,Spykar Women Washed Blue Jeans
27940,Women,Apparel,Bottomwear,Jeans,Turquoise Blue,Summer,2012,Casual,Jealous 21 Women Turquoise Blue Magic Colour Jeans
53464,Women,Apparel,Innerwear,Bra,Maroon,Summer,2017,Casual,Amante Maroon Full-Coverage Lace Bra BCLC11
24536,Women,Apparel,Topwear,Kurtis,Black,Fall,2011,Ethnic,Mother Earth Women Black Printed Kurti
51333,Men,Apparel,Topwear,Jackets,Beige,Summer,2015,Casual,Wildcraft Men Beige Wind Cheater Jackets
42516,Women,Apparel,Topwear,Kurtis,Blue,Summer,2012,Ethnic,Mother Earth Women Blue Kurti
27181,Men,Apparel,Bottomwear,Trousers,Blue,Summer,2012,Formal,Mark Taylor Men Striped Blue Trousers
15043,Men,Apparel,Topwear,Jackets,Black,Fall,2011,Sports,ADIDAS Men Solid Black Jackets
23145,Women,Apparel,Topwear,Sweatshirts,Off White,Fall,2011,Casual,Quechua Women  Fleece Off-White Sweatshirt
21612,Women,Apparel,Innerwear,Bra,Skin,Summer,2014,Casual,Enamor Women Smooth Skin Bra
44285,Men,Apparel,Innerwear,Trunk,Black,Summer,2016,Casual,FCUK Underwear Men Black & White Trunks
37545,Boys,Apparel,Innerwear,Innerwear Vests,Yellow,Summer,2012,Casual,Madagascar3 Boys Yellow Innerwear Vest
54225,Men,Apparel,Bottomwear,Trousers,Khaki,Summer,2012,Casual,Highlander Men Khaki Chinos
31474,Men,Apparel,Bottomwear,Trousers,Brown,Fall,2012,Casual,Black Coffee  Brown Formal Trousers
51591,Women,Apparel,Bottomwear,Jeans,Navy Blue,Summer,2012,Casual,Wrangler Women Navy Blue Giselle Jeans
11073,Men,Apparel,Topwear,Sweaters,Black,Fall,2011,Casual,Scullers Men Stripes Black Sweaters
25848,Women,Apparel,Topwear,Kurtis,Green,Summer,2012,Ethnic,Diva Women Printed Green Kurti
11241,Women,Apparel,Bottomwear,Jeans,Grey,Fall,2011,Casual,Flying Machine Women Veron Grey Jeans
13516,Women,Apparel,Bottomwear,Skirts,Blue,Fall,2011,Casual,Palm Tree Kids Girl Washed Blue Skirts
50671,Men,Apparel,Loungewear and Nightwear,Lounge Pants,Charcoal,Fall,2016,Sports,Chromozome Men Charcoal Melange Ranger Lounge Pants S-5429
16064,Men,Apparel,Bottomwear,Trousers,Black,Fall,2011,Casual,Highlander Men Black Trousers
19810,Men,Apparel,Topwear,Sweatshirts,Purple,Fall,2011,Casual,U.S. Polo Assn. Men Stripes Purple Sweatshirt
7433,Men,Apparel,Bottomwear,Shorts,Navy Blue,Summer,2011,Casual,Proline Men Navy Shorts
53490,Women,Apparel,Innerwear,Bra,Black,Summer,2018,Casual,Amante Black Push-Up Bra BFCV11
31222,Women,Apparel,Bottomwear,Track Pants,Black,Summer,2012,Casual,Puma Women Essential Workout Black Track Pants
13340,Women,Apparel,Bottomwear,Skirts,Black,Fall,2011,Casual,Gini and Jony Kids Girls Solid Black Skirts
49936,Men,Apparel,Innerwear,Innerwear Vests,White,Summer,2016,Casual,Hanes Men White Classic U-Neck Vest
50027,Women,Apparel,Bottomwear,Leggings,Brown,Winter,2015,Casual,Hanes Women Brown ComfortSoft Waistband Cotton Stretch Full Leggings
27949,Men,Apparel,Innerwear,Trunk,Grey,Summer,2016,Casual,Jockey CSM Men Comfort Stretch Grey Trunks CS04
20350,Men,Apparel,Bottomwear,Jeans,Blue,Fall,2011,Casual,Spykar Men Washed Blue Jeans
57202,Women,Apparel,Topwear,Tunics,Blue,Summer,2012,Casual,Elle Women Blue Tunic
14959,Men,Apparel,Topwear,Jackets,Grey,Fall,2011,Casual,Status Quo Men Solid Grey Jackets
40428,Women,Apparel,Bottomwear,Skirts,Grey,Summer,2012,Formal,Tonga Women Grey Formal Skirt
50488,Men,Apparel,Innerwear,Trunk,Black,Winter,2016,Casual,Chromozome Men Black Trunks
30935,Women,Apparel,Topwear,Kurtis,Blue,Summer,2012,Ethnic,Fabindia Women Blue Printed Kurti
38156,Men,Apparel,Topwear,Jackets,Green,Summer,2012,Casual,Wildcraft Men Green Fleece Sleeveless Jacket
15088,Men,Apparel,Topwear,Kurtis,Black,Fall,2011,Ethnic,Mother Earth Men Printed Black Kurtis
39242,Women,Apparel,Loungewear and Nightwear,Nightdress,Pink,Summer,2017,Casual,Femella Women Pink Nightdress
22438,Women,Apparel,Topwear,Kurtis,Blue,Summer,2011,Ethnic,Global Desi Women Printed Blue Kurti
50018,Women,Apparel,Bottomwear,Leggings,Black,Winter,2015,Casual,Hanes Women Black Comfortsoft Waistband Cotton - Stretch Lace Capri Leggings
8020,Men,Apparel,Bottomwear,Track Pants,Black,Fall,2011,Sports,Fila Men's Single Tipped Woven Black Red Track Pant
19477,Men,Apparel,Topwear,Jackets,Blue,Summer,2012,Casual,Quiksilver Men Casual Blue Jacket
49763,Women,Apparel,Bottomwear,Leggings,Grey,Summer,2012,Casual,Vishudh Grey Leggings
30599,Men,Apparel,Bottomwear,Shorts,Red,Summer,2012,Sports,Nike Men Hustle Reversible Red Shorts
34905,Women,Apparel,Topwear,Dupatta,Brown,Summer,2012,Ethnic,Fabindia Red Hand Printed Kota Dupatta
49931,Men,Apparel,Innerwear,Trunk,White,Summer,2016,Casual,Hanes Men White Trunks
50020,Women,Apparel,Bottomwear,Leggings,Navy Blue,Winter,2015,Casual,Hanes Women Navy Cotton Stretch Leggings
57205,Women,Apparel,Bottomwear,Capris,White,Fall,2012,Casual,Kraus Jeans Women White Capris
41152,Women,Apparel,Bottomwear,Skirts,Grey,Summer,2012,Casual,Allen Solly Woman Grey Skirt
11246,Unisex,Apparel,Topwear,Sweatshirts,Grey,Fall,2011,Sports,Urban Yoga Unisex Solid Grey Sweatshirts
50676,Men,Apparel,Innerwear,Trunk,Grey Melange,Summer,2016,Casual,Chromozome Men Grey Melange Trunks
19817,Men,Apparel,Topwear,Sweatshirts,Blue,Winter,2016,Casual,U.S. Polo Assn. Men Solid Blue Sweatshirt
16063,Men,Apparel,Bottomwear,Trousers,Olive,Fall,2011,Casual,Highlander Men Solid Olive Trouser
31473,Men,Apparel,Bottomwear,Trousers,Navy Blue,Summer,2012,Formal,Black Coffee Men Striped Charcoal Trousers
11074,Men,Apparel,Topwear,Sweaters,Black,Fall,2011,Casual,Scullers Men Stripes Blue Sweaters
15612,Men,Apparel,Bottomwear,Track Pants,Grey,Fall,2011,Sports,Nike Men AS Thermal Grey Track Pants
50682,Men,Apparel,Innerwear,Trunk,Black,Summer,2016,Casual,Chromozome Men Black Trunks
9768,Men,Apparel,Topwear,Jackets,Black,Fall,2011,Casual,ADIDAS Men Adna Black Jackets
23142,Men,Apparel,Topwear,Sweatshirts,Red,Fall,2011,Casual,Quechua Men Fleece Red Sweatshirt
21615,Women,Apparel,Innerwear,Bra,Purple,Summer,2014,Casual,Enamor Women Smooth Purple Bra
42511,Women,Apparel,Topwear,Kurtis,Red,Summer,2012,Ethnic,Mother Earth Women Red Kurti
27186,Men,Apparel,Bottomwear,Trousers,Black,Summer,2012,Formal,Mark Taylor Men Striped Grey Trousers
53463,Women,Apparel,Innerwear,Bra,Pink,Summer,2018,Casual,Amante Pink Full-Coverage Lace Bra BCLC11
7898,Men,Apparel,Bottomwear,Shorts,Red,Fall,2011,Casual,Proline Men Red Shorts
55794,Women,Apparel,Loungewear and Nightwear,Night suits,Black,Summer,2017,Casual,SDL by Sweet Dreams Women Grey & Black Printed Night Suit 319171
18569,Men,Apparel,Topwear,Sweaters,Red,Fall,2011,Casual,Puma Men Solid Red Sweater
46383,Men,Apparel,Topwear,Sweatshirts,Black,Summer,2012,Casual,ADIDAS Men Black Sweatshirt
14539,Women,Apparel,Topwear,Kurtis,Maroon,Fall,2011,Ethnic,Vishudh Women Flower Print Maroon Kurtis
34902,Women,Apparel,Topwear,Dupatta,Beige,Summer,2012,Ethnic,Fabindia Beige Kota Dupatta
42982,Men,Apparel,Innerwear,Boxers,Black,Summer,2016,Casual,FCUK Black Boxers
49764,Women,Apparel,Bottomwear,Leggings,Black,Summer,2012,Casual,Vishudh Black Leggings
50649,Men,Apparel,Loungewear and Nightwear,Lounge Pants,Grey,Summer,2018,Casual,Chromozome Men Grey Lounge Pants S-4801
14961,Men,Apparel,Topwear,Jackets,Red,Fall,2011,Casual,Status Quo Men Printed Red Jackets
27971,Men,Apparel,Innerwear,Innerwear Vests,Green,Summer,2016,Casual,Jockey Men Green and Black Innerwear Vest
28105,Men,Apparel,Innerwear,Boxers,Black,Summer,2016,Casual,Jockey MODERN CLASSIC Men Black Boxer 8009
26259,Men,Apparel,Bottomwear,Track Pants,Navy Blue,Summer,2012,Sports,Proline Men Navy Track Pants
19484,Men,Apparel,Innerwear,Trunk,Grey,Summer,2016,Casual,Levis Men Jazz Stripes Grey Trunks
14995,Men,Apparel,Topwear,Sweaters,Grey,Fall,2011,Casual,ADIDAS Men Solid Grey Sweaters
29023,Men,Apparel,Bottomwear,Track Pants,Black,Summer,2012,Sports,ADIDAS Men Black Track Pants
17946,Men,Apparel,Bottomwear,Track Pants,Navy Blue,Fall,2011,Sports,Puma Men South Africa  Navy Blue Track Pant
31418,Men,Apparel,Innerwear,Innerwear Vests,Navy Blue,Summer,2016,Casual,Spykar Men Navy Blue V-Neck Innerwear T-shirt
52378,Women,Apparel,Loungewear and Nightwear,Nightdress,Lavender,Winter,2015,Casual,Red Rose Women Lavender Nightdress
28151,Men,Apparel,Innerwear,Innerwear Vests,Black,Summer,2016,Casual,Jockey SPORT Men Power Back Basic Black Innerwear Vest 9925
27925,Women,Apparel,Bottomwear,Trousers,Black,Summer,2012,Casual,Scullers For Her Black Trousers
14935,Men,Apparel,Bottomwear,Shorts,Navy Blue,Fall,2011,Casual,Status Quo Men Check Navy Blue Shorts
14109,Men,Apparel,Topwear,Sweatshirts,Green,Fall,2011,Casual,Flying Machine Men Printed Green Sweatshirts
36259,Men,Apparel,Loungewear and Nightwear,Night suits,Navy Blue,Summer,2016,Casual,SDL by Sweet Dreams Men Navy Blue & Grey Pyjama Set
18730,Women,Apparel,Topwear,Sweaters,Brown,Fall,2011,Casual,Arrow Woman Georgina 1 Brown Sweater
38939,Boys,Apparel,Bottomwear,Shorts,Blue,Summer,2012,Casual,Gini and Jony Boys Blue Shorts
57894,Women,Apparel,Bottomwear,Leggings,Navy Blue,Fall,2012,Ethnic,Femella Women Navy Blue Leggings
59132,Men,Apparel,Topwear,Jackets,Black,Summer,2012,Casual,Just Natural Men Black Reversible Jacket
15679,Men,Apparel,Bottomwear,Trousers,Khaki,Fall,2011,Casual,Highlander Men Classic Chinos Khaki Trousers
37529,Boys,Apparel,Innerwear,Innerwear Vests,Yellow,Summer,2012,Casual,Madagascar3 Boys Yellow Innerwear Vest
6579,Men,Apparel,Bottomwear,Shorts,Navy Blue,Fall,2012,Sports,Nike Men Woven Navy Blue 3/4 Pants
9531,Men,Apparel,Topwear,Jackets,Purple,Fall,2011,Sports,Nike Men Summerized Wind Runner White Jackets
17912,Women,Apparel,Topwear,Jackets,Cream,Fall,2011,Casual,Nike Women Casual Cream Jacket
51394,Men,Apparel,Bottomwear,Shorts,Red,Summer,2012,Casual,Myntra Men Red Check Shorts
57063,Women,Apparel,Topwear,Jackets,White,Summer,2012,Casual,Elle Women White Jacket
44646,Women,Apparel,Bottomwear,Skirts,Black,Summer,2012,Formal,Arrow Woman Black Skirt
20303,Women,Apparel,Topwear,Sweaters,Purple,Fall,2011,Casual,Jealous 21 Women Solid Purple Sweater
36266,Women,Apparel,Loungewear and Nightwear,Night suits,Pink,Summer,2017,Casual,SDL by Sweet Dreams Women Pink Night suits
16661,Men,Apparel,Topwear,Sweaters,Black,Fall,2011,Casual,Fila Men Blanc Black Sweater
22454,Women,Apparel,Bottomwear,Leggings,Red,Fall,2011,Casual,Myntra Women Red Leggings
43463,Women,Apparel,Loungewear and Nightwear,Night suits,White,Summer,2017,Casual,SDL by Sweet Dreams Women White Night suits
28952,Women,Apparel,Topwear,Kurtis,White,Summer,2012,Ethnic,BIBA OUTLET Women White Kurta
52347,Women,Apparel,Loungewear and Nightwear,Nightdress,Pink,Winter,2015,Casual,Red Rose Pink Nightdress
15480,Men,Apparel,Bottomwear,Track Pants,Brown,Fall,2011,Casual,Puma Men Ess Sweat Pants Open Bottom Brown Track Pants
22202,Men,Apparel,Topwear,Jackets,Blue,Fall,2011,Casual,Timberland Men Bonded Fleece Full Zip Blue Jacket
46747,Men,Apparel,Bottomwear,Track Pants,Black,Summer,2012,Sports,Nike Men Black Track Pants
2112,Women,Apparel,Bottomwear,Track Pants,Black,Fall,2010,Sports,ADIDAS Women's Essential Black Capris
32256,Women,Apparel,Topwear,Tunics,Red,Summer,2012,Ethnic,Fabindia Women Printed Red Tunic
21641,Women,Apparel,Innerwear,Bra,Skin,Summer,2018,Casual,Enamor Women Lift Skin Bra
20793,Men,Apparel,Topwear,Jackets,Beige,Fall,2011,Casual,Basics Men Beige Jacket
30501,Women,Apparel,Innerwear,Bra,Purple,Summer,2014,Casual,Lovable Women Fiona Purple Bra
13783,Men,Apparel,Bottomwear,Trousers,Khaki,Fall,2011,Formal,Belmonte Men Solid Khaki Trousers
26464,Men,Apparel,Bottomwear,Track Pants,Black,Summer,2012,Sports,Puma Men Black Track Pants
18965,Women,Apparel,Topwear,Sweatshirts,Pink,Fall,2011,Casual,United Colors of Benetton Women Solid Pink Sweatshirt
37516,Boys,Apparel,Bottomwear,Leggings,White,Summer,2012,Casual,Madagascar3 Infant Boys White Leggings
8884,Men,Apparel,Bottomwear,Trousers,Cream,Summer,2011,Formal,Scullers Men Scul Cream Trousers
57097,Women,Apparel,Bottomwear,Capris,Blue,Summer,2012,Casual,Elle Women Blue Capris
37172,Boys,Apparel,Bottomwear,Shorts,Black,Summer,2012,Casual,United Colors of Benetton Boys Black Shorts
32632,Women,Apparel,Bottomwear,Capris,Grey,Summer,2012,Sports,Nike Women Legend Slim Poly Grey Capris
30959,Women,Apparel,Topwear,Tunics,Green,Summer,2012,Ethnic,Fabindia Women Printed Green Kalamkari Tunic
34199,Men,Apparel,Bottomwear,Track Pants,Charcoal,Summer,2012,Casual,Proline Men Charcoal Grey Track Pants
42119,Men,Apparel,Bottomwear,Shorts,Navy Blue,Summer,2012,Casual,ADIDAS Men Navy Blue 3/4 Pant
4827,Men,Apparel,Bottomwear,Track Pants,Black,Summer,2011,Sports,ADIDAS Men's Woven Black White Track Pant
1569,Men,Apparel,Bottomwear,Shorts,Black,Fall,2010,Sports,Artengo Men Black Tennis Shorts
38566,Men,Apparel,Bottomwear,Shorts,Black,Fall,2012,Sports,Nike Men Woven Black Shorts
47659,Women,Apparel,Topwear,Tunics,Black,Summer,2012,Casual,Femella Women Black Tunic
57893,Women,Apparel,Bottomwear,Leggings,Cream,Fall,2012,Casual,Femella Women Cream Leggings
30961,Women,Apparel,Topwear,Kurtis,Black,Summer,2012,Ethnic,Fabindia Women Black Chanderi Tunic
15028,Women,Apparel,Topwear,Sweatshirts,Navy Blue,Fall,2011,Casual,ADIDAS Women Printed Navy Blue Sweatshirts
52529,Men,Apparel,Bottomwear,Shorts,Grey,Summer,2012,Casual,Pepe Jeans Men Grey 3/4 Length Pants
27922,Women,Apparel,Bottomwear,Trousers,Olive,Summer,2012,Casual,Scullers Women Olive Trousers
14932,Men,Apparel,Bottomwear,Shorts,Black,Fall,2011,Casual,Status Quo Men Check Black Shorts
5559,Men,Apparel,Topwear,Jackets,Yellow,Summer,2011,Casual,Reebok Men Reversible Blue & Yellow Jacket
32635,Women,Apparel,Bottomwear,Track Pants,Black,Summer,2012,Sports,Nike Women Legend Slim Poly Black Track Pants
15017,Men,Apparel,Topwear,Sweatshirts,Green,Fall,2011,Sports,ADIDAS Men Solid Green Sweatshirts
8883,Men,Apparel,Bottomwear,Trousers,Grey,Fall,2011,Formal,Scullers Men Scul Grey Trousers
57090,Women,Apparel,Bottomwear,Skirts,Navy Blue,Summer,2012,Casual,Elle Women Navy Blue Skirt
32407,Women,Apparel,Bottomwear,Trousers,Grey,Summer,2012,Formal,Arrow Woman Grey Trousers
18962,Women,Apparel,Topwear,Sweatshirts,Pink,Fall,2011,Casual,United Colors of Benetton Women Printed Pink Sweatshirt
7493,Women,Apparel,Bottomwear,Capris,Purple,Summer,2011,Sports,Nike Women Squad Purple Capri
9509,Men,Apparel,Bottomwear,Track Pants,Grey,Fall,2011,Casual,Puma Men N0 1Logo Open Grey Track Pants
1764,Women,Apparel,Bottomwear,Track Pants,Black,Fall,2010,Sports,Lotto Women Mid Cathy Track Pants
4818,Men,Apparel,Bottomwear,Shorts,Black,Fall,2012,Sports,ADIDAS Men's Team Bermuda Black White Short
32251,Women,Apparel,Bottomwear,Skirts,Purple,Summer,2012,Ethnic,Fabindia Women Purple Skirt
21646,Women,Apparel,Innerwear,Bra,Skin,Summer,2018,Casual,Enamor Women Smooth Skin Bra
13784,Men,Apparel,Bottomwear,Trousers,Black,Fall,2011,Formal,Belmonte Men Solid Black Woven Trousers
2115,Men,Apparel,Bottomwear,Track Pants,Black,Fall,2010,Sports,ADIDAS Men's Black Crest Track Pants
25020,Men,Apparel,Topwear,Sweatshirts,Black,Fall,2011,Sports,Nike Men Poly Fleece Black Sweatshirt
33145,Boys,Apparel,Bottomwear,Shorts,Blue,Summer,2012,Casual,Gini and Jony Boys Blue Shorts
52340,Women,Apparel,Loungewear and Nightwear,Nightdress,Blue,Winter,2015,Casual,Red Rose Women Blue Nightdress
16202,Men,Apparel,Topwear,Sweatshirts,Black,Fall,2011,Casual,Puma Men Logo Hooded Black SweatShirt
20304,Women,Apparel,Topwear,Sweaters,Maroon,Fall,2011,Casual,Jealous 21 Women Stripes Maroon Sweater
36261,Men,Apparel,Loungewear and Nightwear,Night suits,Navy Blue,Summer,2016,Casual,SDL by Sweet Dreams Men Navy Blue Pyjama Set
27121,Women,Apparel,Innerwear,Bra,Maroon,Summer,2017,Casual,Miss-T Maroon Bra
43464,Women,Apparel,Loungewear and Nightwear,Night suits,Blue,Summer,2017,Casual,SDL by Sweet Dreams Women Blue Night suits
51393,Men,Apparel,Bottomwear,Shorts,White,Summer,2012,Casual,Myntra Men Green Check Shorts
43656,Women,Apparel,Bottomwear,Shorts,Orange,Summer,2012,Casual,ONLY Women Orange Shorts
57064,Women,Apparel,Topwear,Jackets,Black,Summer,2012,Casual,Elle Women Black Jacket
37940,Women,Apparel,Topwear,Tunics,Orange,Summer,2012,Casual,Mineral Women Orange Tunic
57099,Women,Apparel,Bottomwear,Capris,Purple,Summer,2012,Casual,Elle Women Purple Capris
15822,Men,Apparel,Innerwear,Innerwear Vests,Black,Summer,2016,Casual,Facit Men Bicep Tee Black Innerwear Vests
17923,Women,Apparel,Topwear,Sweatshirts,Black,Fall,2011,Casual,Nike Women Sptcas Black Sweatshirt
52349,Women,Apparel,Loungewear and Nightwear,Nightdress,Pink,Summer,2017,Casual,Red Rose Women Pink Nightdress
28504,Men,Apparel,Bottomwear,Shorts,Black,Summer,2012,Sports,Nike Men Woven Reflective Black Shorts
31429,Men,Apparel,Bottomwear,Trousers,Grey,Summer,2012,Casual,Highlander Men Grey Trousers
19243,Men,Apparel,Topwear,Jackets,Red,Fall,2011,Casual,Puma Men Padded Vest Red Jacket
13779,Men,Apparel,Bottomwear,Trousers,Cream,Fall,2011,Casual,Belmonte Men Solid Cream Trousers
46749,Men,Apparel,Bottomwear,Track Pants,Blue,Summer,2012,Sports,Nike Men Blue Track Pants
16805,Girls,Apparel,Bottomwear,Skirts,Black,Fall,2011,Casual,ANT Kids Girls Printed Black Skirt
1799,Men,Apparel,Bottomwear,Track Pants,White,Summer,2011,Sports,Domyos Men Blue & White Tracksuit
25029,Men,Apparel,Bottomwear,Shorts,Black,Fall,2011,Sports,Nike Men Black Speed Fly Shorts
2578,Women,Apparel,Bottomwear,Capris,White,Summer,2011,Casual,Domyos Women White Capri
36268,Women,Apparel,Loungewear and Nightwear,Night suits,Purple,Summer,2017,Casual,SDL by Sweet Dreams Purple & White Pyjama Set
27914,Women,Apparel,Bottomwear,Trousers,Brown,Summer,2012,Formal,Scullers For Her Women Brown Trousers
31871,Women,Apparel,Topwear,Dupatta,Blue,Summer,2012,Ethnic,Fabindia Women Blue Chanderi Dupatta
27128,Women,Apparel,Innerwear,Bra,Cream,Summer,2017,Casual,Miss-T Cream Bra
15677,Men,Apparel,Bottomwear,Trousers,Beige,Fall,2011,Casual,Highlander Men Classic Chinos Beige Trousers
13580,Men,Apparel,Innerwear,Innerwear Vests,White,Summer,2016,Casual,Hanes Men Pack of 2 Half Contrast Piping Ringer T-shirts
30530,Women,Apparel,Innerwear,Bra,White,Spring,2013,Casual,Lovable Cotton Essensuals White Bra
52382,Women,Apparel,Loungewear and Nightwear,Nightdress,White,Winter,2015,Casual,Red Rose White Nightdress
47006,Women,Apparel,Topwear,Kurtis,Multi,Summer,2012,Ethnic,Shree Women Multi Coloured Kurti
29845,Men,Apparel,Bottomwear,Trousers,Khaki,Summer,2012,Casual,Basics Men Khaki Trousers
15021,Men,Apparel,Topwear,Jackets,Black,Fall,2011,Sports,ADIDAS Men Solid Black Jackets
32431,Men,Apparel,Bottomwear,Shorts,Black,Summer,2012,Sports,ADIDAS Men Black Shorts
38937,Boys,Apparel,Bottomwear,Shorts,Blue,Summer,2012,Casual,Gini and Jony Boys Blue Shorts
9967,Men,Apparel,Bottomwear,Track Pants,Black,Fall,2011,Sports,Nike Men Ad Breakline Black Track Pants
50045,Women,Apparel,Innerwear,Bra,White,Winter,2015,Casual,Hanes Women White Moulded Tee Shirt Bra
22465,Women,Apparel,Bottomwear,Leggings,Pink,Fall,2011,Casual,Myntra Women Pink Patiala Salwar
49954,Men,Apparel,Loungewear and Nightwear,Lounge Pants,Black,Summer,2016,Casual,Hanes Men Black Lounge Pant
27117,Women,Apparel,Innerwear,Bra,Black,Summer,2012,Casual,Miss-T Black Bra
31072,Women,Apparel,Topwear,Dupatta,Blue,Summer,2012,Ethnic,Fabindia Women Blue Tussar Dupatta
36257,Men,Apparel,Loungewear and Nightwear,Night suits,Navy Blue,Summer,2016,Casual,SDL by Sweet Dreams Men Navy Blue & Grey Pyjama Set
44677,Women,Apparel,Topwear,Tunics,White,Summer,2012,Casual,Wills Lifestyle Women Orange Printed Tunic
52520,Men,Apparel,Bottomwear,Shorts,Cream,Summer,2012,Casual,Pepe Jeans Men Cream Cargo Shorts
39811,Men,Apparel,Bottomwear,Trousers,Navy Blue,Spring,2013,Formal,Peter England Men Navy Blue Formal Trousers
5762,Women,Apparel,Bottomwear,Shorts,Blue,Summer,2011,Casual,Jealous 21 Women's White Blue Shorts
9993,Women,Apparel,Bottomwear,Leggings,Beige,Fall,2011,Casual,Urban Yoga Women Anga Beige Leggings
8841,Men,Apparel,Bottomwear,Trousers,Cream,Summer,2011,Casual,Scullers Men Scul Cream Trousers
43660,Women,Apparel,Topwear,Tunics,Purple,Summer,2012,Casual,ONLY Women Purple Tunic
13110,Men,Apparel,Bottomwear,Shorts,Navy Blue,Fall,2011,Sports,ADIDAS Men Rsp Ds 7in Navy Blue Shorts
15683,Men,Apparel,Bottomwear,Trousers,Khaki,Fall,2011,Casual,Highlander Men Classic Chinos Khaki Trousers
13574,Men,Apparel,Innerwear,Innerwear Vests,White,Summer,2016,Casual,Hanes Men Rib Chest White Innerwear Vests
54081,Women,Apparel,Topwear,Kurtis,Red,Summer,2012,Ethnic,Mumbai Slang Women Red Kurti
52376,Women,Apparel,Loungewear and Nightwear,Nightdress,Peach,Winter,2015,Casual,Red Rose Women Peach Nightdress
27913,Women,Apparel,Bottomwear,Trousers,Grey,Summer,2012,Formal,Scullers For Her Women Grey Trousers
39471,Women,Apparel,Topwear,Kurtis,Beige,Summer,2012,Ethnic,Diva Women Beige Kurti
28503,Men,Apparel,Bottomwear,Shorts,Grey,Summer,2012,Sports,Nike Men Tempo 2 in 1 Grey Shorts
19082,Women,Apparel,Topwear,Kurtis,Off White,Fall,2011,Ethnic,W Women Floral Print Off White Kurti
17924,Men,Apparel,Bottomwear,Track Pants,Navy Blue,Fall,2011,Sports,Nike Men Casual Navy Blue Track Pant
53866,Women,Apparel,Topwear,Kurtis,Blue,Summer,2012,Ethnic,W Women Blue Kurti
30508,Women,Apparel,Innerwear,Bra,Black,Summer,2017,Casual,Lovable Women Spice Black Bra
15825,Men,Apparel,Innerwear,Innerwear Vests,Red,Summer,2016,Casual,Facit Men Sportz Red Innerwear Vest
15019,Men,Apparel,Topwear,Sweatshirts,Black,Fall,2011,Casual,ADIDAS Men Printed Black Sweatshirts
26835,Men,Apparel,Bottomwear,Trousers,Brown,Summer,2012,Casual,Highlander Men Brown Trousers
29041,Men,Apparel,Bottomwear,Track Pants,Navy Blue,Summer,2012,Sports,ADIDAS Men Navy Blue Track Pants
51369,Women,Apparel,Bottomwear,Capris,Blue,Summer,2012,Casual,Spykar Women Blue Capri
37947,Women,Apparel,Topwear,Tunics,Teal,Summer,2012,Casual,Mineral Women Teal Tunic
16233,Men,Apparel,Topwear,Sweatshirts,Grey,Fall,2011,Casual,Puma Men Ess Crew Grey Sweatshirt
54086,Women,Apparel,Topwear,Kurtis,Pink,Summer,2012,Ethnic,Mumbai Slang Women Pink Kurti
41766,Women,Apparel,Topwear,Tunics,Peach,Summer,2012,Casual,Remanika Women Peach Tunic
52371,Women,Apparel,Loungewear and Nightwear,Nightdress,Blue,Winter,2015,Casual,Red Rose Women Blue Nightdress
15684,Men,Apparel,Bottomwear,Trousers,Brown,Fall,2011,Casual,Highlander Men Classic Chinos Brown Trousers
16001,Men,Apparel,Topwear,Sweaters,Blue,Fall,2011,Casual,Turtle Solid Men Blue Sweaters
13573,Men,Apparel,Innerwear,Innerwear Vests,White,Summer,2016,Casual,Hanes Men Square Vest Neck White Innerwear Vests
9994,Women,Apparel,Bottomwear,Skirts,Blue,Summer,2011,Casual,Gini And Jony Girls Ac Arnia Skt Blue Skirts
8846,Men,Apparel,Bottomwear,Trousers,Cream,Summer,2011,Casual,Scullers Men Scul Cream Trousers
50042,Women,Apparel,Innerwear,Bra,Beige,Winter,2015,Casual,Hanes Women Beige Concealing Petals Underwire Moulded Bra
49953,Men,Apparel,Loungewear and Nightwear,Lounge Pants,Grey,Summer,2016,Casual,Hanes Men Grey Knitted Lounge Pants
22462,Women,Apparel,Bottomwear,Leggings,Mustard,Fall,2011,Casual,Myntra Women Mustard Leggings
36250,Men,Apparel,Loungewear and Nightwear,Night suits,Navy Blue,Summer,2016,Casual,SDL by Sweet Dreams Men Navy Blue Pyjama Set
15026,Women,Apparel,Topwear,Sweatshirts,Purple,Fall,2011,Casual,ADIDAS Women Solid Purple Sweatshirts
1567,Men,Apparel,Bottomwear,Shorts,Black,Fall,2010,Sports,Artengo Men Training Shorts
41792,Women,Apparel,Topwear,Tunics,Black,Summer,2012,Casual,Remanika Women Black Tunic
32260,Women,Apparel,Topwear,Kurtis,Beige,Summer,2012,Ethnic,Fabindia Women Printed Beige Kurtis
4829,Men,Apparel,Bottomwear,Track Pants,Black,Summer,2011,Sports,ADIDAS Men's Black White Track Pant
52385,Women,Apparel,Loungewear and Nightwear,Nightdress,Pink,Winter,2015,Casual,Red Rose Women Pink Nightdress
38568,Men,Apparel,Bottomwear,Shorts,Black,Summer,2012,Casual,Nike Men Black Running Shorts
37520,Boys,Apparel,Bottomwear,Shorts,Yellow,Summer,2012,Casual,Madagascar3 Infant Boys Lemon Yellow Shorts
45100,Women,Apparel,Innerwear,Bra,Pink,Summer,2016,Casual,Bw!tch Pink Rose Alba Bra
47657,Women,Apparel,Bottomwear,Skirts,Cream,Summer,2012,Casual,Femella Women Grey Printed Skirt
13587,Men,Apparel,Innerwear,Innerwear Vests,Grey,Summer,2016,Casual,Hanes Men Half Sleeve Crew Pack of 3 Grey Innerwear T-shirts
21153,Men,Apparel,Topwear,Sweatshirts,Grey,Fall,2011,Casual,s.Oliver Men Printed Grey Sweatshirt
13091,Men,Apparel,Topwear,Sweatshirts,Grey,Fall,2011,Casual,ADIDAS Men Cr_Ess 3sfzhood Grey Sweatshirts
26144,Men,Apparel,Bottomwear,Trousers,Black,Summer,2012,Formal,John Miller Men Striped Black Trousers
51016,Women,Apparel,Innerwear,Bra,Lavender,Summer,2017,Casual,Enamor Lupine Coloured Smooth Bra
53741,Women,Apparel,Bottomwear,Track Pants,Black,Summer,2012,Casual,ADIDAS Women Black Track Pant
14086,Men,Apparel,Topwear,Sweaters,Grey,Fall,2011,Casual,Flying Machine Men Checks Grey Sweaters
56233,Men,Apparel,Loungewear and Nightwear,Night suits,Grey Melange,Summer,2016,Casual,SDL by Sweet Dreams Men Grey & Black Pyjama Set
52455,Women,Apparel,Loungewear and Nightwear,Nightdress,White,Winter,2015,Casual,Red Rose White Printed Nightdress
39158,Women,Apparel,Topwear,Kurtis,Purple,Summer,2012,Ethnic,Aneri Women Purple Kurti
40190,Women,Apparel,Topwear,Kurtis,Grey,Summer,2012,Ethnic,Mumbai Slang Women Grey Kurti
26382,Men,Apparel,Bottomwear,Trousers,Brown,Summer,2012,Formal,Turtle Men Check Brown Trousers
13257,Women,Apparel,Bottomwear,Capris,Purple,Fall,2011,Casual,Palm Tree Kids Girls Solid Purple Capris
51486,Men,Apparel,Bottomwear,Trousers,Brown,Summer,2012,Casual,Denizen Men Brown Trousers
50554,Men,Apparel,Innerwear,Innerwear Vests,Grey Melange,Summer,2016,Casual,Chromozome Men Grey Melange Innerwear T-shirt
45086,Women,Apparel,Loungewear and Nightwear,Night suits,Pink,Winter,2015,Casual,Bwitch Pink Orchid Pyjama Set
41426,Men,Apparel,Bottomwear,Trousers,Khaki,Summer,2012,Casual,Highlander Men Khaki Trousers
51815,Women,Apparel,Innerwear,Bra,Black,Summer,2016,Casual,Bwitch Black Bra
51029,Women,Apparel,Innerwear,Bra,Pink,Summer,2017,Casual,Enamor Rose Coloured Bra
59076,Women,Apparel,Innerwear,Bra,Skin,Summer,2017,Casual,Peri Peri Women Skin Bra
24846,Men,Apparel,Topwear,Jackets,Grey,Summer,2015,Casual,Wildcraft Men Grey Wind Cheater Jacket
4990,Women,Apparel,Bottomwear,Shorts,White,Summer,2011,Casual,Gini and Jony Girl's Scotia White Purple Kidswear
39731,Women,Apparel,Bottomwear,Skirts,Grey,Summer,2012,Formal,Arrow Woman Grey Skirt
8761,Women,Apparel,Bottomwear,Track Pants,Grey,Fall,2011,Sports,Puma Women's Script 3/4 Grey Track Pant
19336,Men,Apparel,Topwear,Jackets,Grey,Fall,2011,Casual,United Colors of Benetton Men Solid Grey Jacket
55825,Women,Apparel,Loungewear and Nightwear,Nightdress,Black,Summer,2017,Casual,SDL by Sweet Dreams Women Black Nightdress
18680,Men,Apparel,Innerwear,Trunk,Grey,Summer,2016,Casual,Hanes Men Grey Retro Boxer Trunks
28015,Men,Apparel,Innerwear,Trunk,Red,Winter,2016,Casual,Jockey ZONE STRETCH Men Zone Stretch Red Trunks US20
6891,Women,Apparel,Topwear,Jackets,Black,Summer,2011,Casual,Forever New Women Long Black Jacket
59082,Women,Apparel,Innerwear,Bra,Maroon,Summer,2017,Casual,Peri Peri Women Maroon Bra
57924,Women,Apparel,Bottomwear,Leggings,Red,Fall,2012,Casual,Femella Women Red Leggings
31564,Men,Apparel,Bottomwear,Trousers,Charcoal,Summer,2012,Formal,Mark Taylor Men Striped Charcoal Trousers
13634,Women,Apparel,Loungewear and Nightwear,Lounge Pants,White,Winter,2015,Casual,Hanes Women White Lounge Pants
27401,Women,Apparel,Innerwear,Bra,White,Summer,2018,Casual,Jockey White Solid Non-Wired Non-Padded Cross Over Bra 1242-0105
50553,Men,Apparel,Innerwear,Innerwear Vests,Grey,Summer,2016,Casual,Chromozome Men Grey Innerwear Vest
43520,Women,Apparel,Bottomwear,Skirts,Navy Blue,Summer,2012,Formal,French Connection Women Navy Blue Skirt
13250,Men,Apparel,Bottomwear,Trousers,Beige,Fall,2011,Casual,Palm Tree Kids Boy Solid Beige Trousers
57312,Women,Apparel,Innerwear,Bra,Nude,Winter,2015,Casual,Amante Nude-Coloured Full-Coverage Bra BCFN02
52452,Women,Apparel,Loungewear and Nightwear,Nightdress,Red,Winter,2015,Casual,Red Rose Red Nightdress
40197,Women,Apparel,Topwear,Kurtis,Peach,Summer,2012,Ethnic,Mumbai Slang Women Peach Kurti
54563,Women,Apparel,Topwear,Tunics,White,Summer,2012,Casual,Global Desi Women White Printed Tunic
26143,Men,Apparel,Bottomwear,Trousers,Charcoal,Summer,2012,Formal,John Miller Men Charcoal Trousers
51011,Women,Apparel,Innerwear,Bra,Lavender,Summer,2017,Casual,Enamor Lavender Reveal Bra
14081,Men,Apparel,Topwear,Sweaters,Green,Fall,2011,Casual,Flying Machine Men Solid Green Sweaters
56234,Men,Apparel,Loungewear and Nightwear,Night suits,Black,Summer,2016,Casual,SDL by Sweet Dreams Men Black & Grey Pyjama Set
24614,Men,Apparel,Bottomwear,Shorts,Grey,Fall,2011,Sports,Proline Grey Shorts
45075,Women,Apparel,Innerwear,Bra,Blue,Winter,2015,Casual,Bwitch Blue & Black Flair Bra
15705,Men,Apparel,Bottomwear,Track Pants,Black,Fall,2011,Sports,Nike Men Tennis Black Track Pants
1620,Men,Apparel,Bottomwear,Shorts,Blue,Fall,2010,Sports,Reebok Men Micro Shorts
56650,Women,Apparel,Topwear,Kurtis,Purple,Fall,2012,Ethnic,Mumbai Slang Women Purple Kurti
6896,Women,Apparel,Bottomwear,Trousers,Black,Summer,2011,Casual,Forever New Women Black Trouser
7178,Women,Apparel,Bottomwear,Track Pants,Blue,Fall,2011,Casual,Jealous 21 Women Medium Dark Blue Jegging
57923,Women,Apparel,Bottomwear,Leggings,Navy Blue,Fall,2012,Casual,Femella Women Navy Blue Leggings
32588,Women,Apparel,Bottomwear,Shorts,Brown,Summer,2012,Casual,Only Women Brown Shorts
28012,Men,Apparel,Innerwear,Trunk,Black,Winter,2016,Casual,Jockey ZONE STRETCH Men Black Trunks US20
25369,Men,Apparel,Innerwear,Innerwear Vests,Green,Summer,2016,Casual,Levis Men Green Innerwear Vest
19331,Women,Apparel,Topwear,Jackets,Navy Blue,Fall,2011,Casual,United Colors of Benetton Women Solid Navy Blue Jacket
55822,Women,Apparel,Loungewear and Nightwear,Night suits,White,Summer,2017,Casual,SDL by Sweet Dreams Women White & Pink Printed Night Suit S11-3231
16379,Men,Apparel,Bottomwear,Trousers,Black,Fall,2011,Formal,Peter England Men Solid Black Trouser
24089,Men,Apparel,Topwear,Sweatshirts,Navy Blue,Fall,2011,Casual,Manchester United Men Navy Blue Sweatshirt
6862,Women,Apparel,Bottomwear,Skirts,Pink,Summer,2011,Casual,Forever New Women's Peach Pink Skirt
59071,Women,Apparel,Innerwear,Bra,White,Summer,2017,Casual,Peri Peri Women White Bra
51812,Women,Apparel,Loungewear and Nightwear,Nightdress,Blue,Summer,2016,Casual,Bwitch Blue Nightdress
57324,Women,Apparel,Innerwear,Bra,Black,Winter,2015,Casual,Amante Black Push-Up Bra BCLH01
8905,Men,Apparel,Bottomwear,Trousers,Brown,Fall,2011,Formal,Indigo Nation Men Textura Brown Trousers
52464,Women,Apparel,Loungewear and Nightwear,Nightdress,Red,Winter,2015,Casual,Red Rose Red & Black Nightdress
27605,Men,Apparel,Bottomwear,Trousers,Black,Summer,2012,Casual,Scullers Men Black Trousers
41625,Men,Apparel,Bottomwear,Trousers,Black,Summer,2012,Formal,Mark Taylor Men Black Trousers
25360,Men,Apparel,Innerwear,Trunk,Black,Summer,2016,Casual,Levis Men Black & Blue Trunks
2255,Men,Apparel,Bottomwear,Track Pants,Brown,Fall,2010,Sports,ADIDAS Men Brown Track Pant
30480,Women,Apparel,Innerwear,Bra,Pink,Summer,2014,Casual,Lovable Women Tease Pink Bra
13602,Men,Apparel,Innerwear,Innerwear Vests,White,Summer,2016,Casual,Hanes Men Half Sleeve Crew Pack of 3 White Innerwear T-shirts
19338,Men,Apparel,Topwear,Jackets,Black,Fall,2011,Casual,United Colors of Benetton Men Solid Black Jacket
46400,Men,Apparel,Bottomwear,Shorts,Grey Melange,Summer,2012,Casual,ADIDAS Men Grey Shorts
16370,Men,Apparel,Bottomwear,Trousers,Grey,Fall,2011,Formal,Peter England Men Solid Grey Trouser
17858,Men,Apparel,Innerwear,Trunk,Maroon,Summer,2016,Casual,Levis Men Boxer Maroon Trunks
25394,Men,Apparel,Innerwear,Innerwear Vests,White,Summer,2016,Casual,Levis Men White Innerwear T-shirt
30474,Women,Apparel,Innerwear,Bra,White,Summer,2014,Casual,Lovable Women All Day Long White Bra
42430,Women,Apparel,Topwear,Kurtis,Blue,Summer,2012,Ethnic,Aurelia Women Blue Kurta
51027,Women,Apparel,Innerwear,Bra,Brown,Summer,2017,Casual,Enamor Brown Smooth Bra
14285,Men,Apparel,Bottomwear,Trousers,Brown,Fall,2011,Formal,Belmonte Men Stripe Trouser Brown Trousers
21162,Women,Apparel,Topwear,Sweaters,Pink,Fall,2011,Casual,s.Oliver Women Solid Pink Sweater
40155,Boys,Apparel,Bottomwear,Shorts,White,Summer,2012,Casual,Gini and Jony Boys Beach White Shorts
27408,Women,Apparel,Bottomwear,Capris,Grey Melange,Summer,2018,Casual,Jockey Women Grey Melange Knit Capris 1300
55814,Women,Apparel,Loungewear and Nightwear,Night suits,Purple,Summer,2017,Casual,SDL by Sweet Dreams Women Pink & Purple Printed Night Suit S11-3225
45088,Women,Apparel,Innerwear,Bra,Peach,Winter,2015,Casual,Bwitch Peach Precious Bra
39532,Women,Apparel,Innerwear,Bra,White,Winter,2015,Casual,Bwitch White Bra
17893,Men,Apparel,Innerwear,Innerwear Vests,Black,Summer,2016,Casual,Levis Men Cruiser Black Innerwest Vest
22348,Men,Apparel,Topwear,Sweaters,Grey,Fall,2011,Casual,John Players Men Solid Grey Sweater
19551,Men,Apparel,Topwear,Sweatshirts,Blue,Summer,2011,Casual,United Colors of Benetton Men Solid Blue SweatShirt
26982,Women,Apparel,Bottomwear,Capris,Beige,Summer,2012,Casual,Jealous 21 Women Beige Capris
31935,Women,Apparel,Topwear,Tunics,Green,Summer,2012,Ethnic,Mumbai Slang Women Printed Green Tunic
33498,Men,Apparel,Bottomwear,Shorts,Blue,Summer,2012,Casual,Doodle Kids Boy Printed Blue Shorts
27098,Women,Apparel,Topwear,Kurtis,Green,Summer,2012,Ethnic,Aneri Women Joy Green Kurti
51018,Women,Apparel,Innerwear,Bra,Black,Summer,2017,Casual,Enamor Black Bra
30813,Women,Apparel,Bottomwear,Leggings,White,Summer,2012,Casual,Fabindia Women White Leggings
15966,Men,Apparel,Topwear,Jackets,Grey,Fall,2011,Casual,Turtle Solid Men Grey Jacket
7182,Women,Apparel,Bottomwear,Track Pants,Blue,Fall,2011,Casual,Jealous 21 Women Dark Blue Jegging
41080,Women,Apparel,Bottomwear,Capris,Blue,Summer,2013,Casual,Allen Solly Woman Blue Capri
51020,Women,Apparel,Innerwear,Bra,Peach,Summer,2017,Casual,Enamor Lantana Coloured Bra
25393,Men,Apparel,Innerwear,Innerwear Vests,White,Summer,2016,Casual,Levis Men White Innerwear T-shirt
30473,Women,Apparel,Innerwear,Bra,Beige,Summer,2014,Casual,Lovable Women All Day Long Beige Bra
1611,Women,Apparel,Topwear,Jackets,Black,Summer,2010,Sports,Reebok Knit Rib Women Black Jacket
25367,Men,Apparel,Innerwear,Innerwear Vests,Maroon,Summer,2016,Casual,Levis Men Maroon Innerwear T-shirt
13605,Men,Apparel,Innerwear,Innerwear Vests,White,Summer,2016,Casual,Hanes Men Sleeveless Crew White Innerwear T-shirt
30487,Women,Apparel,Innerwear,Bra,Black,Summer,2014,Casual,Lovable Women Encircle Black Bra
28478,Women,Apparel,Topwear,Tunics,Red,Summer,2012,Casual,Urban Yoga Women Printed Red Tunic
27602,Men,Apparel,Bottomwear,Trousers,Black,Summer,2012,Casual,Scullers Men Black Trousers
22370,Men,Apparel,Bottomwear,Trousers,Olive,Fall,2011,Casual,Highlander Men Solid Olive Trouser
52007,Women,Apparel,Loungewear and Nightwear,Nightdress,Purple,Summer,2012,Casual,Inaya Women Purple Nightdress
6898,Women,Apparel,Bottomwear,Skirts,Cream,Summer,2011,Casual,Forever New Women's Formal Cream Skirt
46251,Women,Apparel,Topwear,Tunics,Mustard,Summer,2012,Casual,Fusion Beats Women Mustard Printed Tunic
52463,Women,Apparel,Loungewear and Nightwear,Nightdress,Grey,Winter,2015,Casual,Red Rose Grey & Black Nightdress
32586,Women,Apparel,Bottomwear,Trousers,Brown,Summer,2012,Casual,ONLY Women Brown Trousers
57323,Women,Apparel,Innerwear,Bra,Cream,Winter,2015,Casual,Amante Cream-Coloured Full-Coverage Lace Bra BCFR11
17860,Men,Apparel,Innerwear,Trunk,Green,Summer,2016,Casual,Levis Men Boxer Green Trunks
4952,Men,Apparel,Bottomwear,Shorts,Black,Summer,2011,Casual,Gini and Jony Boy's Kimon Black Bermuda Infant Kidswear
30814,Women,Apparel,Bottomwear,Leggings,Purple,Summer,2012,Ethnic,Fabindia Women Purple Leggings
53748,Women,Apparel,Bottomwear,Track Pants,Grey,Fall,2012,Casual,ADIDAS Women Grey Track Pants
39535,Women,Apparel,Innerwear,Bra,White,Summer,2016,Casual,Bwitch White & Red Rosemary Bra
17894,Men,Apparel,Innerwear,Innerwear Vests,Red,Summer,2016,Casual,Levis Men Pack of 3 Innerwear Vest
49642,Women,Apparel,Topwear,Tunics,Cream,Summer,2012,Casual,Mineral Women Cream Tunic
55813,Women,Apparel,Loungewear and Nightwear,Night suits,Cream,Summer,2017,Casual,SDL by Sweet Dreams Women Cream & Grey Printed Night Suit S11-3225
4906,Women,Apparel,Bottomwear,Capris,Blue,Summer,2011,Casual,Palm Tree Girl's Belen Pedal Pusher Kidswear
12748,Men,Apparel,Bottomwear,Trousers,Black,Fall,2011,Casual,Timberland Men Solid Black Trousers
3911,Women,Apparel,Bottomwear,Capris,Navy Blue,Summer,2011,Casual,Urban Yoga Women Yoga Navy Capri
15109,Men,Apparel,Bottomwear,Trousers,Black,Fall,2011,Formal,Arrow Men Autoflex Black Trousers
52408,Women,Apparel,Loungewear and Nightwear,Nightdress,Maroon,Winter,2015,Casual,Red Rose Women Maroon Nightdress
57348,Women,Apparel,Innerwear,Bra,Black,Winter,2015,Casual,Amante Black Push-Up Bra BGMW01
39337,Girls,Apparel,Bottomwear,Capris,Pink,Summer,2012,Casual,Gini & Jony Girls Pink Pedal Pusher
28077,Men,Apparel,Innerwear,Trunk,Olive,Summer,2016,Casual,Jockey MC Men Olive Midway Classic Trunks 1101
46834,Girls,Apparel,Bottomwear,Capris,Blue,Fall,2012,Casual,Gini and Jony Girls Blue Capris
39753,Boys,Apparel,Bottomwear,Trousers,Khaki,Summer,2012,Casual,Gini Jony Boys Khaki Trousers
15599,Men,Apparel,Topwear,Sweatshirts,Black,Fall,2011,Casual,Nike Men Casual Black Sweatshirts
25902,Women,Apparel,Bottomwear,Leggings,Grey,Summer,2012,Casual,Femella Women Grey Skinny Leggings
56251,Men,Apparel,Loungewear and Nightwear,Night suits,Blue,Summer,2016,Casual,SDL by Sweet Dreams Men Grey & Blue Pyjama Set
26314,Men,Apparel,Bottomwear,Track Pants,Black,Summer,2012,Sports,Proline Men Black Track Pants
15760,Men,Apparel,Innerwear,Innerwear Vests,Orange,Summer,2016,Casual,Facit Men Square Neck Orange Innerwear Vest
30615,Men,Apparel,Topwear,Jackets,Black,Summer,2012,Sports,Nike Men Black Jacket
40596,Women,Apparel,Topwear,Kurtis,Brown,Summer,2012,Ethnic,Aurelia Women Brown Kurtis
19965,Men,Apparel,Topwear,Sweaters,Black,Fall,2011,Casual,United Colors Of Benetton Men Black Sweater
43313,Women,Apparel,Topwear,Sweaters,Blue,Summer,2012,Casual,United Colors of Benetton Women Blue Sweater
59689,Women,Apparel,Innerwear,Bra,Pink,Summer,2014,Casual,Avirate Pink & Black Bra
20225,Women,Apparel,Topwear,Sweaters,Red,Fall,2011,Casual,Wrangler Women Felt Red Sweater
52437,Women,Apparel,Loungewear and Nightwear,Nightdress,Lavender,Winter,2015,Casual,Red Rose Women Lavender Nightdress
28626,Men,Apparel,Bottomwear,Track Pants,Off White,Summer,2012,Sports,Nike Men Classic Fresher Off White Track Pants
34279,Women,Apparel,Topwear,Dupatta,Orange,Summer,2012,Ethnic,Fabindia Women Kota Silk Tepchi Orange Dupatta
16915,Men,Apparel,Topwear,Sweaters,Black,Fall,2011,Casual,Spykar Men Black Sweater
21599,Men,Apparel,Bottomwear,Trousers,Black,Summer,2011,Formal,Indigo Nation Men Solid Black Trousers
25905,Women,Apparel,Bottomwear,Leggings,Blue,Summer,2012,Casual,Femella Women Blue Skinny Leggings
39754,Boys,Apparel,Topwear,Jackets,Red,Summer,2012,Casual,Gini Jony Boys Printed Red Jacket
13669,Men,Apparel,Bottomwear,Trousers,Black,Fall,2011,Formal,Genesis Men Black Solid Trouser
39330,Girls,Apparel,Bottomwear,Skirts,White,Summer,2012,Casual,Gini & Jony Girls White Skirt
28070,Men,Apparel,Innerwear,Trunk,Red,Summer,2016,Casual,Jockey ELANCE Mens Red Trunks 1015
13803,Men,Apparel,Topwear,Sweaters,Navy Blue,Fall,2011,Casual,Proline Blue Patterned Sleeveless Sweater
9080,Men,Apparel,Bottomwear,Track Pants,Grey,Fall,2011,Sports,ADIDAS Men Adna Revpt Grey Trackpant
56269,Men,Apparel,Loungewear and Nightwear,Night suits,Maroon,Summer,2016,Casual,SDL by Sweet Dreams Men Maroon Pyjama Set
43589,Girls,Apparel,Bottomwear,Capris,Pink,Summer,2012,Casual,Gini and Jony Girls Fixed Weast Pink Capris
57189,Women,Apparel,Topwear,Tunics,Pink,Summer,2012,Casual,Elle Women Pink Tunic
15758,Men,Apparel,Innerwear,Innerwear Vests,Black,Summer,2016,Casual,Facit Men Fitness Black Innerwear Vest
52430,Women,Apparel,Loungewear and Nightwear,Nightdress,Black,Winter,2015,Casual,Red Rose Black & White Nightdress
8951,Men,Apparel,Bottomwear,Trousers,Black,Fall,2011,Casual,Indigo Nation Men ID Yarn Dyed Black Trousers
50969,Women,Apparel,Innerwear,Bra,Maroon,Summer,2017,Casual,Enamor Women Plum Bra
20222,Women,Apparel,Topwear,Sweaters,Grey,Fall,2011,Casual,Wrangler Women Scoop Grey Sweater
19962,Men,Apparel,Topwear,Sweaters,Grey,Fall,2011,Casual,United Colors of Benetton Men Check Grey Sweater
22323,Men,Apparel,Topwear,Jackets,Red,Summer,2015,Casual,Wildcraft Men Solid Red Wind Cheater
43314,Women,Apparel,Topwear,Sweaters,Yellow,Summer,2012,Casual,United Colors of Benetton Women Yellow Sweater
15555,Men,Apparel,Topwear,Sweaters,Grey,Fall,2011,Casual,Spykar Men Stripes Grey Sweaters
15767,Men,Apparel,Innerwear,Innerwear Vests,Grey,Summer,2016,Casual,Facit Men Grey Innerwear Vest
21136,Women,Apparel,Topwear,Sweaters,Navy Blue,Fall,2011,Casual,s.Oliver Women Stripes Navy Blue Sweater
9877,Men,Apparel,Bottomwear,Trousers,Black,Fall,2011,Casual,Indigo Nation Men Pv Plan Mix & Max Black Trousers
22581,Women,Apparel,Topwear,Sweatshirts,Purple,Fall,2011,Sports,Nike Women Solid Purple Sweatshirt
56256,Men,Apparel,Loungewear and Nightwear,Night suits,White,Summer,2016,Casual,SDL by Sweet Dreams Men White & Blue Pyjama Set
52439,Women,Apparel,Loungewear and Nightwear,Nightdress,Blue,Winter,2015,Casual,Red Rose Women Blue Nightdress
13835,Men,Apparel,Topwear,Jackets,Black,Summer,2012,Sports,Nike Men Solid Black Jackets
48391,Men,Apparel,Bottomwear,Trousers,Grey,Summer,2012,Casual,French Connection Men Grey Trousers
19533,Men,Apparel,Topwear,Sweaters,Navy Blue,Fall,2011,Casual,United Colors of Benetton Men Solid Navy Blue Sweater
40598,Women,Apparel,Topwear,Kurtis,Pink,Summer,2012,Ethnic,Aurelia Women Pink Kurti
39762,Women,Apparel,Bottomwear,Trousers,Charcoal,Summer,2012,Formal,Arrow Woman Grey Trousers
3920,Men,Apparel,Bottomwear,Track Pants,Beige,Summer,2011,Casual,Urban Yoga Men's Yoga Beige Track Pant
18627,Men,Apparel,Topwear,Sweaters,Red,Fall,2011,Casual,Puma Men Striped Full Zip Red Sweaters
50994,Women,Apparel,Innerwear,Bra,Black,Summer,2017,Casual,Enamor Black Smooth Bra
40108,Men,Apparel,Bottomwear,Track Pants,Black,Summer,2012,Casual,ADIDAS Men Black Pants
23668,Men,Apparel,Topwear,Sweaters,Black,Fall,2011,Casual,Spykar Men Black Sweaters
27455,Women,Apparel,Innerwear,Bra,Nude,Winter,2015,Casual,Jockey Nude-Coloured Full-Coverage Bra 1616
19954,Men,Apparel,Topwear,Sweaters,Red,Fall,2011,Casual,United Colors of Benetton Men Red Sweater
22315,Men,Apparel,Topwear,Jackets,Black,Summer,2012,Casual,Wildcraft Men Light Quilt Black Jacket
34270,Women,Apparel,Topwear,Dupatta,Off White,Summer,2012,Ethnic,Fabindia Women Printed Off White Dupatta
29399,Men,Apparel,Bottomwear,Trousers,Grey,Summer,2012,Formal,Genesis Men Grey Trousers
52406,Women,Apparel,Loungewear and Nightwear,Nightdress,Red,Winter,2015,Casual,Red Rose Women Red Nightdress
56294,Women,Apparel,Innerwear,Bra,Rose,Summer,2017,Casual,Biara Women Rose  Bra
57346,Women,Apparel,Innerwear,Bra,White,Winter,2015,Casual,Amante White Bra-BGEC01
20214,Women,Apparel,Topwear,Sweatshirts,Blue,Fall,2011,Casual,Wrangler Women American Blue Sweatshirt
12110,Women,Apparel,Topwear,Kurtis,Cream,Fall,2011,Ethnic,W Women Printed Cream Kurtis
57180,Women,Apparel,Topwear,Tunics,Blue,Summer,2012,Casual,Elle Women Blue Denim Tunic
53520,Women,Apparel,Innerwear,Bra,Black,Winter,2015,Casual,Amante Black Full-Coverage Lace Bra BGBR11
56260,Men,Apparel,Loungewear and Nightwear,Night suits,Black,Summer,2016,Casual,SDL by Sweet Dreams Men Black Pyjama Set
10011,Men,Apparel,Bottomwear,Track Pants,Grey Melange,Summer,2012,Sports,Nike Men Grey Melange Track Pants
35958,Women,Apparel,Bottomwear,Skirts,Black,Summer,2012,Casual,Flying Machine Women Viscose Black Skirt
51613,Women,Apparel,Bottomwear,Leggings,Blue,Fall,2012,Casual,Kraus Jeans Women Blue Leggings
34284,Women,Apparel,Topwear,Dupatta,Blue,Summer,2012,Ethnic,Fabindia Women Blue Dupatta
15751,Men,Apparel,Innerwear,Innerwear Vests,Yellow,Summer,2016,Casual,Facit Men Square Neck Yellow Innerwear Vest
50993,Women,Apparel,Loungewear and Nightwear,Nightdress,Taupe,Summer,2017,Casual,Enamor Women Taupe Nightdress
56258,Men,Apparel,Loungewear and Nightwear,Night suits,Blue,Summer,2016,Casual,SDL by Sweet Dreams Men Blue & Black Pyjama Set
23039,Men,Apparel,Bottomwear,Trousers,Beige,Summer,2011,Casual,Arrow Men Beige Solid Trousers
10029,Women,Apparel,Topwear,Sweatshirts,Navy Blue,Fall,2011,Sports,Nike Women As Script Mas Navy Blue Sweatshirts
4930,Women,Apparel,Bottomwear,Skirts,Blue,Summer,2011,Casual,Gini and Jony Girl's Vanida Blue Dungree Infant Kidswear
35994,Women,Apparel,Bottomwear,Capris,Blue,Summer,2012,Casual,Flying Machine Women Washed Blue Capris
39133,Women,Apparel,Bottomwear,Leggings,Blue,Fall,2012,Casual,Aneri Women Blue Leggings
45489,Men,Apparel,Bottomwear,Track Pants,Navy Blue,Fall,2012,Casual,Fila Men Navy Blue Track Pants
19534,Men,Apparel,Topwear,Sweaters,Blue,Summer,2011,Casual,United Colors of Benetton Men Solid Blue Sweater
50967,Women,Apparel,Innerwear,Bra,Red,Summer,2018,Casual,Enamor Glitzies Red Lift Bra DB05
3918,Men,Apparel,Bottomwear,Track Pants,Grey,Summer,2011,Casual,Urban Yoga Men Grey  Bottom Yoga Pants
51614,Women,Apparel,Bottomwear,Leggings,White,Fall,2012,Casual,Kraus Jeans Women White Leggings
34283,Women,Apparel,Topwear,Dupatta,Red,Summer,2012,Ethnic,Fabindia Women Red Dupatta
15756,Men,Apparel,Innerwear,Innerwear Vests,White,Summer,2016,Casual,Facit Men Regular White Innerwear Vest
56267,Men,Apparel,Loungewear and Nightwear,Night suits,Navy Blue,Summer,2016,Casual,SDL by Sweet Dreams Men Grey & Blue Pyjama Set
57187,Women,Apparel,Topwear,Tunics,Purple,Summer,2012,Casual,Elle Women Purple Tunic
15332,Men,Apparel,Bottomwear,Track Pants,Off White,Fall,2011,Sports,Nike Men Solid Off-White Track Pants
56293,Women,Apparel,Innerwear,Bra,Purple,Summer,2017,Casual,Biara Women Purple  Bra
11554,Women,Apparel,Topwear,Kurtis,Pink,Summer,2011,Ethnic,W Women Printed Pink Kurtis
20213,Women,Apparel,Topwear,Sweatshirts,Brown,Fall,2011,Casual,Wrangler Women American Brown Sweatshirt
52401,Women,Apparel,Loungewear and Nightwear,Nightdress,Blue,Winter,2015,Casual,Red Rose Women Blue Nightdress
22312,Men,Apparel,Topwear,Jackets,Black,Summer,2015,Casual,Wildcraft Men Solid Black Jacket
19953,Men,Apparel,Topwear,Sweaters,Black,Fall,2011,Casual,United Colors of Benetton Men Solid Black Sweater
34277,Women,Apparel,Topwear,Dupatta,Off White,Summer,2012,Ethnic,Fabindia Women Kota Tepchi Off White Dupatta
5015,Women,Apparel,Bottomwear,Capris,White,Summer,2016,Casual,Levis Kids Girls Alicia White Capris
50500,Men,Apparel,Innerwear,Innerwear Vests,White,Summer,2016,Casual,Chromozome Men White Innerwear Vest
27452,Women,Apparel,Innerwear,Bra,White,Summer,2018,Casual,Jockey Essence White Solid Non-Wired Non-Padded Slim FIt Bra 1615
25366,Men,Apparel,Innerwear,Innerwear Vests,Green,Summer,2016,Casual,Levis Men Green Innerwear T-shirt
30486,Women,Apparel,Innerwear,Bra,White,Summer,2012,Casual,Lovable Women Fiona White Bra
57322,Women,Apparel,Innerwear,Bra,Pink,Winter,2015,Casual,Amante Pink Full-Coverage Lace Bra BCFR11
46250,Women,Apparel,Topwear,Tunics,Blue,Summer,2012,Casual,Fusion Beats Women Blue Tunic
52462,Women,Apparel,Loungewear and Nightwear,Nightdress,Green,Winter,2015,Casual,Red Rose Green & Black Nightdress
51021,Women,Apparel,Innerwear,Bra,Maroon,Summer,2017,Casual,Enamor Wine Coloured Smooth Bra
15351,Women,Apparel,Bottomwear,Capris,Grey,Fall,2011,Sports,Nike Women Solid Grey Capris
54305,Women,Apparel,Innerwear,Bra,Grey Melange,Summer,2017,Casual,Garfield Women Grey Melange Striped Bra GFA12-004
1610,Women,Apparel,Topwear,Jackets,Navy Blue,Summer,2011,Casual,Reebok Navy Jacket
25392,Men,Apparel,Innerwear,Innerwear Vests,Navy Blue,Summer,2016,Casual,Levis Men Navy Blue Innerwear T-shirt
24240,Women,Apparel,Topwear,Kurtis,Purple,Fall,2011,Ethnic,La-Emotio Women Purple Kurti
30472,Women,Apparel,Innerwear,Bra,Black,Summer,2015,Casual,Lovable Black All Day Long Bra L0296
55812,Women,Apparel,Loungewear and Nightwear,Night suits,Green,Summer,2017,Casual,SDL by Sweet Dreams Women Green Printed Night Suit S11-3219
9684,Men,Apparel,Topwear,Sweatshirts,Grey,Fall,2011,Casual,ADIDAS Men Cress Logohood Grey Sweatshirts
39534,Women,Apparel,Innerwear,Bra,White,Summer,2016,Casual,Bwitch White Bra BW340-0002
17895,Men,Apparel,Innerwear,Innerwear Vests,White,Summer,2016,Casual,Levis Men Pack of 3 Innerwear Vest
17861,Men,Apparel,Innerwear,Trunk,Navy Blue,Summer,2016,Casual,Levis Men Boxer Navy Blue Trunks
13099,Men,Apparel,Topwear,Sweaters,Blue,Fall,2011,Casual,ADIDAS Men Stadium Fz Po Blue Sweaters
30815,Women,Apparel,Bottomwear,Leggings,Mustard,Summer,2012,Ethnic,Fabindia Women Mustard Leggings
53749,Women,Apparel,Bottomwear,Track Pants,Black,Summer,2012,Casual,ADIDAS Women Black Track Pant
25395,Men,Apparel,Innerwear,Innerwear Vests,White,Summer,2016,Casual,Levis Men White Innerwear T-shirt
30475,Women,Apparel,Innerwear,Bra,Black,Summer,2015,Casual,Lovable Women Encircle Black Bra
17859,Men,Apparel,Innerwear,Trunk,Black,Summer,2016,Casual,Levis Men Boxer Black Trunks
54302,Women,Apparel,Innerwear,Bra,Pink,Summer,2017,Casual,Garfield Women Pink & Red Bra
51026,Women,Apparel,Innerwear,Bra,Skin,Summer,2017,Casual,Enamor High Spirits Buff Bra HB65
54554,Women,Apparel,Topwear,Tunics,White,Summer,2012,Casual,Global Desi Women Purple & White Tunic
46257,Women,Apparel,Topwear,Tunics,Black,Summer,2012,Casual,Fusion Beats Women Black Tunic
32580,Women,Apparel,Topwear,Tunics,Blue,Summer,2012,Casual,ONLY Women Blue Printed Tunic
57325,Women,Apparel,Innerwear,Bra,Grey,Summer,2017,Casual,Amante Grey Push-Up Bra BCLH01
11530,Men,Apparel,Topwear,Sweatshirts,Green,Fall,2011,Casual,United Colors of Benetton Men Light Winter Green Sweatshirts
25361,Men,Apparel,Innerwear,Trunk,Black,Summer,2016,Casual,Levis Men Black & Green Trunks
33204,Women,Apparel,Topwear,Tunics,Grey,Summer,2012,Casual,Sepia Women Grey Tunic
46401,Men,Apparel,Topwear,Sweatshirts,Grey,Summer,2012,Casual,ADIDAS Men Grey Reversible Sweatshirt
19339,Men,Apparel,Topwear,Jackets,Black,Fall,2011,Casual,United Colors of Benetton Men Solid Black Jacket
7514,Women,Apparel,Bottomwear,Capris,Purple,Summer,2011,Sports,Nike Women Be Fast Purple Capri
51019,Women,Apparel,Innerwear,Bra,Beige,Summer,2017,Casual,Enamor Buff Coloured Reveal Bra
30812,Women,Apparel,Bottomwear,Leggings,Maroon,Summer,2012,Ethnic,Fabindia Women Maroon Leggings
51825,Women,Apparel,Innerwear,Bra,Black,Summer,2016,Casual,Bwitch  Black Bra
18644,Women,Apparel,Bottomwear,Track Pants,Red,Fall,2010,Sports,Puma Women Geranium Red Core Sweatpants
14089,Men,Apparel,Topwear,Sweaters,Black,Fall,2011,Casual,Flying Machine Men Solid Black Sweaters
39533,Women,Apparel,Innerwear,Bra,Black,Summer,2016,Casual,Bwitch Black Bra
45089,Women,Apparel,Innerwear,Bra,Brown,Winter,2015,Casual,Bwitch  Brown Ester Bra
58736,Women,Apparel,Bottomwear,Capris,Pink,Summer,2012,Casual,Puma Women Coral Capris
26983,Girls,Apparel,Bottomwear,Capris,Black,Summer,2012,Casual,Jealous 21 Girls Black Trousers
19550,Men,Apparel,Topwear,Sweatshirts,Black,Fall,2011,Casual,United Colors of Benetton Men Solid Black SweatShirt
51222,Women,Apparel,Topwear,Kurtis,Beige,Summer,2012,Casual,Satya Paul Women Beige Kurti
13097,Men,Apparel,Topwear,Sweaters,Red,Fall,2011,Casual,ADIDAS Men Knit Purple Sweaters
12145,Women,Apparel,Topwear,Kurtis,Blue,Fall,2011,Ethnic,Aurelia Women Blue Kurti
51010,Women,Apparel,Innerwear,Bra,Peach,Summer,2017,Casual,Enamor Camelia Coloured Reveal Bra
54562,Women,Apparel,Topwear,Tunics,Red,Summer,2012,Casual,Global Desi Women Red Printed Tunic
56235,Men,Apparel,Loungewear and Nightwear,Night suits,White,Summer,2016,Casual,SDL by Sweet Dreams Men White & Black Pyjama Set
53747,Men,Apparel,Bottomwear,Track Pants,Black,Summer,2012,Casual,ADIDAS Men Black Track Pant
14080,Men,Apparel,Topwear,Sweaters,Purple,Fall,2011,Casual,Flying Machine Men Stripes Purple Sweaters
50552,Men,Apparel,Innerwear,Innerwear Vests,Black,Winter,2016,Casual,Chromozome Men Black Innerwear  T-shirt
8758,Women,Apparel,Bottomwear,Capris,Black,Fall,2011,Sports,Puma Women Move Dance Black Capri
13635,Men,Apparel,Innerwear,Innerwear Vests,Red,Summer,2016,Casual,Hanes Men Red Premium Sleeveless Crew T-shirt
27400,Women,Apparel,Innerwear,Bra,Nude,Summer,2018,Casual,Jockey Essence Nude-Coloured Full-Coverage Cross Over Bra 1242
14622,Women,Apparel,Topwear,Sweatshirts,Black,Fall,2011,Casual,United Colors of Benetton Women Stripes Black Sweat Shirts
45080,Women,Apparel,Innerwear,Bra,Black,Winter,2015,Casual,Bwitch Black Bra RTV-BW238
40196,Women,Apparel,Topwear,Kurtis,Green,Summer,2012,Ethnic,Mumbai Slang Women Light Green Kurti
52453,Women,Apparel,Loungewear and Nightwear,Nightdress,Red,Winter,2015,Casual,Red Rose Red Nightdress
46261,Women,Apparel,Topwear,Tunics,Multi,Summer,2012,Casual,109F Women Multicoloured Printed Tunic
57313,Women,Apparel,Innerwear,Bra,White,Winter,2015,Casual,Amante White Full-Coverage Bra BCFN02
6863,Women,Apparel,Bottomwear,Capris,Black,Summer,2011,Ethnic,Forever New Women Length Legging Black Capri
59070,Women,Apparel,Innerwear,Bra,Black,Summer,2017,Casual,Peri Peri Women Black Bra
28013,Men,Apparel,Innerwear,Trunk,Charcoal,Winter,2016,Casual,Jockey ZONE STRETCH Men Charcoal Trunks US20
59084,Women,Apparel,Innerwear,Bra,White,Summer,2017,Casual,Peri Peri Women White Bra
57922,Women,Apparel,Bottomwear,Leggings,Purple,Summer,2010,Casual,Femella Women Purple Leggings
40995,Girls,Apparel,Bottomwear,Capris,Pink,Summer,2012,Casual,Gini and Jony Girls Woven Pink Pedal Pusher
25368,Men,Apparel,Innerwear,Innerwear Vests,Navy Blue,Summer,2016,Casual,Levis Men Navy Blue Innerwear T-Shirt
55823,Women,Apparel,Loungewear and Nightwear,Night suits,Pink,Summer,2017,Casual,SDL by Sweet Dreams Women Pink Printed Night Suit S11-3240
19330,Women,Apparel,Topwear,Jackets,Black,Fall,2011,Casual,United Colors of Benetton Women Solid Black Jacket
30488,Women,Apparel,Innerwear,Bra,White,Summer,2014,Casual,Lovable Women Encircle White Bra
16724,Men,Apparel,Topwear,Sweaters,Black,Fall,2011,Casual,Fila Men AbeII Black Sweater
43526,Women,Apparel,Bottomwear,Leggings,Navy Blue,Summer,2012,Casual,French Connection Women Navy Blue Leggings
52454,Women,Apparel,Loungewear and Nightwear,Nightdress,Magenta,Winter,2015,Casual,Red Rose Magenta Nightdress
7141,Women,Apparel,Topwear,Tunics,Gold,Fall,2011,Casual,Scullers For Her Women Lace Gold Black Tunics
46266,Women,Apparel,Topwear,Tunics,Blue,Summer,2012,Casual,109F Women Blue & Grey Printed Tunic
11357,Women,Apparel,Topwear,Sweatshirts,Black,Fall,2011,Casual,United Colors Of Benetton Women Light Winter Black Sweatshirts
50555,Men,Apparel,Innerwear,Innerwear Vests,White,Summer,2016,Casual,Chromozome Men White Innerwear T-shirt
27407,Women,Apparel,Bottomwear,Capris,Charcoal,Summer,2018,Casual,Jockey Women Charcoal Capris
51017,Women,Apparel,Innerwear,Bra,Navy Blue,Summer,2017,Casual,Enamor Eclipse Coloured Reveal Bra HB60
56232,Men,Apparel,Loungewear and Nightwear,Night suits,Blue,Summer,2016,Casual,SDL by Sweet Dreams Men Blue & Grey Pyjama Set
53740,Men,Apparel,Bottomwear,Track Pants,Grey,Summer,2012,Casual,ADIDAS Men Grey Track Pant
51225,Women,Apparel,Topwear,Tunics,Multi,Fall,2012,Casual,Satya Paul Women Multi Coloured Georgette Printed Tunic
55824,Women,Apparel,Loungewear and Nightwear,Night suits,White,Summer,2017,Casual,SDL by Sweet Dreams Women White & Purple Printed Night Suit S11-3240
19337,Men,Apparel,Topwear,Jackets,Black,Fall,2011,Casual,United Colors of Benetton Men Stripes Black Jacket
8760,Women,Apparel,Bottomwear,Track Pants,Black,Fall,2011,Sports,Puma  Essential Workout Track Pants
11368,Women,Apparel,Topwear,Jackets,Black,Fall,2011,Casual,United Colors Of Benetton Women Light Winter Black Jackets
25961,Women,Apparel,Topwear,Tunics,Black,Summer,2012,Casual,Femella Women Black Tunic
46259,Women,Apparel,Topwear,Tunics,Cream,Summer,2012,Casual,109F Women Cream-Coloured & Green Printed Tunic
59083,Women,Apparel,Innerwear,Bra,Black,Summer,2017,Casual,Peri Peri Women Black Bra
57925,Women,Apparel,Bottomwear,Leggings,Charcoal,Fall,2012,Casual,Femella Women Charcoal Leggings
28014,Men,Apparel,Innerwear,Trunk,Grey,Summer,2016,Casual,Jockey ZONE STRETCH Men Grey Trunks US20
18681,Men,Apparel,Innerwear,Trunk,Black,Summer,2016,Casual,Hanes Men Black Retro Boxer Trunks
6864,Women,Apparel,Bottomwear,Skirts,White,Summer,2011,Casual,Forever New Women's Printed White Skirt
59077,Women,Apparel,Innerwear,Bra,White,Summer,2017,Casual,Peri Peri Women White Bra
51028,Women,Apparel,Innerwear,Bra,Teal,Summer,2017,Casual,Enamor Teal Smooth Bra
17857,Men,Apparel,Innerwear,Trunk,Grey,Summer,2016,Casual,Levis Men Boxer Grey Trunks
16925,Men,Apparel,Topwear,Sweaters,Navy Blue,Fall,2011,Casual,Spykar Men Stripes Navy Blue Sweaters
50966,Women,Apparel,Innerwear,Bra,Navy Blue,Summer,2017,Casual,Enamor Navy Blue Smooth Bra
41814,Women,Apparel,Innerwear,Bra,Pink,Summer,2017,Casual,Enamor Women Pink Bra
39132,Women,Apparel,Bottomwear,Leggings,Purple,Fall,2012,Casual,Aneri Women Purple Leggings
19535,Men,Apparel,Topwear,Sweaters,Green,Summer,2011,Casual,United Colors of Benetton Men Solid Green Sweater
13833,Men,Apparel,Topwear,Sweatshirts,Black,Fall,2011,Casual,Puma Men Printed Black Sweatshirts
50992,Women,Apparel,Loungewear and Nightwear,Nightdress,Beige,Summer,2017,Casual,Enamor Women Beige Nightdress
40932,Girls,Apparel,Bottomwear,Leggings,Blue,Summer,2012,Casual,Gini and Jony Girls Happy Style Blue Leggings
52400,Women,Apparel,Loungewear and Nightwear,Nightdress,Pink,Winter,2015,Casual,Red Rose Women Pink Nightdress
20212,Women,Apparel,Topwear,Sweatshirts,Blue,Fall,2011,Casual,Wrangler Women Checkerd Blue Sweatshirt
56292,Women,Apparel,Innerwear,Bra,Rose,Summer,2017,Casual,Biara Women Rose Red Bra
57340,Women,Apparel,Innerwear,Bra,Green,Winter,2015,Casual,Amante Green Full-Coverage Lace Bra BGDC02
5014,Women,Apparel,Bottomwear,Capris,Navy Blue,Summer,2016,Casual,Levis Kids Girl's Blake Navy Blue Kidswear
27453,Women,Apparel,Innerwear,Bra,Pink,Winter,2015,Casual,Jockey Pink Full-Coverage Bra 1616
22313,Men,Apparel,Topwear,Jackets,Black,Summer,2015,Casual,Wildcraft Men Black Fleece Jacket
34276,Women,Apparel,Topwear,Dupatta,Olive,Summer,2012,Ethnic,Fabindia Women Olive Kota Tepchi Dupatta
10017,Women,Apparel,Topwear,Jackets,Blue,Fall,2011,Sports,Nike Women As The Windru Blue Jackets
3919,Men,Apparel,Bottomwear,Track Pants,Black,Summer,2011,Casual,Urban Yoga Men's Yoga Black Track Pant
34282,Women,Apparel,Topwear,Dupatta,Pink,Summer,2012,Ethnic,Fabindia Women Pink Dupatta
15757,Men,Apparel,Innerwear,Innerwear Vests,Blue,Summer,2016,Casual,Facit Men Blue Innerwear Vest
17464,Women,Apparel,Innerwear,Bra,Pink,Summer,2017,Casual,Beyouty Women Zena BR 01 Pink Bra
57186,Women,Apparel,Topwear,Tunics,Pink,Summer,2012,Casual,Elle Women Multi Coloured Tunic
56266,Men,Apparel,Loungewear and Nightwear,Night suits,Grey,Summer,2016,Casual,SDL by Sweet Dreams Men Grey & Black Pyjama Set
53348,Men,Apparel,Innerwear,Boxers,Blue,Summer,2016,Casual,Smugglerz Men Blue and White Check Boxers
3921,Men,Apparel,Bottomwear,Track Pants,Black,Summer,2011,Casual,Urban Yoga Men's Bottom Black Track Pant
40109,Men,Apparel,Bottomwear,Track Pants,Navy Blue,Summer,2012,Casual,ADIDAS Men Navy Blue Track Pants
50995,Women,Apparel,Innerwear,Bra,Pink,Summer,2017,Casual,Enamor Trendies Pink Striped Full-Coverage Bra EB37
51847,Women,Apparel,Innerwear,Bra,Grey,Summer,2016,Casual,Bwitch Grey  Bra
52438,Women,Apparel,Loungewear and Nightwear,Nightdress,Pink,Winter,2015,Casual,Red Rose Pink & White Nightdress
19532,Men,Apparel,Topwear,Sweaters,Red,Summer,2011,Casual,United Colors of Benetton Men Solid Red Sweater
40599,Women,Apparel,Topwear,Kurtis,Brown,Summer,2012,Ethnic,Aurelia Women Brown Kurti
44905,Men,Apparel,Bottomwear,Track Pants,Black,Summer,2012,Casual,Puma Men Black Track Pants
8501,Women,Apparel,Bottomwear,Skirts,Blue,Fall,2011,Casual,Forever New Women Blue Skirt
49626,Women,Apparel,Topwear,Tunics,White,Summer,2012,Casual,Mineral Women White Tunic
7549,Men,Apparel,Bottomwear,Track Pants,Black,Summer,2011,Sports,Nike Men Essenti Black Track Pant
15106,Women,Apparel,Topwear,Kurtis,Green,Fall,2011,Ethnic,Mother Earth Women Stripes Green Kurtis
56261,Men,Apparel,Loungewear and Nightwear,Night suits,Navy Blue,Summer,2016,Casual,SDL by Sweet Dreams Men Navy Blue Pyjama Set
12111,Women,Apparel,Topwear,Kurtis,Cream,Fall,2011,Ethnic,W Women Printed Cream Kurtis
17463,Women,Apparel,Innerwear,Bra,Black,Summer,2017,Casual,Beyouty Women Zena BR 01 Black Bra
57181,Women,Apparel,Topwear,Tunics,Black,Summer,2012,Casual,Elle Women Black Tunic
51612,Women,Apparel,Bottomwear,Leggings,Grey,Summer,2012,Casual,Kraus Jeans Women Grey leggings
15750,Men,Apparel,Innerwear,Innerwear Vests,Navy Blue,Summer,2016,Casual,Facit Men Fitness Ves Navy Blue Innerwear Vests
13453,Women,Apparel,Topwear,Tunics,Blue,Summer,2011,Casual,United Colors of Benetton Women Printed Blue Tunics
22314,Women,Apparel,Topwear,Jackets,Black,Fall,2011,Casual,Wildcraft Women Solid Black Jacket
19955,Men,Apparel,Topwear,Sweaters,Purple,Fall,2011,Casual,United Colors Of Benetton Men Purple Sweater
34271,Women,Apparel,Topwear,Dupatta,Off White,Summer,2012,Ethnic,Fabindia Women Printed Off White & Black Dupatta
18289,Women,Apparel,Topwear,Kurtis,Blue,Fall,2011,Ethnic,Aneri Women Habiba Blue Kurti
27454,Women,Apparel,Innerwear,Bra,Black,Winter,2015,Casual,Jockey Black Full-Coverage Bra 1616
20215,Men,Apparel,Topwear,Sweaters,Blue,Fall,2011,Casual,Wrangler Men Flag Blue Sweater
56295,Women,Apparel,Innerwear,Bra,Purple,Winter,2015,Casual,Biara Women Purple Bra
57347,Women,Apparel,Innerwear,Bra,Brown,Winter,2015,Casual,Amante Brown Full-Coverage Bra BGFM01
27030,Women,Apparel,Bottomwear,Capris,Blue,Summer,2012,Casual,Jealous 21 Women Blue Capris
28078,Men,Apparel,Innerwear,Trunk,White,Summer,2016,Casual,Jockey MC Men White Midway Classic Boxer Trunks 1101
52407,Women,Apparel,Loungewear and Nightwear,Nightdress,Black,Winter,2015,Casual,Red Rose Women Black Nightdress
57188,Women,Apparel,Topwear,Tunics,Lavender,Summer,2012,Casual,Elle Women Lavender Tunic
56268,Men,Apparel,Loungewear and Nightwear,Night suits,Blue,Summer,2016,Casual,SDL by Sweet Dreams Men Blue & Black Pyjama Set
8395,Men,Apparel,Topwear,Sweaters,Grey,Fall,2011,Sports,ADIDAS Men Sf Str Slv Fs Ca Grey Sweaters
43588,Girls,Apparel,Bottomwear,Capris,White,Summer,2012,Casual,Gini and Jony Girls Fixed Weast White Capris
3917,Men,Apparel,Bottomwear,Track Pants,Grey,Summer,2011,Casual,Urban Yoga Men's Yoga Grey Track Pant
15759,Men,Apparel,Innerwear,Innerwear Vests,Red,Summer,2016,Casual,Facit Men Bicep Tee Red Innerwear Vest
39755,Girls,Apparel,Bottomwear,Leggings,Pink,Summer,2012,Casual,Gini Jony Girls Pink Leggings
34278,Women,Apparel,Topwear,Dupatta,Olive,Summer,2012,Ethnic,Fabindia Women Silk Kota Tepchi Olive Dupatta
25904,Women,Apparel,Bottomwear,Leggings,Purple,Summer,2012,Casual,Femella Women Purple Skinny Leggings
14029,Women,Apparel,Bottomwear,Track Pants,Grey,Fall,2011,Sports,Nike Women Solid Grey Track Pants
28071,Men,Apparel,Innerwear,Trunk,White,Winter,2016,Casual,Jockey ELANCE Men Elance White Trunks 1015
15766,Men,Apparel,Innerwear,Innerwear Vests,Charcoal,Summer,2016,Casual,Facit Men Smart Charcoal Innerwear Vest
30613,Women,Apparel,Bottomwear,Capris,Grey,Summer,2012,Sports,Nike Women Trainning Grey Capris
42001,Girls,Apparel,Bottomwear,Capris,Pink,Summer,2012,Casual,Gini and Jony Girls Kinky Pink Capris
22580,Women,Apparel,Topwear,Sweatshirts,Grey,Fall,2011,Sports,Nike Women Grey Sweatshirt
56257,Men,Apparel,Loungewear and Nightwear,Night suits,Black,Summer,2016,Casual,SDL by Sweet Dreams Men Black & Grey Pyjama Set
21137,Women,Apparel,Topwear,Sweaters,Grey,Fall,2011,Casual,s.Oliver Women Stripes Grey Sweater
50968,Women,Apparel,Innerwear,Bra,White,Summer,2017,Casual,Enamor White Lift Bra
20223,Women,Apparel,Topwear,Sweaters,Navy Blue,Fall,2011,Casual,Wrangler Women Scoop Navy Blue Sleeveless Sweater
52431,Women,Apparel,Loungewear and Nightwear,Nightdress,Purple,Winter,2015,Casual,Red Rose Purple & White Nightdress
27462,Women,Apparel,Innerwear,Bra,White,Winter,2015,Casual,Jockey White Balconette Bra 1718
57349,Women,Apparel,Innerwear,Bra,Nude,Winter,2015,Casual,Amante Nude-Coloured Push-Up Bra BGMW01
39336,Boys,Apparel,Bottomwear,Capris,Blue,Summer,2012,Casual,Gini & Jony Boys Blue Shorts
46835,Girls,Apparel,Bottomwear,Capris,Blue,Summer,2012,Casual,Gini and Jony Girls Blue Capri
28076,Men,Apparel,Innerwear,Trunk,Navy Blue,Summer,2016,Casual,Jockey MC Men Navy Blue Midway Classic Trunks 1101
52409,Women,Apparel,Loungewear and Nightwear,Nightdress,Pink,Winter,2015,Casual,Red Rose Women Pink Nightdress
25903,Women,Apparel,Bottomwear,Leggings,Navy Blue,Summer,2012,Casual,Femella Women Navy Blue Skinny Leggings
15598,Men,Apparel,Topwear,Sweatshirts,Black,Fall,2011,Casual,Nike Men Casual Black Sweatshirts
3910,Women,Apparel,Bottomwear,Capris,Green,Summer,2011,Casual,Urban Yoga Women Yoga Green Capri
52099,Women,Apparel,Topwear,Kurtis,White,Summer,2012,Ethnic,Myntra Women White Floral Printed Kurti
40597,Women,Apparel,Topwear,Kurtis,Green,Summer,2012,Ethnic,Aurelia Women Green Kurti
43312,Women,Apparel,Topwear,Sweaters,Blue,Summer,2012,Casual,United Colors of Benetton Women Blue Sweater
19964,Men,Apparel,Topwear,Sweaters,Grey,Fall,2011,Casual,United Colors of Benetton Men Stripes Grey Sweater
7547,Men,Apparel,Bottomwear,Track Pants,Grey,Summer,2011,Sports,Nike Men Essenti Grey Track Pant
52436,Women,Apparel,Loungewear and Nightwear,Nightdress,Red,Summer,2017,Casual,Red Rose Women Red Nightdress
20224,Women,Apparel,Topwear,Sweaters,Purple,Fall,2011,Casual,Wrangler Women Felt Purple Sweater
24442,Men,Apparel,Innerwear,Innerwear Vests,Grey,Summer,2016,Casual,Facit Men Grey Printed Innerwear Vest
26315,Men,Apparel,Bottomwear,Track Pants,Charcoal,Fall,2013,Sports,Proline Men Charcoal Grey Track Pants
18628,Men,Apparel,Topwear,Sweaters,Brown,Fall,2011,Casual,Puma Men Knitted Chocolate Brown Sweaters
56250,Men,Apparel,Loungewear and Nightwear,Night suits,Grey Melange,Summer,2016,Casual,SDL by Sweet Dreams Men Grey Melange Pyjama Set
15761,Men,Apparel,Innerwear,Innerwear Vests,Green,Summer,2016,Casual,Facit Men Hunk Green Innerwear Vest
